2025-07-31 15:13:46 [main] INFO  baseFunction - Setting Chrome broswer....
2025-07-31 15:13:51 [main] INFO  baseFunction - Launching Sun NXT.....
2025-07-31 15:13:58 [main] INFO  baseFunction - Applying implicit wait of 10 seconds.
2025-07-31 15:13:58 [main] INFO  baseFunction - Applying implicit wait of 5 seconds.
2025-07-31 15:13:59 [main] INFO  baseFunction - Applying implicit wait of 10 seconds.
2025-07-31 15:14:05 [main] INFO  baseFunction - Applying implicit wait of 10 seconds.
2025-07-31 17:09:08 [main] INFO  baseFunction - Setting Chrome broswer....
2025-07-31 17:09:10 [main] INFO  baseFunction - Launching Sun NXT.....
2025-07-31 17:09:20 [main] INFO  baseFunction - Applying implicit wait of 10 seconds.
2025-07-31 17:09:20 [main] INFO  baseFunction - Applying implicit wait of 5 seconds.
2025-07-31 17:09:20 [main] INFO  baseFunction - Applying implicit wait of 10 seconds.
2025-07-31 17:09:28 [main] INFO  baseFunction - Applying implicit wait of 10 seconds.
2025-07-31 17:57:34 [main] INFO  baseFunction - Setting Chrome broswer....
2025-07-31 17:57:37 [main] INFO  baseFunction - Launching Sun NXT.....
2025-07-31 17:58:33 [main] INFO  baseFunction - Setting Chrome broswer....
2025-07-31 17:58:36 [main] INFO  baseFunction - Launching Sun NXT.....
2025-07-31 17:58:47 [main] INFO  baseFunction - Applying implicit wait of 10 seconds.
2025-07-31 17:58:47 [main] INFO  baseFunction - Applying implicit wait of 5 seconds.
2025-07-31 17:58:47 [main] INFO  contentLanguageSelection - Tamil Language has been selected
2025-07-31 17:58:47 [main] INFO  contentLanguageSelection - Telugu Language has been selected
2025-07-31 17:58:47 [main] INFO  baseFunction - Applying implicit wait of 10 seconds.
2025-07-31 17:58:55 [main] WARN  HomepageSunnxt - Caught StaleElementReferenceException. Retrying...
2025-07-31 17:58:55 [main] INFO  HomepageSunnxt - Profile icon clicked
2025-07-31 17:58:55 [main] INFO  HomepageSunnxt - Signin button clicked
2025-07-31 17:58:55 [main] INFO  baseFunction - Applying implicit wait of 10 seconds.
2025-07-31 17:59:48 [main] INFO  baseFunction - Setting Chrome broswer....
2025-07-31 17:59:52 [main] INFO  baseFunction - Launching Sun NXT.....
2025-07-31 18:00:01 [main] INFO  baseFunction - Applying implicit wait of 10 seconds.
2025-07-31 18:00:01 [main] INFO  baseFunction - Applying implicit wait of 5 seconds.
2025-07-31 18:00:01 [main] INFO  contentLanguageSelection - Tamil Language has been selected
2025-07-31 18:00:01 [main] INFO  contentLanguageSelection - Telugu Language has been selected
2025-07-31 18:00:01 [main] INFO  baseFunction - Applying implicit wait of 10 seconds.
2025-07-31 18:00:12 [main] WARN  HomepageSunnxt - Caught StaleElementReferenceException. Retrying...
2025-07-31 18:00:12 [main] INFO  HomepageSunnxt - Profile icon clicked
2025-07-31 18:00:12 [main] INFO  HomepageSunnxt - Signin button clicked
2025-07-31 18:00:12 [main] INFO  baseFunction - Applying implicit wait of 10 seconds.
2025-07-31 18:01:03 [main] INFO  HomepageSunnxt - Profile icon clicked
2025-07-31 18:01:03 [main] INFO  HomepageSunnxt - Logout button clicked
2025-08-01 16:33:04 [main] INFO  baseFunction - Setting Chrome broswer....
2025-08-01 16:33:07 [main] INFO  baseFunction - Launching Sun NXT.....
2025-08-01 16:33:16 [main] INFO  baseFunction - Applying implicit wait of 10 seconds.
2025-08-01 16:33:16 [main] INFO  baseFunction - Applying implicit wait of 5 seconds.
2025-08-01 16:33:16 [main] INFO  contentLanguageSelection - Tamil Language has been selected
2025-08-01 16:33:16 [main] INFO  contentLanguageSelection - Telugu Language has been selected
2025-08-01 16:33:16 [main] INFO  baseFunction - Applying implicit wait of 10 seconds.
2025-08-01 16:33:21 [main] WARN  HomepageSunnxt - Caught StaleElementReferenceException. Retrying...
2025-08-01 16:33:21 [main] INFO  HomepageSunnxt - Profile icon clicked
2025-08-01 16:33:21 [main] INFO  HomepageSunnxt - Signin button clicked
2025-08-01 16:33:21 [main] INFO  baseFunction - Applying implicit wait of 10 seconds.
2025-08-01 16:33:21 [main] INFO  BasePage - Wait for 10 seconds
2025-08-01 16:33:23 [main] INFO  LoginPageSunnxt - Email or Mobile Number has been entered
2025-08-01 16:33:23 [main] INFO  LoginPageSunnxt - Password has been entered
2025-08-01 16:33:23 [main] INFO  LoginPageSunnxt - Login button clicked
2025-08-01 16:34:13 [main] INFO  LoginPageSunnxt - User login successful with username: 9841595069
2025-08-01 16:34:13 [main] INFO  HomepageSunnxt - Profile icon clicked
2025-08-01 16:34:13 [main] INFO  HomepageSunnxt - Logout button clicked
2025-08-01 16:37:09 [main] INFO  baseFunction - Setting Chrome broswer....
2025-08-01 16:37:13 [main] INFO  baseFunction - Launching Sun NXT.....
2025-08-01 16:37:25 [main] INFO  baseFunction - Applying implicit wait of 10 seconds.
2025-08-01 16:38:22 [main] INFO  baseFunction - Setting Chrome broswer....
2025-08-01 16:38:25 [main] INFO  baseFunction - Launching Sun NXT.....
2025-08-01 16:38:35 [main] INFO  baseFunction - Applying implicit wait of 10 seconds.
2025-08-01 16:38:35 [main] INFO  contentLanguageSelection - Tamil Language has been selected
2025-08-01 16:38:35 [main] INFO  contentLanguageSelection - Telugu Language has been selected
2025-08-01 16:38:35 [main] INFO  baseFunction - Applying implicit wait of 10 seconds.
2025-08-01 16:38:46 [main] INFO  HomepageSunnxt - Profile icon clicked
2025-08-01 16:38:46 [main] INFO  HomepageSunnxt - Signin button clicked
2025-08-01 16:38:46 [main] INFO  baseFunction - Applying implicit wait of 10 seconds.
2025-08-01 16:38:46 [main] INFO  BasePage - Wait for 10 seconds
2025-08-01 16:38:46 [main] INFO  LoginPageSunnxt - Email or Mobile Number has been entered
2025-08-01 16:38:46 [main] INFO  LoginPageSunnxt - Password has been entered
2025-08-01 16:38:46 [main] INFO  LoginPageSunnxt - Login button clicked
2025-08-01 16:38:56 [main] WARN  LoginPageSunnxt - User not found: User does not exist. Please sign up.
2025-08-01 16:38:56 [main] INFO  LoginPageSunnxt - Redirected to Sign Up page
2025-08-01 16:39:01 [main] INFO  SignupPageSunnxt - User Id - asgkhbkjk24@hotfail.com
2025-08-01 16:39:01 [main] INFO  SignupPageSunnxt - Profile Name - test
2025-08-01 16:39:01 [main] INFO  SignupPageSunnxt - Selected age 18-25 Years
2025-08-01 16:39:02 [main] INFO  SignupPageSunnxt - Gender selection - Male
2025-08-01 16:39:03 [main] INFO  SignupPageSunnxt - India is selected
2025-08-01 16:39:03 [main] INFO  baseFunction - Applying implicit wait of 15 seconds.
2025-08-01 16:39:04 [main] INFO  SignupPageSunnxt - User has been created
2025-08-01 16:43:54 [main] INFO  baseFunction - Setting Chrome broswer....
2025-08-01 16:43:57 [main] INFO  baseFunction - Launching Sun NXT.....
2025-08-01 16:44:04 [main] INFO  contentLanguageSelection - Tamil Language has been selected
2025-08-01 16:44:04 [main] INFO  baseFunction - Applying implicit wait of 10 seconds.
2025-08-01 16:44:15 [main] INFO  HomepageSunnxt - Profile icon clicked
2025-08-01 16:44:15 [main] INFO  HomepageSunnxt - Signin button clicked
2025-08-01 16:44:15 [main] INFO  BasePage - Wait for 10 seconds
2025-08-01 16:44:15 [main] INFO  LoginPageSunnxt - Email or Mobile Number has been entered
2025-08-01 16:44:16 [main] INFO  LoginPageSunnxt - Password has been entered
2025-08-01 16:44:16 [main] INFO  LoginPageSunnxt - Login button clicked
2025-08-01 16:45:06 [main] INFO  LoginPageSunnxt - User login successful with username: 9841595069
2025-08-01 16:45:06 [main] INFO  baseFunction - Applying implicit wait of 30 seconds.
2025-08-01 16:45:30 [main] INFO  HomepageSunnxt - Extracting all carousel elements...
2025-08-01 16:45:30 [main] INFO  HomepageSunnxt - Targeted carousel: Action Reloaded
2025-08-01 16:45:31 [main] INFO  BasePage - Scrolling........
2025-08-01 16:45:36 [main] INFO  BasePage - Scrolling........
2025-08-01 16:45:41 [main] INFO  BasePage - Scrolling........
2025-08-01 16:45:46 [main] INFO  BasePage - Scrolling........
2025-08-01 16:45:51 [main] INFO  BasePage - Scrolling........
2025-08-01 16:46:32 [main] INFO  ContentDetailPageSunnxt - Trying to click the play button...
2025-08-01 16:47:05 [main] INFO  ContentDetailPageSunnxt - Regular play button found, clicking...
2025-08-01 16:53:14 [main] INFO  baseFunction - Setting Chrome broswer....
2025-08-01 16:53:17 [main] INFO  baseFunction - Launching Sun NXT.....
2025-08-01 16:53:27 [main] INFO  contentLanguageSelection - Tamil Language has been selected
2025-08-01 16:53:27 [main] INFO  baseFunction - Applying implicit wait of 10 seconds.
2025-08-01 16:53:35 [main] INFO  HomepageSunnxt - Profile icon clicked
2025-08-01 16:53:35 [main] INFO  HomepageSunnxt - Signin button clicked
2025-08-01 16:53:35 [main] INFO  BasePage - Wait for 10 seconds
2025-08-01 16:53:36 [main] INFO  LoginPageSunnxt - Email or Mobile Number has been entered
2025-08-01 16:53:36 [main] INFO  LoginPageSunnxt - Password has been entered
2025-08-01 16:53:36 [main] INFO  LoginPageSunnxt - Login button clicked
2025-08-01 16:54:26 [main] INFO  LoginPageSunnxt - User login successful with username: 9841595069
2025-08-01 16:54:26 [main] INFO  baseFunction - Applying implicit wait of 30 seconds.
2025-08-01 16:54:50 [main] INFO  HomepageSunnxt - Extracting all carousel elements...
2025-08-01 16:54:50 [main] INFO  HomepageSunnxt - Targeted carousel: Trending TV Shows
2025-08-01 16:54:51 [main] INFO  BasePage - Scrolling........
2025-08-01 16:55:32 [main] INFO  ContentDetailPageSunnxt - Trying to click the play button...
2025-08-01 16:56:05 [main] INFO  ContentDetailPageSunnxt - Regular play button found, clicking...
2025-08-06 16:53:33 [main] INFO  baseFunction - Web Driver initiated. Launching Chrome Browser
2025-08-06 16:53:33 [main] INFO  baseFunction - Launching Sun NXT.....
2025-08-06 16:53:43 [main] INFO  TC_ContentPlaybackMovie - Starting playback testing for Movies Section
2025-08-06 16:53:43 [main] INFO  contentLanguageSelection - Tamil Language has been selected
2025-08-06 16:53:50 [main] INFO  HomepageSunnxt - Profile icon clicked
2025-08-06 16:53:50 [main] INFO  HomepageSunnxt - Signin button clicked
2025-08-06 16:53:51 [main] INFO  LoginPageSunnxt - Email or Mobile Number has been entered
2025-08-06 16:53:51 [main] INFO  LoginPageSunnxt - Password has been entered
2025-08-06 16:53:51 [main] INFO  LoginPageSunnxt - Login button clicked
2025-08-06 16:54:42 [main] INFO  LoginPageSunnxt - User login successful with username: 9841595069
2025-08-06 16:55:06 [main] INFO  HomepageSunnxt - Extracting all carousel elements...
2025-08-06 16:55:06 [main] INFO  HomepageSunnxt - Targeted carousel: Latest Movies
2025-08-06 16:55:07 [main] INFO  BasePage - Scrolling........
2025-08-06 16:55:12 [main] INFO  BasePage - Scrolling........
2025-08-06 16:55:17 [main] INFO  BasePage - Scrolling........
2025-08-06 16:55:58 [main] INFO  ContentDetailPageSunnxt - Trying to click the play button...
2025-08-06 16:56:32 [main] INFO  ContentDetailPageSunnxt - Regular play button found, clicking...
2025-08-06 16:56:36 [main] INFO  baseFunction - Web Driver initiated. Launching Chrome Browser
2025-08-06 16:56:36 [main] INFO  baseFunction - Launching Sun NXT.....
2025-08-06 16:56:43 [main] INFO  TC_ContentPlaybackShorts - Starting playback testing for Shorts Section
2025-08-06 16:56:44 [main] INFO  contentLanguageSelection - All languages have been selected
2025-08-06 16:56:50 [main] INFO  HomepageSunnxt - Profile icon clicked
2025-08-06 16:56:51 [main] INFO  HomepageSunnxt - Signin button clicked
2025-08-06 16:56:51 [main] INFO  LoginPageSunnxt - Email or Mobile Number has been entered
2025-08-06 16:56:51 [main] INFO  LoginPageSunnxt - Password has been entered
2025-08-06 16:56:51 [main] INFO  LoginPageSunnxt - Login button clicked
2025-08-06 16:57:41 [main] INFO  LoginPageSunnxt - User login successful with username: 9841595069
2025-08-06 16:58:05 [main] INFO  HomepageSunnxt - Extracting all carousel elements...
2025-08-06 16:58:06 [main] INFO  HomepageSunnxt - Targeted carousel: Trending Creators
2025-08-06 16:58:06 [main] INFO  BasePage - Scrolling........
2025-08-06 16:58:11 [main] INFO  BasePage - Scrolling........
2025-08-06 16:58:16 [main] INFO  BasePage - Scrolling........
2025-08-06 16:58:21 [main] INFO  BasePage - Scrolling........
2025-08-06 16:58:26 [main] INFO  BasePage - Scrolling........
2025-08-06 16:58:37 [main] INFO  BasePage - Scrolling........
2025-08-06 16:58:42 [main] INFO  BasePage - Scrolling........
2025-08-06 16:58:47 [main] INFO  BasePage - Scrolling........
2025-08-06 16:59:28 [main] INFO  BasePage - Targeted Content - Up Close with Majestic Big Cats 
2025-08-06 16:59:28 [main] INFO  ContentDetailPageSunnxt - Trying to click the play button...
2025-08-06 17:00:02 [main] INFO  ContentDetailPageSunnxt - Regular play button found, clicking...
2025-08-06 17:00:07 [main] INFO  baseFunction - Web Driver initiated. Launching Chrome Browser
2025-08-06 17:00:07 [main] INFO  baseFunction - Launching Sun NXT.....
2025-08-06 17:00:18 [main] INFO  TC_Login - Starting Login Test.......
2025-08-06 17:00:18 [main] INFO  contentLanguageSelection - Tamil Language has been selected
2025-08-06 17:00:18 [main] INFO  contentLanguageSelection - Telugu Language has been selected
2025-08-06 17:00:27 [main] WARN  HomepageSunnxt - Caught StaleElementReferenceException. Retrying...
2025-08-06 17:00:27 [main] INFO  HomepageSunnxt - Profile icon clicked
2025-08-06 17:00:27 [main] INFO  HomepageSunnxt - Signin button clicked
2025-08-06 17:00:27 [main] INFO  LoginPageSunnxt - Email or Mobile Number has been entered
2025-08-06 17:00:27 [main] INFO  LoginPageSunnxt - Password has been entered
2025-08-06 17:00:28 [main] INFO  LoginPageSunnxt - Login button clicked
2025-08-06 17:01:18 [main] INFO  LoginPageSunnxt - User login successful with username: 9841595069
2025-08-06 17:01:18 [main] INFO  HomepageSunnxt - Profile icon clicked
2025-08-06 17:01:18 [main] INFO  HomepageSunnxt - Logout button clicked
2025-08-06 17:01:22 [main] INFO  baseFunction - Web Driver initiated. Launching Chrome Browser
2025-08-06 17:01:22 [main] INFO  baseFunction - Launching Sun NXT.....
2025-08-06 17:01:31 [main] INFO  TC_ContentPlaybackHome - Starting playback testing for Home Section
2025-08-06 17:01:31 [main] INFO  contentLanguageSelection - Tamil Language has been selected
2025-08-06 17:01:41 [main] INFO  HomepageSunnxt - Profile icon clicked
2025-08-06 17:01:42 [main] INFO  HomepageSunnxt - Signin button clicked
2025-08-06 17:01:42 [main] INFO  LoginPageSunnxt - Email or Mobile Number has been entered
2025-08-06 17:01:42 [main] INFO  LoginPageSunnxt - Password has been entered
2025-08-06 17:01:42 [main] INFO  LoginPageSunnxt - Login button clicked
2025-08-06 17:02:32 [main] INFO  LoginPageSunnxt - User login successful with username: 9841595069
2025-08-06 17:02:56 [main] INFO  HomepageSunnxt - Extracting all carousel elements...
2025-08-06 17:02:57 [main] INFO  HomepageSunnxt - Targeted carousel: Courtroom Hits
2025-08-06 17:02:57 [main] INFO  BasePage - Scrolling........
2025-08-06 17:03:02 [main] INFO  BasePage - Scrolling........
2025-08-06 17:03:08 [main] INFO  BasePage - Scrolling........
2025-08-06 17:03:13 [main] INFO  BasePage - Scrolling........
2025-08-06 17:03:18 [main] INFO  BasePage - Scrolling........
2025-08-06 17:03:59 [main] INFO  ContentDetailPageSunnxt - Trying to click the play button...
2025-08-06 17:04:32 [main] INFO  ContentDetailPageSunnxt - Regular play button found, clicking...
2025-08-06 17:04:40 [main] INFO  baseFunction - Web Driver initiated. Launching Chrome Browser
2025-08-06 17:04:40 [main] INFO  baseFunction - Launching Sun NXT.....
2025-08-06 17:05:00 [main] INFO  TC_ContentPlaybackComedies - Starting playback testing for Comedies Section
2025-08-06 17:05:01 [main] INFO  contentLanguageSelection - Tamil Language has been selected
2025-08-06 17:05:13 [main] INFO  HomepageSunnxt - Profile icon clicked
2025-08-06 17:05:13 [main] INFO  HomepageSunnxt - Signin button clicked
2025-08-06 17:05:13 [main] INFO  LoginPageSunnxt - Email or Mobile Number has been entered
2025-08-06 17:05:13 [main] INFO  LoginPageSunnxt - Password has been entered
2025-08-06 17:05:13 [main] INFO  LoginPageSunnxt - Login button clicked
2025-08-06 17:06:03 [main] INFO  LoginPageSunnxt - User login successful with username: 9841595069
2025-08-06 17:06:27 [main] INFO  HomepageSunnxt - Extracting all carousel elements...
2025-08-06 17:06:27 [main] INFO  HomepageSunnxt - Targeted carousel: Star Comedies
2025-08-06 17:06:28 [main] INFO  BasePage - Scrolling........
2025-08-06 17:06:33 [main] INFO  BasePage - Scrolling........
2025-08-06 17:06:38 [main] INFO  BasePage - Scrolling........
2025-08-06 17:06:43 [main] INFO  BasePage - Scrolling........
2025-08-06 17:06:49 [main] INFO  BasePage - Scrolling........
2025-08-06 17:07:00 [main] INFO  BasePage - Scrolling........
2025-08-06 17:07:05 [main] INFO  BasePage - Scrolling........
2025-08-06 17:07:10 [main] INFO  BasePage - Scrolling........
2025-08-06 17:07:15 [main] INFO  BasePage - Scrolling........
2025-08-06 17:07:20 [main] INFO  BasePage - Scrolling........
2025-08-06 17:08:01 [main] INFO  ContentDetailPageSunnxt - Trying to click the play button...
2025-08-06 17:08:34 [main] INFO  ContentDetailPageSunnxt - Regular play button found, clicking...
2025-08-06 17:08:40 [main] INFO  baseFunction - Web Driver initiated. Launching Chrome Browser
2025-08-06 17:08:40 [main] INFO  baseFunction - Launching Sun NXT.....
2025-08-06 17:08:54 [main] INFO  TC_ContentPlaybackTVShows - Starting playback testing for TV Shows Section
2025-08-06 17:08:54 [main] INFO  contentLanguageSelection - Tamil Language has been selected
2025-08-06 17:09:08 [main] INFO  HomepageSunnxt - Profile icon clicked
2025-08-06 17:09:08 [main] INFO  HomepageSunnxt - Signin button clicked
2025-08-06 17:09:17 [main] INFO  LoginPageSunnxt - Email or Mobile Number has been entered
2025-08-06 17:09:17 [main] INFO  LoginPageSunnxt - Password has been entered
2025-08-06 17:09:17 [main] INFO  LoginPageSunnxt - Login button clicked
2025-08-06 17:10:07 [main] INFO  LoginPageSunnxt - User login successful with username: 9841595069
2025-08-06 17:10:31 [main] INFO  HomepageSunnxt - Extracting all carousel elements...
2025-08-06 17:10:32 [main] INFO  HomepageSunnxt - Targeted carousel: Punitha
2025-08-06 17:10:32 [main] INFO  BasePage - Scrolling........
2025-08-06 17:11:13 [main] INFO  ContentDetailPageSunnxt - Trying to click the play button...
2025-08-06 17:11:46 [main] INFO  ContentDetailPageSunnxt - Regular play button found, clicking...
2025-08-06 17:11:58 [main] INFO  baseFunction - Web Driver initiated. Launching Chrome Browser
2025-08-06 17:11:58 [main] INFO  baseFunction - Launching Sun NXT.....
2025-08-06 17:12:18 [main] INFO  TC_ContentPlaybackLiveTV - Starting playback testing for Live TV
2025-08-06 17:12:18 [main] INFO  contentLanguageSelection - Tamil Language has been selected
2025-08-06 17:12:29 [main] INFO  HomepageSunnxt - Profile icon clicked
2025-08-06 17:12:29 [main] INFO  HomepageSunnxt - Signin button clicked
2025-08-06 17:12:30 [main] INFO  LoginPageSunnxt - Email or Mobile Number has been entered
2025-08-06 17:12:30 [main] INFO  LoginPageSunnxt - Password has been entered
2025-08-06 17:12:30 [main] INFO  LoginPageSunnxt - Login button clicked
2025-08-06 17:13:20 [main] INFO  LoginPageSunnxt - User login successful with username: 9841595069
2025-08-06 17:13:21 [main] INFO  LiveTVPageSunnxt - Targeted carousel name: English
2025-08-06 17:13:22 [main] INFO  LiveTVPageSunnxt - Targeted channel name: News9
2025-08-06 17:13:22 [main] INFO  ContentDetailPageSunnxt - Trying to click the play button...
2025-08-06 17:13:25 [main] INFO  ContentDetailPageSunnxt - Live TV play button found, clicking...
2025-08-06 17:13:32 [main] INFO  baseFunction - Web Driver initiated. Launching Chrome Browser
2025-08-06 17:13:32 [main] INFO  baseFunction - Launching Sun NXT.....
2025-08-06 17:13:46 [main] INFO  contentLanguageSelection - Tamil Language has been selected
2025-08-06 17:13:47 [main] INFO  contentLanguageSelection - Telugu Language has been selected
2025-08-06 17:14:15 [main] INFO  HomepageSunnxt - Profile icon clicked
2025-08-06 17:14:16 [main] INFO  HomepageSunnxt - Signin button clicked
2025-08-06 17:14:16 [main] DEBUG baseFunction - Generated random email: asgkhbkjk38@hotfail.com
2025-08-06 17:14:17 [main] INFO  LoginPageSunnxt - Email or Mobile Number has been entered
2025-08-06 17:14:17 [main] INFO  LoginPageSunnxt - Password has been entered
2025-08-06 17:14:17 [main] INFO  LoginPageSunnxt - Login button clicked
2025-08-06 17:15:08 [main] INFO  LoginPageSunnxt - User login successful with username: asgkhbkjk38@hotfail.com
2025-08-06 17:15:24 [main] INFO  baseFunction - Web Driver initiated. Launching Chrome Browser
2025-08-06 17:15:24 [main] INFO  baseFunction - Launching Sun NXT.....
2025-08-06 17:15:34 [main] INFO  TC_ContentPlaybackMusicVideos - Starting playback testing for Music Videos Section
2025-08-06 17:15:34 [main] INFO  contentLanguageSelection - Tamil Language has been selected
2025-08-06 17:15:34 [main] INFO  contentLanguageSelection - Telugu Language has been selected
2025-08-06 17:15:34 [main] INFO  contentLanguageSelection - Malayalam Language has been selected
2025-08-06 17:15:46 [main] INFO  HomepageSunnxt - Profile icon clicked
2025-08-06 17:15:46 [main] INFO  HomepageSunnxt - Signin button clicked
2025-08-06 17:15:46 [main] INFO  LoginPageSunnxt - Email or Mobile Number has been entered
2025-08-06 17:15:47 [main] INFO  LoginPageSunnxt - Password has been entered
2025-08-06 17:15:47 [main] INFO  LoginPageSunnxt - Login button clicked
2025-08-06 17:16:37 [main] INFO  LoginPageSunnxt - User login successful with username: 9841595069
2025-08-06 17:17:01 [main] INFO  HomepageSunnxt - Extracting all carousel elements...
2025-08-06 17:17:01 [main] INFO  HomepageSunnxt - Targeted carousel: POPULAR TITLE SONGS
2025-08-06 17:17:02 [main] INFO  BasePage - Scrolling........
2025-08-06 17:17:07 [main] INFO  BasePage - Scrolling........
2025-08-06 17:17:12 [main] INFO  BasePage - Scrolling........
2025-08-06 17:17:17 [main] INFO  BasePage - Scrolling........
2025-08-06 17:17:22 [main] INFO  BasePage - Scrolling........
2025-08-06 17:17:43 [main] INFO  ContentDetailPageSunnxt - Trying to click the play button...
2025-08-06 17:17:56 [main] INFO  ContentDetailPageSunnxt - Regular play button found, clicking...
2025-08-07 10:31:03 [main] INFO  baseFunction - Web Driver initiated. Launching Chrome Browser
2025-08-07 10:31:03 [main] INFO  baseFunction - Launching Sun NXT.....
2025-08-07 10:31:17 [main] INFO  TC_Login - Starting Login Test.......
2025-08-07 10:31:17 [main] INFO  contentLanguageSelection - Tamil Language has been selected
2025-08-07 10:31:17 [main] INFO  contentLanguageSelection - Telugu Language has been selected
2025-08-07 10:31:25 [main] INFO  HomepageSunnxt - Profile icon clicked
2025-08-07 10:31:25 [main] INFO  HomepageSunnxt - Signin button clicked
2025-08-07 10:31:26 [main] INFO  LoginPageSunnxt - Email or Mobile Number has been entered
2025-08-07 10:31:27 [main] INFO  LoginPageSunnxt - Password has been entered
2025-08-07 10:31:27 [main] INFO  LoginPageSunnxt - Login button clicked
2025-08-07 10:32:18 [main] INFO  LoginPageSunnxt - User login successful with username: 9841595069
2025-08-07 10:32:18 [main] INFO  HomepageSunnxt - Profile icon clicked
2025-08-07 10:32:18 [main] INFO  HomepageSunnxt - Logout button clicked
2025-08-07 11:14:54 [main] INFO  baseFunction - Web Driver initiated. Launching Chrome Browser
2025-08-07 11:14:54 [main] INFO  baseFunction - Launching Sun NXT.....
2025-08-07 11:15:03 [main] INFO  TC_Login - Starting Login Test.......
2025-08-07 11:15:03 [main] INFO  contentLanguageSelection - Tamil Language has been selected
2025-08-07 11:15:03 [main] INFO  contentLanguageSelection - Telugu Language has been selected
2025-08-07 11:15:08 [main] INFO  HomepageSunnxt - Profile icon clicked
2025-08-07 11:15:08 [main] INFO  HomepageSunnxt - Signin button clicked
2025-08-07 11:15:09 [main] INFO  LoginPageSunnxt - Email or Mobile Number has been entered
2025-08-07 11:15:09 [main] INFO  LoginPageSunnxt - Password has been entered
2025-08-07 11:15:09 [main] INFO  LoginPageSunnxt - Login button clicked
2025-08-07 11:16:00 [main] INFO  LoginPageSunnxt - User login successful with username: 9841595069
2025-08-07 11:16:00 [main] INFO  HomepageSunnxt - Profile icon clicked
2025-08-07 11:16:00 [main] INFO  HomepageSunnxt - Logout button clicked
2025-08-07 11:16:00 [main] INFO  TC_Login - Login successful
2025-08-07 11:43:54 [main] INFO  baseFunction - Web Driver initiated. Launching Chrome Browser
2025-08-07 11:43:54 [main] INFO  baseFunction - Launching Sun NXT.....
2025-08-07 11:44:03 [main] INFO  contentLanguageSelection - Tamil Language has been selected
2025-08-07 11:44:03 [main] INFO  contentLanguageSelection - Telugu Language has been selected
2025-08-07 11:44:13 [main] INFO  HomepageSunnxt - Profile icon clicked
2025-08-07 11:44:13 [main] INFO  HomepageSunnxt - Signin button clicked
2025-08-07 11:44:13 [main] INFO  LoginPageSunnxt - Email or Mobile Number has been entered
2025-08-07 11:44:13 [main] INFO  LoginPageSunnxt - Password has been entered
2025-08-07 11:44:14 [main] INFO  LoginPageSunnxt - Login button clicked
2025-08-07 11:45:04 [main] INFO  LoginPageSunnxt - User login successful with username: 9841595069
2025-08-07 11:45:04 [main] INFO  HomepageSunnxt - Profile icon clicked
2025-08-07 11:45:04 [main] INFO  HomepageSunnxt - Logout button clicked
2025-08-13 17:32:16 [main] INFO  baseFunction - Web Driver initiated. Launching Chrome Browser
2025-08-13 17:32:16 [main] INFO  baseFunction - Launching Sun NXT.....
2025-08-13 17:32:22 [main] INFO  TC_ContentPlaybackHome - Starting playback testing for Home Section
2025-08-13 17:32:22 [main] INFO  contentLanguageSelection - Tamil Language has been selected
2025-08-13 17:32:22 [main] INFO  baseFunction - Applying implicit wait of 10 seconds.
2025-08-13 17:32:28 [main] INFO  HomepageSunnxt - Profile icon clicked
2025-08-13 17:32:28 [main] INFO  HomepageSunnxt - Signin button clicked
2025-08-13 17:32:29 [main] INFO  LoginPageSunnxt - Email or Mobile Number has been entered
2025-08-13 17:32:29 [main] INFO  LoginPageSunnxt - Password has been entered
2025-08-13 17:32:29 [main] INFO  LoginPageSunnxt - Login button clicked
2025-08-13 17:33:20 [main] INFO  LoginPageSunnxt - User login successful with username: 9841595069
2025-08-13 17:33:20 [main] INFO  baseFunction - Applying implicit wait of 30 seconds.
2025-08-13 17:33:43 [main] INFO  HomepageSunnxt - Extracting all carousel elements...
2025-08-13 17:33:44 [main] INFO  HomepageSunnxt - Targeted carousel: Box Office Sensation
2025-08-13 17:33:44 [main] INFO  BasePage - Scrolling........
2025-08-13 17:33:49 [main] INFO  BasePage - Scrolling........
2025-08-13 17:33:54 [main] INFO  BasePage - Scrolling........
2025-08-13 17:33:59 [main] INFO  BasePage - Scrolling........
2025-08-13 17:34:04 [main] INFO  BasePage - Scrolling........
2025-08-13 17:34:46 [main] INFO  ContentDetailPageSunnxt - Trying to click the play button...
2025-08-13 17:35:19 [main] INFO  ContentDetailPageSunnxt - Regular play button found, clicking...
2025-08-14 09:58:01 [main] INFO  baseFunction - Web Driver initiated. Launching Chrome Browser
2025-08-14 09:58:01 [main] INFO  baseFunction - Launching Sun NXT.....
2025-08-14 09:58:27 [main] INFO  baseFunction - Applying implicit wait of 10 seconds.
2025-08-14 09:58:27 [main] INFO  baseFunction - Applying implicit wait of 5 seconds.
2025-08-14 09:58:27 [main] INFO  contentLanguageSelection - Tamil Language has been selected
2025-08-14 09:58:27 [main] INFO  contentLanguageSelection - Telugu Language has been selected
2025-08-14 09:58:27 [main] INFO  baseFunction - Applying implicit wait of 10 seconds.
2025-08-14 09:58:37 [main] INFO  HomepageSunnxt - Profile icon clicked
2025-08-14 09:58:37 [main] INFO  HomepageSunnxt - Signin button clicked
2025-08-14 09:58:37 [main] INFO  baseFunction - Applying implicit wait of 10 seconds.
2025-08-14 09:58:38 [main] INFO  LoginPageSunnxt - Email or Mobile Number has been entered
2025-08-14 09:58:38 [main] INFO  LoginPageSunnxt - Password has been entered
2025-08-14 09:58:39 [main] INFO  LoginPageSunnxt - Login button clicked
2025-08-14 09:59:29 [main] INFO  LoginPageSunnxt - User login successful with username: 9841595069
2025-08-14 09:59:29 [main] INFO  HomepageSunnxt - Profile icon clicked
2025-08-14 09:59:29 [main] INFO  HomepageSunnxt - Logout button clicked
2025-08-26 14:57:28 [main] INFO  baseFunction - Web Driver initiated. Launching Chrome Browser
2025-08-26 14:57:29 [main] INFO  baseFunction - Launching Sun NXT.....
2025-08-26 14:57:35 [main] INFO  TC_ContentPlaybackHome - Starting playback testing for Home Section
2025-08-26 14:57:36 [main] INFO  contentLanguageSelection - Tamil Language has been selected
2025-08-26 14:57:36 [main] INFO  baseFunction - Applying implicit wait of 10 seconds.
2025-08-26 14:57:46 [main] INFO  HomepageSunnxt - Profile icon clicked
2025-08-26 14:57:46 [main] INFO  HomepageSunnxt - Signin button clicked
2025-08-26 14:57:47 [main] INFO  LoginPageSunnxt - Email or Mobile Number has been entered
2025-08-26 14:57:47 [main] INFO  LoginPageSunnxt - Password has been entered
2025-08-26 14:57:47 [main] INFO  LoginPageSunnxt - Login button clicked
2025-08-26 14:58:37 [main] INFO  LoginPageSunnxt - User login successful with username: 9841595069
2025-08-26 15:09:04 [main] INFO  baseFunction - Web Driver initiated. Launching Chrome Browser
2025-08-26 15:09:04 [main] INFO  baseFunction - Launching Sun NXT.....
2025-08-26 15:09:15 [main] INFO  TC_ContentPlaybackHome - Starting playback testing for Home Section
2025-08-26 15:09:15 [main] INFO  contentLanguageSelection - Tamil Language has been selected
2025-08-26 15:09:15 [main] INFO  baseFunction - Applying implicit wait of 10 seconds.
2025-08-26 15:09:32 [main] INFO  HomepageSunnxt - Profile icon clicked
2025-08-26 15:09:33 [main] INFO  HomepageSunnxt - Signin button clicked
2025-08-26 15:09:34 [main] INFO  LoginPageSunnxt - Email or Mobile Number has been entered
2025-08-26 15:09:34 [main] INFO  LoginPageSunnxt - Password has been entered
2025-08-26 15:09:34 [main] INFO  LoginPageSunnxt - Login button clicked
2025-08-26 15:10:24 [main] INFO  LoginPageSunnxt - User login successful with username: 9841595069
2025-08-26 15:20:05 [main] INFO  baseFunction - Web Driver initiated. Launching Chrome Browser
2025-08-26 15:20:05 [main] INFO  baseFunction - Launching Sun NXT.....
2025-08-26 15:20:27 [main] INFO  TC_ContentPlaybackHome - Starting playback testing for Home Section
2025-08-26 15:20:28 [main] INFO  contentLanguageSelection - Tamil Language has been selected
2025-08-26 15:20:28 [main] INFO  baseFunction - Applying implicit wait of 10 seconds.
2025-08-26 15:20:44 [main] INFO  HomepageSunnxt - Profile icon clicked
2025-08-26 15:20:44 [main] INFO  HomepageSunnxt - Signin button clicked
2025-08-26 15:20:44 [main] INFO  LoginPageSunnxt - Email or Mobile Number has been entered
2025-08-26 15:20:44 [main] INFO  LoginPageSunnxt - Password has been entered
2025-08-26 15:20:44 [main] INFO  LoginPageSunnxt - Login button clicked
2025-08-26 15:20:54 [main] INFO  BasePage - Loader disappeared → login flow completed
2025-08-26 15:21:45 [main] INFO  LoginPageSunnxt - User login successful with username: 9841595069
2025-08-26 15:23:43 [main] INFO  baseFunction - Web Driver initiated. Launching Chrome Browser
2025-08-26 15:23:43 [main] INFO  baseFunction - Launching Sun NXT.....
2025-08-26 15:23:55 [main] INFO  TC_ContentPlaybackHome - Starting playback testing for Home Section
2025-08-26 15:23:55 [main] INFO  contentLanguageSelection - Tamil Language has been selected
2025-08-26 15:23:55 [main] INFO  baseFunction - Applying implicit wait of 10 seconds.
2025-08-26 15:24:06 [main] INFO  HomepageSunnxt - Profile icon clicked
2025-08-26 15:24:06 [main] INFO  HomepageSunnxt - Signin button clicked
2025-08-26 15:24:06 [main] INFO  LoginPageSunnxt - Email or Mobile Number has been entered
2025-08-26 15:24:06 [main] INFO  LoginPageSunnxt - Password has been entered
2025-08-26 15:24:07 [main] INFO  LoginPageSunnxt - Login button clicked
2025-08-26 15:24:17 [main] INFO  BasePage - Loader disappeared → login flow completed
2025-08-26 15:25:07 [main] INFO  LoginPageSunnxt - User login successful with username: 9841595069
2025-08-26 15:29:22 [main] INFO  baseFunction - Web Driver initiated. Launching Chrome Browser
2025-08-26 15:29:22 [main] INFO  baseFunction - Launching Sun NXT.....
2025-08-26 15:29:35 [main] INFO  TC_ContentPlaybackHome - Starting playback testing for Home Section
2025-08-26 15:29:35 [main] INFO  contentLanguageSelection - Tamil Language has been selected
2025-08-26 15:29:36 [main] INFO  baseFunction - Applying implicit wait of 10 seconds.
2025-08-26 15:29:45 [main] WARN  HomepageSunnxt - Caught StaleElementReferenceException. Retrying...
2025-08-26 15:29:45 [main] INFO  HomepageSunnxt - Profile icon clicked
2025-08-26 15:29:45 [main] INFO  HomepageSunnxt - Signin button clicked
2025-08-26 15:29:45 [main] INFO  LoginPageSunnxt - Email or Mobile Number has been entered
2025-08-26 15:29:45 [main] INFO  LoginPageSunnxt - Password has been entered
2025-08-26 15:29:46 [main] INFO  LoginPageSunnxt - Login button clicked
2025-08-26 15:29:56 [main] INFO  BasePage - Loader disappeared → login flow completed
2025-08-26 15:30:46 [main] INFO  LoginPageSunnxt - User login successful with username: 9841595069
2025-08-26 15:33:38 [main] INFO  baseFunction - Web Driver initiated. Launching Chrome Browser
2025-08-26 15:33:38 [main] INFO  baseFunction - Launching Sun NXT.....
2025-08-26 15:33:54 [main] INFO  TC_ContentPlaybackHome - Starting playback testing for Home Section
2025-08-26 15:33:54 [main] INFO  contentLanguageSelection - Tamil Language has been selected
2025-08-26 15:33:55 [main] INFO  baseFunction - Applying implicit wait of 10 seconds.
2025-08-26 15:34:03 [main] INFO  HomepageSunnxt - Profile icon clicked
2025-08-26 15:34:03 [main] INFO  HomepageSunnxt - Signin button clicked
2025-08-26 15:34:04 [main] INFO  LoginPageSunnxt - Email or Mobile Number has been entered
2025-08-26 15:34:04 [main] INFO  LoginPageSunnxt - Password has been entered
2025-08-26 15:34:04 [main] INFO  LoginPageSunnxt - Login button clicked
2025-08-26 15:34:14 [main] INFO  BasePage - Loader disappeared → login flow completed
2025-08-26 15:35:04 [main] INFO  LoginPageSunnxt - User login successful with username: 9841595069
2025-08-26 15:35:04 [main] INFO  baseFunction - User login successful
2025-08-26 15:35:27 [main] INFO  HomepageSunnxt - Extracting all carousel elements...
2025-08-26 15:35:27 [main] INFO  HomepageSunnxt - Targeted carousel: Explore By Language
2025-08-26 15:35:28 [main] INFO  BasePage - Scrolling........
2025-08-26 15:45:22 [main] INFO  baseFunction - Web Driver initiated. Launching Chrome Browser
2025-08-26 15:45:22 [main] INFO  baseFunction - Launching Sun NXT.....
2025-08-26 15:45:30 [main] INFO  TC_ContentPlaybackHome - Starting playback testing for Home Section
2025-08-26 15:45:30 [main] INFO  contentLanguageSelection - Tamil Language has been selected
2025-08-26 15:45:31 [main] INFO  baseFunction - Applying implicit wait of 10 seconds.
2025-08-26 15:45:38 [main] INFO  HomepageSunnxt - Profile icon clicked
2025-08-26 15:45:38 [main] INFO  HomepageSunnxt - Signin button clicked
2025-08-26 15:45:38 [main] INFO  LoginPageSunnxt - Email or Mobile Number has been entered
2025-08-26 15:45:38 [main] INFO  LoginPageSunnxt - Password has been entered
2025-08-26 15:45:38 [main] INFO  LoginPageSunnxt - Login button clicked
2025-08-26 15:45:48 [main] INFO  BasePage - Loader disappeared → login flow completed
2025-08-26 15:46:22 [main] ERROR LoginPageSunnxt - Exception during login validation: 
org.openqa.selenium.remote.UnreachableBrowserException: Error communicating with the remote browser. It may have died.
Build info: version: '4.29.0', revision: '5fc1ec94cb'
System info: os.name: 'Windows 11', os.arch: 'amd64', os.version: '10.0', java.version: '23.0.1'
Driver info: org.openqa.selenium.chrome.ChromeDriver
Command: [b7ac24c6590bc38f83b1cce8ea6ecf48, findElement [using, value]]
Capabilities {acceptInsecureCerts: false, browserName: chrome, browserVersion: 139.0.7258.139, chrome: {chromedriverVersion: 139.0.7258.138 (884e54ea8d4..., userDataDir: C:\Users\ARUNAC~1.D\AppData...}, fedcm:accounts: true, goog:chromeOptions: {debuggerAddress: localhost:59491}, networkConnectionEnabled: false, pageLoadStrategy: normal, platformName: windows, proxy: Proxy(), se:cdp: ws://localhost:59491/devtoo..., se:cdpVersion: 139.0.7258.139, setWindowRect: true, strictFileInteractability: false, timeouts: {implicit: 0, pageLoad: 300000, script: 30000}, unhandledPromptBehavior: dismiss and notify, webauthn:extension:credBlob: true, webauthn:extension:largeBlob: true, webauthn:extension:minPinLength: true, webauthn:extension:prf: true, webauthn:virtualAuthenticators: true}
Session ID: b7ac24c6590bc38f83b1cce8ea6ecf48
	at org.openqa.selenium.remote.RemoteWebDriver.execute(RemoteWebDriver.java:572) ~[selenium-remote-driver-4.29.0.jar:?]
	at org.openqa.selenium.remote.ElementLocation$ElementFinder$2.findElement(ElementLocation.java:165) ~[selenium-remote-driver-4.29.0.jar:?]
	at org.openqa.selenium.remote.ElementLocation.findElement(ElementLocation.java:59) ~[selenium-remote-driver-4.29.0.jar:?]
	at org.openqa.selenium.remote.RemoteWebDriver.findElement(RemoteWebDriver.java:368) ~[selenium-remote-driver-4.29.0.jar:?]
	at org.openqa.selenium.remote.RemoteWebDriver.findElement(RemoteWebDriver.java:362) ~[selenium-remote-driver-4.29.0.jar:?]
	at org.openqa.selenium.support.pagefactory.DefaultElementLocator.findElement(DefaultElementLocator.java:68) ~[selenium-support-4.29.0.jar:?]
	at org.openqa.selenium.support.pagefactory.internal.LocatingElementHandler.invoke(LocatingElementHandler.java:38) ~[selenium-support-4.29.0.jar:?]
	at jdk.proxy2/jdk.proxy2.$Proxy29.isDisplayed(Unknown Source) ~[?:?]
	at utility.BasePage.isElementPresent(BasePage.java:126) ~[classes/:?]
	at sunnxtPages.LoginPageSunnxt.userDetail(LoginPageSunnxt.java:74) ~[classes/:?]
	at premiumUserContentPlayback.TC_ContentPlaybackHome.contentPlayBackCheckTest(TC_ContentPlaybackHome.java:40) ~[test-classes/:?]
	at java.base/jdk.internal.reflect.DirectMethodHandleAccessor.invoke(DirectMethodHandleAccessor.java:103) ~[?:?]
	at java.base/java.lang.reflect.Method.invoke(Method.java:580) ~[?:?]
	at org.testng.internal.invokers.MethodInvocationHelper.invokeMethod(MethodInvocationHelper.java:141) ~[org.testng_7.10.1.r202404130807.jar:7.10.1]
	at org.testng.internal.invokers.TestInvoker.invokeMethod(TestInvoker.java:686) ~[org.testng_7.10.1.r202404130807.jar:7.10.1]
	at org.testng.internal.invokers.TestInvoker.invokeTestMethod(TestInvoker.java:230) ~[org.testng_7.10.1.r202404130807.jar:7.10.1]
	at org.testng.internal.invokers.MethodRunner.runInSequence(MethodRunner.java:63) ~[org.testng_7.10.1.r202404130807.jar:7.10.1]
	at org.testng.internal.invokers.TestInvoker$MethodInvocationAgent.invoke(TestInvoker.java:992) ~[org.testng_7.10.1.r202404130807.jar:7.10.1]
	at org.testng.internal.invokers.TestInvoker.invokeTestMethods(TestInvoker.java:203) ~[org.testng_7.10.1.r202404130807.jar:7.10.1]
	at org.testng.internal.invokers.TestMethodWorker.invokeTestMethods(TestMethodWorker.java:154) ~[org.testng_7.10.1.r202404130807.jar:7.10.1]
	at org.testng.internal.invokers.TestMethodWorker.run(TestMethodWorker.java:134) ~[org.testng_7.10.1.r202404130807.jar:7.10.1]
	at java.base/java.util.ArrayList.forEach(ArrayList.java:1597) [?:?]
	at org.testng.TestRunner.privateRun(TestRunner.java:739) [org.testng_7.10.1.r202404130807.jar:7.10.1]
	at org.testng.TestRunner.run(TestRunner.java:614) [org.testng_7.10.1.r202404130807.jar:7.10.1]
	at org.testng.SuiteRunner.runTest(SuiteRunner.java:421) [org.testng_7.10.1.r202404130807.jar:7.10.1]
	at org.testng.SuiteRunner.runSequentially(SuiteRunner.java:413) [org.testng_7.10.1.r202404130807.jar:7.10.1]
	at org.testng.SuiteRunner.privateRun(SuiteRunner.java:373) [org.testng_7.10.1.r202404130807.jar:7.10.1]
	at org.testng.SuiteRunner.run(SuiteRunner.java:312) [org.testng_7.10.1.r202404130807.jar:7.10.1]
	at org.testng.SuiteRunnerWorker.runSuite(SuiteRunnerWorker.java:52) [org.testng_7.10.1.r202404130807.jar:7.10.1]
	at org.testng.SuiteRunnerWorker.run(SuiteRunnerWorker.java:95) [org.testng_7.10.1.r202404130807.jar:7.10.1]
	at org.testng.TestNG.runSuitesSequentially(TestNG.java:1274) [org.testng_7.10.1.r202404130807.jar:7.10.1]
	at org.testng.TestNG.runSuitesLocally(TestNG.java:1208) [org.testng_7.10.1.r202404130807.jar:7.10.1]
	at org.testng.TestNG.runSuites(TestNG.java:1112) [org.testng_7.10.1.r202404130807.jar:7.10.1]
	at org.testng.TestNG.run(TestNG.java:1079) [org.testng_7.10.1.r202404130807.jar:7.10.1]
	at org.testng.remote.AbstractRemoteTestNG.run(AbstractRemoteTestNG.java:115) [testng-remote.jar:?]
	at org.testng.remote.RemoteTestNG.initAndRun(RemoteTestNG.java:293) [testng-remote.jar:?]
	at org.testng.remote.RemoteTestNG.main(RemoteTestNG.java:91) [testng-remote.jar:?]
Caused by: java.io.UncheckedIOException: java.io.IOException: HTTP/1.1 header parser received no bytes
	at org.openqa.selenium.remote.http.jdk.JdkHttpClient.execute0(JdkHttpClient.java:497) ~[selenium-http-4.29.0.jar:?]
	at org.openqa.selenium.remote.http.AddSeleniumUserAgent.lambda$apply$0(AddSeleniumUserAgent.java:42) ~[selenium-http-4.29.0.jar:?]
	at org.openqa.selenium.remote.http.Filter.lambda$andFinally$1(Filter.java:55) ~[selenium-http-4.29.0.jar:?]
	at org.openqa.selenium.remote.http.jdk.JdkHttpClient.lambda$executeAsync$1(JdkHttpClient.java:384) ~[selenium-http-4.29.0.jar:?]
	at java.base/java.util.concurrent.Executors$RunnableAdapter.call(Executors.java:572) ~[?:?]
	at java.base/java.util.concurrent.FutureTask.run(FutureTask.java:317) ~[?:?]
	at java.base/java.util.concurrent.ThreadPoolExecutor.runWorker(ThreadPoolExecutor.java:1144) ~[?:?]
	at java.base/java.util.concurrent.ThreadPoolExecutor$Worker.run(ThreadPoolExecutor.java:642) ~[?:?]
	at java.base/java.lang.Thread.run(Thread.java:1575) ~[?:?]
Caused by: java.io.IOException: HTTP/1.1 header parser received no bytes
	at java.net.http/jdk.internal.net.http.HttpClientImpl.send(HttpClientImpl.java:971) ~[java.net.http:?]
	at java.net.http/jdk.internal.net.http.HttpClientFacade.send(HttpClientFacade.java:133) ~[java.net.http:?]
	at org.openqa.selenium.remote.http.jdk.JdkHttpClient.execute0(JdkHttpClient.java:456) ~[selenium-http-4.29.0.jar:?]
	at org.openqa.selenium.remote.http.AddSeleniumUserAgent.lambda$apply$0(AddSeleniumUserAgent.java:42) ~[selenium-http-4.29.0.jar:?]
	at org.openqa.selenium.remote.http.Filter.lambda$andFinally$1(Filter.java:55) ~[selenium-http-4.29.0.jar:?]
	at org.openqa.selenium.remote.http.jdk.JdkHttpClient.lambda$executeAsync$1(JdkHttpClient.java:384) ~[selenium-http-4.29.0.jar:?]
	at java.base/java.util.concurrent.Executors$RunnableAdapter.call(Executors.java:572) ~[?:?]
	at java.base/java.util.concurrent.FutureTask.run(FutureTask.java:317) ~[?:?]
	at java.base/java.util.concurrent.ThreadPoolExecutor.runWorker(ThreadPoolExecutor.java:1144) ~[?:?]
	at java.base/java.util.concurrent.ThreadPoolExecutor$Worker.run(ThreadPoolExecutor.java:642) ~[?:?]
	at java.base/java.lang.Thread.run(Thread.java:1575) ~[?:?]
Caused by: java.io.IOException: HTTP/1.1 header parser received no bytes
	at java.net.http/jdk.internal.net.http.common.Utils.wrapWithExtraDetail(Utils.java:440) ~[java.net.http:?]
	at java.net.http/jdk.internal.net.http.Http1Response$HeadersReader.onReadError(Http1Response.java:590) ~[java.net.http:?]
	at java.net.http/jdk.internal.net.http.Http1AsyncReceiver.checkForErrors(Http1AsyncReceiver.java:302) ~[java.net.http:?]
	at java.net.http/jdk.internal.net.http.Http1AsyncReceiver.flush(Http1AsyncReceiver.java:268) ~[java.net.http:?]
	at java.net.http/jdk.internal.net.http.common.SequentialScheduler$LockingRestartableTask.run(SequentialScheduler.java:182) ~[java.net.http:?]
	at java.net.http/jdk.internal.net.http.common.SequentialScheduler$CompleteRestartableTask.run(SequentialScheduler.java:149) ~[java.net.http:?]
	at java.net.http/jdk.internal.net.http.common.SequentialScheduler$SchedulableTask.run(SequentialScheduler.java:207) ~[java.net.http:?]
	at java.base/java.util.concurrent.ThreadPoolExecutor.runWorker(ThreadPoolExecutor.java:1144) ~[?:?]
	at java.base/java.util.concurrent.ThreadPoolExecutor$Worker.run(ThreadPoolExecutor.java:642) ~[?:?]
	at java.base/java.lang.Thread.run(Thread.java:1575) ~[?:?]
Caused by: java.net.SocketException: Connection reset
	at java.base/sun.nio.ch.SocketChannelImpl.throwConnectionReset(SocketChannelImpl.java:403) ~[?:?]
	at java.base/sun.nio.ch.SocketChannelImpl.implRead(SocketChannelImpl.java:435) ~[?:?]
	at java.base/sun.nio.ch.SocketChannelImpl.read(SocketChannelImpl.java:493) ~[?:?]
	at java.net.http/jdk.internal.net.http.SocketTube.readAvailable(SocketTube.java:1178) ~[java.net.http:?]
	at java.net.http/jdk.internal.net.http.SocketTube$InternalReadPublisher$InternalReadSubscription.read(SocketTube.java:841) ~[java.net.http:?]
	at java.net.http/jdk.internal.net.http.SocketTube$SocketFlowTask.run(SocketTube.java:181) ~[java.net.http:?]
	at java.net.http/jdk.internal.net.http.common.SequentialScheduler$SchedulableTask.run(SequentialScheduler.java:207) ~[java.net.http:?]
	at java.net.http/jdk.internal.net.http.common.SequentialScheduler.runOrSchedule(SequentialScheduler.java:280) ~[java.net.http:?]
	at java.net.http/jdk.internal.net.http.common.SequentialScheduler.runOrSchedule(SequentialScheduler.java:233) ~[java.net.http:?]
	at java.net.http/jdk.internal.net.http.SocketTube$InternalReadPublisher$InternalReadSubscription.signalReadable(SocketTube.java:782) ~[java.net.http:?]
	at java.net.http/jdk.internal.net.http.SocketTube$InternalReadPublisher$ReadEvent.signalEvent(SocketTube.java:965) ~[java.net.http:?]
	at java.net.http/jdk.internal.net.http.SocketTube$SocketFlowEvent.handle(SocketTube.java:253) ~[java.net.http:?]
	at java.net.http/jdk.internal.net.http.HttpClientImpl$SelectorManager.handleEvent(HttpClientImpl.java:1478) ~[java.net.http:?]
	at java.net.http/jdk.internal.net.http.HttpClientImpl$SelectorManager.lambda$run$3(HttpClientImpl.java:1423) ~[java.net.http:?]
	at java.base/java.util.ArrayList.forEach(ArrayList.java:1597) ~[?:?]
	at java.net.http/jdk.internal.net.http.HttpClientImpl$SelectorManager.run(HttpClientImpl.java:1423) ~[java.net.http:?]
2025-08-26 15:46:31 [main] INFO  baseFunction - Web Driver initiated. Launching Chrome Browser
2025-08-26 15:46:31 [main] INFO  baseFunction - Launching Sun NXT.....
2025-08-26 15:46:44 [main] INFO  TC_ContentPlaybackHome - Starting playback testing for Home Section
2025-08-26 15:46:44 [main] INFO  contentLanguageSelection - Tamil Language has been selected
2025-08-26 15:46:45 [main] INFO  baseFunction - Applying implicit wait of 10 seconds.
2025-08-26 15:46:51 [main] INFO  HomepageSunnxt - Profile icon clicked
2025-08-26 15:46:52 [main] INFO  HomepageSunnxt - Signin button clicked
2025-08-26 15:46:52 [main] INFO  LoginPageSunnxt - Email or Mobile Number has been entered
2025-08-26 15:46:53 [main] INFO  LoginPageSunnxt - Password has been entered
2025-08-26 15:46:53 [main] INFO  LoginPageSunnxt - Login button clicked
2025-08-26 15:47:03 [main] INFO  BasePage - Loader disappeared → login flow completed
2025-08-26 15:47:53 [main] INFO  LoginPageSunnxt - User login successful with username: 9841595069
2025-08-26 15:47:53 [main] INFO  baseFunction - User login successful
2025-08-26 15:48:16 [main] INFO  HomepageSunnxt - Extracting all carousel elements...
2025-08-26 15:48:16 [main] INFO  HomepageSunnxt - Targeted carousel: Celebrate The Stars
2025-08-26 15:48:17 [main] INFO  BasePage - Scrolling........
2025-08-26 15:48:22 [main] INFO  BasePage - Scrolling........
2025-08-26 15:48:27 [main] INFO  BasePage - Scrolling........
2025-08-26 15:48:32 [main] INFO  BasePage - Scrolling........
2025-08-26 15:48:37 [main] INFO  BasePage - Scrolling........
2025-08-26 15:48:48 [main] INFO  BasePage - Scrolling........
2025-08-26 15:48:53 [main] INFO  BasePage - Scrolling........
2025-08-26 15:48:58 [main] INFO  BasePage - Scrolling........
2025-08-26 15:49:03 [main] INFO  BasePage - Scrolling........
2025-08-26 15:49:08 [main] INFO  BasePage - Scrolling........
2025-08-26 15:49:29 [main] INFO  ContentDetailPageSunnxt - Trying to click the play button...
2025-08-26 15:49:43 [main] INFO  ContentDetailPageSunnxt - Regular play button found, clicking...
2025-08-28 10:57:26 [main] INFO  baseFunction - Web Driver initiated. Launching Chrome Browser
2025-08-28 10:57:26 [main] INFO  baseFunction - Launching Sun NXT.....
2025-08-28 10:57:29 [main] INFO  baseFunction - Applying implicit wait of 10 seconds.
2025-08-28 10:57:29 [main] INFO  baseFunction - Applying implicit wait of 5 seconds.
2025-08-28 11:02:05 [main] INFO  baseFunction - Web Driver initiated. Launching Firefox Browser
2025-08-28 11:02:05 [main] INFO  baseFunction - Launching Sun NXT.....
2025-08-28 11:02:19 [main] INFO  baseFunction - Applying implicit wait of 10 seconds.
2025-08-28 11:02:19 [main] INFO  baseFunction - Applying implicit wait of 5 seconds.
2025-08-28 11:06:41 [main] INFO  baseFunction - Web Driver initiated. Launching Firefox Browser
2025-08-28 11:06:41 [main] INFO  baseFunction - Launching Sun NXT.....
2025-08-28 11:06:51 [main] INFO  baseFunction - Applying implicit wait of 10 seconds.
2025-08-28 11:06:52 [main] INFO  baseFunction - Applying implicit wait of 5 seconds.
2025-08-28 11:45:43 [main] INFO  baseFunction - Web Driver initiated. Launching Firefox Browser
2025-08-28 11:45:43 [main] INFO  baseFunction - Launching Sun NXT.....
2025-08-28 11:45:52 [main] INFO  baseFunction - Applying implicit wait of 10 seconds.
2025-08-28 11:45:52 [main] INFO  baseFunction - Applying implicit wait of 5 seconds.
2025-08-28 11:46:39 [main] INFO  baseFunction - Web Driver initiated. Launching Firefox Browser
2025-08-28 11:46:39 [main] INFO  baseFunction - Launching Sun NXT.....
2025-08-28 11:46:51 [main] INFO  baseFunction - Applying implicit wait of 10 seconds.
2025-08-28 11:46:51 [main] INFO  baseFunction - Applying implicit wait of 5 seconds.
2025-08-28 11:50:17 [main] INFO  baseFunction - Web Driver initiated. Launching Firefox Browser
2025-08-28 11:50:18 [main] INFO  baseFunction - Launching Sun NXT.....
2025-08-28 11:50:30 [main] INFO  baseFunction - Applying implicit wait of 10 seconds.
2025-08-28 11:50:30 [main] INFO  baseFunction - Applying implicit wait of 5 seconds.
2025-08-28 12:59:19 [main] INFO  baseFunction - Web Driver initiated. Launching Chrome Browser
2025-08-28 12:59:19 [main] INFO  baseFunction - Launching Sun NXT.....
2025-08-28 12:59:26 [main] INFO  TC_ContentPlaybackHome - Starting playback testing for Home Section
2025-08-28 12:59:26 [main] INFO  BasePage - Overlay disappeared, safe to click
2025-08-28 12:59:26 [main] INFO  contentLanguageSelection - Tamil Language has been selected
2025-08-28 12:59:26 [main] INFO  baseFunction - Applying implicit wait of 10 seconds.
2025-08-28 12:59:32 [main] INFO  HomepageSunnxt - Profile icon clicked
2025-08-28 12:59:32 [main] INFO  HomepageSunnxt - Signin button clicked
2025-08-28 12:59:33 [main] INFO  LoginPageSunnxt - Email or Mobile Number has been entered
2025-08-28 12:59:33 [main] INFO  LoginPageSunnxt - Password has been entered
2025-08-28 12:59:33 [main] INFO  LoginPageSunnxt - Login button clicked
2025-08-28 12:59:43 [main] INFO  BasePage - Loader disappeared → login flow completed
2025-08-28 13:00:33 [main] INFO  LoginPageSunnxt - User login successful with username: 9841595069
2025-08-28 13:00:33 [main] INFO  baseFunction - User login successful
2025-08-28 13:00:57 [main] INFO  HomepageSunnxt - Extracting all carousel elements...
2025-08-28 13:00:57 [main] INFO  HomepageSunnxt - Targeted carousel: Explore By Language
2025-08-28 13:00:58 [main] INFO  BasePage - Scrolling........
2025-08-28 13:01:03 [main] INFO  BasePage - Scrolling........
2025-08-28 13:01:08 [main] INFO  BasePage - Scrolling........
2025-08-28 13:01:13 [main] INFO  BasePage - Scrolling........
2025-08-28 13:01:18 [main] INFO  BasePage - Scrolling........
2025-08-28 13:01:29 [main] INFO  BasePage - Scrolling........
2025-08-28 13:01:34 [main] INFO  BasePage - Scrolling........
2025-08-28 13:01:39 [main] INFO  BasePage - Scrolling........
2025-08-28 13:02:00 [main] INFO  ContentDetailPageSunnxt - Trying to click the play button...
2025-08-28 13:02:13 [main] INFO  ContentDetailPageSunnxt - Regular play button found, clicking...
2025-09-15 10:00:52 [main] INFO  baseFunction - Web Driver initiated. Launching Chrome Browser
2025-09-15 10:00:52 [main] INFO  baseFunction - Launching Sun NXT.....
2025-09-15 10:01:03 [main] INFO  TC_ContentPlaybackLiveTV - Starting playback testing for Live TV
2025-09-15 10:01:03 [main] INFO  BasePage - Overlay disappeared, safe to click
2025-09-15 10:01:03 [main] INFO  contentLanguageSelection - Tamil Language has been selected
2025-09-15 10:01:03 [main] INFO  baseFunction - Applying implicit wait of 10 seconds.
2025-09-15 10:01:14 [main] INFO  HomepageSunnxt - Profile icon clicked
2025-09-15 10:01:14 [main] INFO  HomepageSunnxt - Signin button clicked
2025-09-15 10:01:15 [main] INFO  LoginPageSunnxt - Email or Mobile Number has been entered
2025-09-15 10:01:15 [main] INFO  LoginPageSunnxt - Password has been entered
2025-09-15 10:01:15 [main] INFO  LoginPageSunnxt - Login button clicked
2025-09-15 10:03:33 [main] INFO  baseFunction - Web Driver initiated. Launching Chrome Browser
2025-09-15 10:03:33 [main] INFO  baseFunction - Launching Sun NXT.....
2025-09-15 10:04:07 [main] INFO  TC_ContentPlaybackLiveTV - Starting playback testing for Live TV
2025-09-15 10:04:08 [main] INFO  BasePage - Overlay disappeared, safe to click
2025-09-15 10:04:08 [main] INFO  contentLanguageSelection - Tamil Language has been selected
2025-09-15 10:04:08 [main] INFO  baseFunction - Applying implicit wait of 10 seconds.
2025-09-15 10:04:14 [main] INFO  HomepageSunnxt - Profile icon clicked
2025-09-15 10:04:14 [main] INFO  HomepageSunnxt - Signin button clicked
2025-09-15 10:04:14 [main] INFO  LoginPageSunnxt - Email or Mobile Number has been entered
2025-09-15 10:04:14 [main] INFO  LoginPageSunnxt - Password has been entered
2025-09-15 10:04:14 [main] INFO  LoginPageSunnxt - Login button clicked
2025-09-15 10:05:05 [main] INFO  LoginPageSunnxt - User login successful with username: 9841595069
2025-09-15 10:05:05 [main] INFO  baseFunction - Applying implicit wait of 30 seconds.
2025-09-15 10:05:06 [main] INFO  LiveTVPageSunnxt - Targeted carousel name: Malayalam
2025-09-15 10:05:06 [main] INFO  LiveTVPageSunnxt - Targeted channel name: Sun TV HD - Dolby Vision
2025-09-15 10:05:06 [main] INFO  ContentDetailPageSunnxt - Trying to click the play button...
2025-09-15 10:05:09 [main] INFO  ContentDetailPageSunnxt - Live TV play button found, clicking...
2025-09-15 12:34:19 [main] INFO  baseFunction - Web Driver initiated. Launching Chrome Browser
2025-09-15 12:34:19 [main] INFO  baseFunction - Launching Sun NXT.....
2025-09-15 12:34:33 [main] INFO  TC_ContentPlaybackMoviesBasic - Starting playback testing for Movies Section
2025-09-15 12:34:33 [main] INFO  BasePage - Overlay disappeared, safe to click
2025-09-15 12:34:34 [main] INFO  contentLanguageSelection - Tamil Language has been selected
2025-09-15 12:34:34 [main] INFO  baseFunction - Applying implicit wait of 10 seconds.
2025-09-15 12:34:42 [main] INFO  HomepageSunnxt - Profile icon clicked
2025-09-15 12:34:42 [main] INFO  HomepageSunnxt - Signin button clicked
2025-09-15 12:34:43 [main] INFO  LoginPageSunnxt - Email or Mobile Number has been entered
2025-09-15 12:34:43 [main] INFO  LoginPageSunnxt - Password has been entered
2025-09-15 12:34:43 [main] INFO  LoginPageSunnxt - Login button clicked
2025-09-15 12:35:03 [main] WARN  LoginPageSunnxt - Incorrect password: Kindly verify your user id or password and try again.
2025-09-15 12:35:49 [main] INFO  baseFunction - Web Driver initiated. Launching Chrome Browser
2025-09-15 12:35:49 [main] INFO  baseFunction - Launching Sun NXT.....
2025-09-15 12:36:26 [main] INFO  TC_ContentPlaybackMoviesBasic - Starting playback testing for Movies Section
2025-09-15 12:36:26 [main] INFO  BasePage - Overlay disappeared, safe to click
2025-09-15 12:36:26 [main] INFO  contentLanguageSelection - Tamil Language has been selected
2025-09-15 12:36:27 [main] INFO  baseFunction - Applying implicit wait of 10 seconds.
2025-09-15 12:36:57 [main] INFO  HomepageSunnxt - Profile icon clicked
2025-09-15 12:36:57 [main] INFO  HomepageSunnxt - Signin button clicked
2025-09-15 12:36:57 [main] INFO  LoginPageSunnxt - Email or Mobile Number has been entered
2025-09-15 12:36:57 [main] INFO  LoginPageSunnxt - Password has been entered
2025-09-15 12:36:57 [main] INFO  LoginPageSunnxt - Login button clicked
2025-09-15 12:37:48 [main] INFO  LoginPageSunnxt - User login successful with username: 9841595069
2025-09-15 12:37:48 [main] INFO  baseFunction - Applying implicit wait of 30 seconds.
2025-09-15 12:38:12 [main] INFO  HomepageSunnxt - Extracting all carousel elements...
2025-09-15 12:38:13 [main] INFO  HomepageSunnxt - Targeted carousel: Race For Power
2025-09-15 12:38:13 [main] INFO  BasePage - Scrolling........
2025-09-15 12:38:18 [main] INFO  BasePage - Scrolling........
2025-09-15 12:38:23 [main] INFO  BasePage - Scrolling........
2025-09-15 12:38:28 [main] INFO  BasePage - Scrolling........
2025-09-15 12:38:33 [main] INFO  BasePage - Scrolling........
2025-09-15 12:39:14 [main] INFO  ContentDetailPageSunnxt - Trying to click the play button...
2025-09-15 12:39:47 [main] INFO  ContentDetailPageSunnxt - Regular play button found, clicking...
2025-09-15 12:39:53 [main] WARN  PlayerControlsSunnxt -  Video is present but not playing.
2025-09-15 12:39:53 [main] WARN  PlayerControlsSunnxt - Video validation FAILED: video not playing.
2025-09-15 15:00:32 [main] INFO  TestBase - Web Driver initiated. Launching Chrome Browser
2025-09-15 15:00:32 [main] INFO  TestBase - Launching Sun NXT.....
2025-09-15 15:00:40 [main] INFO  TC_ContentPlaybackMoviesBasic - Starting playback testing for Movies Section
2025-09-15 15:01:36 [main] INFO  TestBase - Web Driver initiated. Launching Chrome Browser
2025-09-15 15:01:36 [main] INFO  TestBase - Launching Sun NXT.....
2025-09-15 15:01:43 [main] INFO  TC_ContentPlaybackMoviesBasic - Starting playback testing for Movies Section
2025-09-15 15:01:44 [main] INFO  contentLanguageSelection - Tamil Language has been selected
2025-09-15 15:01:44 [main] INFO  TestBase - Applying implicit wait of 10 seconds.
2025-09-15 15:01:49 [main] INFO  HomepageSunnxt - Profile icon clicked
2025-09-15 15:01:49 [main] INFO  HomepageSunnxt - Signin button clicked
2025-09-15 15:01:49 [main] INFO  LoginPageSunnxt - Email or Mobile Number has been entered
2025-09-15 15:01:50 [main] INFO  LoginPageSunnxt - Password has been entered
2025-09-15 15:01:50 [main] INFO  LoginPageSunnxt - Login button clicked
2025-09-15 15:02:40 [main] INFO  LoginPageSunnxt - User login successful with username: 9841595069
2025-09-15 15:02:40 [main] INFO  TestBase - Applying implicit wait of 30 seconds.
2025-09-15 15:03:04 [main] INFO  HomepageSunnxt - Extracting all carousel elements...
2025-09-15 15:03:05 [main] INFO  HomepageSunnxt - Targeted carousel: The Sequel Saga
2025-09-15 15:03:05 [main] INFO  WaitUtils - Scrolling........
2025-09-15 15:03:10 [main] INFO  WaitUtils - Scrolling........
2025-09-15 15:03:15 [main] INFO  WaitUtils - Scrolling........
2025-09-15 15:03:21 [main] INFO  WaitUtils - Scrolling........
2025-09-15 15:03:26 [main] INFO  WaitUtils - Scrolling........
2025-09-15 15:04:07 [main] INFO  ContentDetailPageSunnxt - Trying to click the play button...
2025-09-15 15:04:40 [main] INFO  ContentDetailPageSunnxt - Regular play button found, clicking...
2025-09-15 15:04:45 [main] INFO  PlayerControlsSunnxt -  Video is playing.
2025-09-15 15:04:45 [main] INFO  PlayerControlsSunnxt - Video validation PASSED: video is playing.
2025-09-15 15:23:07 [main] INFO  TestBase - Web Driver initiated. Launching Chrome Browser
2025-09-15 15:23:07 [main] INFO  TestBase - Launching Sun NXT.....
2025-09-15 15:23:15 [main] INFO  TC_ContentPlaybackMoviesBasic - Starting playback testing for Movies Section
2025-09-15 15:23:15 [main] INFO  contentLanguageSelection - Tamil Language has been selected
2025-09-15 15:23:15 [main] INFO  TestBase - Applying implicit wait of 10 seconds.
2025-09-15 15:23:22 [main] INFO  HomepageSunnxt - Profile icon clicked
2025-09-15 15:23:22 [main] INFO  HomepageSunnxt - Signin button clicked
2025-09-15 15:23:23 [main] INFO  LoginPageSunnxt - Email or Mobile Number has been entered
2025-09-15 15:23:23 [main] INFO  LoginPageSunnxt - Password has been entered
2025-09-15 15:23:23 [main] INFO  LoginPageSunnxt - Login button clicked
2025-09-15 15:24:13 [main] INFO  LoginPageSunnxt - User login successful with username: sunnxtq@gmail.com
2025-09-15 15:24:13 [main] INFO  TestBase - Applying implicit wait of 30 seconds.
2025-09-15 15:24:38 [main] INFO  HomepageSunnxt - Extracting all carousel elements...
2025-09-15 15:24:38 [main] INFO  HomepageSunnxt - Targeted carousel: Classic Romance
2025-09-15 15:24:39 [main] INFO  WaitUtils - Scrolling........
2025-09-15 15:24:44 [main] INFO  WaitUtils - Scrolling........
2025-09-15 15:24:49 [main] INFO  WaitUtils - Scrolling........
2025-09-15 15:24:54 [main] INFO  WaitUtils - Scrolling........
2025-09-15 15:24:59 [main] INFO  WaitUtils - Scrolling........
2025-09-15 15:25:40 [main] INFO  ContentDetailPageSunnxt - Trying to click the play button...
2025-09-15 15:26:13 [main] INFO  ContentDetailPageSunnxt - Regular play button found, clicking...
2025-09-15 15:26:48 [main] WARN  PlayerControlsSunnxt - Video player not found on page.
2025-09-15 15:26:48 [main] INFO  PlayerControlsSunnxt - Redirected to subscription page.
2025-09-15 17:17:59 [main] INFO  TestBase - Web Driver initiated. Launching Chrome Browser
2025-09-15 17:17:59 [main] INFO  TestBase - Launching Sun NXT.....
2025-09-15 17:18:08 [main] INFO  TestBase - Applying implicit wait of 10 seconds.
2025-09-15 17:18:08 [main] INFO  TestBase - Applying implicit wait of 5 seconds.
2025-09-15 17:18:08 [main] INFO  contentLanguageSelection - Tamil Language has been selected
2025-09-15 17:18:08 [main] INFO  contentLanguageSelection - Telugu Language has been selected
2025-09-15 17:18:09 [main] INFO  TestBase - Applying implicit wait of 10 seconds.
2025-09-15 17:18:13 [main] INFO  HomepageSunnxt - Profile icon clicked
2025-09-15 17:18:13 [main] INFO  HomepageSunnxt - Signin button clicked
2025-09-15 17:18:13 [main] INFO  TestBase - Applying implicit wait of 10 seconds.
2025-09-15 17:18:14 [main] INFO  LoginPageSunnxt - Email or Mobile Number has been entered
2025-09-15 17:18:14 [main] INFO  LoginPageSunnxt - Password has been entered
2025-09-15 17:18:14 [main] INFO  LoginPageSunnxt - Login button clicked
2025-09-15 17:19:05 [main] INFO  LoginPageSunnxt - User login successful with username: 9841595069
2025-09-15 17:19:05 [main] INFO  HomepageSunnxt - Profile icon clicked
2025-09-15 17:19:05 [main] INFO  HomepageSunnxt - Logout button clicked
2025-09-15 17:54:17 [main] INFO  TestBase - Web Driver initiated. Launching Chrome Browser
2025-09-15 17:54:17 [main] INFO  TestBase - Launching Sun NXT.....
2025-09-15 17:54:22 [main] INFO  TC_ContentPlaybackHome - Starting playback testing for Home Section
2025-09-15 17:54:23 [main] INFO  contentLanguageSelection - Tamil Language has been selected
2025-09-15 17:54:23 [main] INFO  TestBase - Applying implicit wait of 10 seconds.
2025-09-15 17:54:27 [main] INFO  HomepageSunnxt - Profile icon clicked
2025-09-15 17:54:27 [main] INFO  HomepageSunnxt - Signin button clicked
2025-09-15 17:54:30 [main] INFO  LoginPageSunnxt - Email or Mobile Number has been entered
2025-09-15 17:54:30 [main] INFO  LoginPageSunnxt - Password has been entered
2025-09-15 17:54:30 [main] INFO  LoginPageSunnxt - Login button clicked
2025-09-15 17:55:20 [main] INFO  LoginPageSunnxt - User login successful with username: 9841595069
2025-09-15 17:55:20 [main] INFO  TestBase - User login successful
2025-09-15 17:55:44 [main] INFO  HomepageSunnxt - Extracting all carousel elements...
2025-09-15 17:55:45 [main] INFO  HomepageSunnxt - Targeted carousel: Top 10 Movies
2025-09-15 17:57:19 [main] INFO  TestBase - Web Driver initiated. Launching Chrome Browser
2025-09-15 17:57:19 [main] INFO  TestBase - Launching Sun NXT.....
2025-09-15 17:57:24 [main] INFO  TC_ContentPlaybackHome - Starting playback testing for Home Section
2025-09-15 17:57:24 [main] INFO  contentLanguageSelection - Tamil Language has been selected
2025-09-15 17:57:24 [main] INFO  TestBase - Applying implicit wait of 10 seconds.
2025-09-15 17:57:26 [main] INFO  HomepageSunnxt - Profile icon clicked
2025-09-15 17:57:26 [main] INFO  HomepageSunnxt - Signin button clicked
2025-09-15 17:57:28 [main] INFO  LoginPageSunnxt - Email or Mobile Number has been entered
2025-09-15 17:57:28 [main] INFO  LoginPageSunnxt - Password has been entered
2025-09-15 17:57:28 [main] INFO  LoginPageSunnxt - Login button clicked
2025-09-15 17:58:19 [main] INFO  LoginPageSunnxt - User login successful with username: 9841595069
2025-09-15 17:58:19 [main] INFO  TestBase - User login successful
2025-09-15 17:58:43 [main] INFO  HomepageSunnxt - Extracting all carousel elements...
2025-09-15 17:58:43 [main] INFO  HomepageSunnxt - Targeted carousel: Coolie - PLAY IT LOUD
2025-09-15 17:58:44 [main] INFO  WaitUtils - Scrolling........
2025-09-15 17:58:49 [main] INFO  WaitUtils - Scrolling........
2025-09-15 17:58:54 [main] INFO  WaitUtils - Scrolling........
2025-09-15 17:59:00 [main] INFO  WaitUtils - Scrolling........
2025-09-15 17:59:31 [main] INFO  TestBase - Web Driver initiated. Launching Chrome Browser
2025-09-15 17:59:31 [main] INFO  TestBase - Launching Sun NXT.....
2025-09-15 17:59:36 [main] INFO  TC_ContentPlaybackHome - Starting playback testing for Home Section
2025-09-15 17:59:36 [main] INFO  contentLanguageSelection - Tamil Language has been selected
2025-09-15 17:59:36 [main] INFO  TestBase - Applying implicit wait of 10 seconds.
2025-09-15 17:59:37 [main] INFO  HomepageSunnxt - Profile icon clicked
2025-09-15 17:59:39 [main] INFO  HomepageSunnxt - Signin button clicked
2025-09-15 17:59:39 [main] INFO  LoginPageSunnxt - Email or Mobile Number has been entered
2025-09-15 17:59:39 [main] INFO  LoginPageSunnxt - Password has been entered
2025-09-15 17:59:39 [main] INFO  LoginPageSunnxt - Login button clicked
2025-09-15 18:00:06 [main] INFO  TestBase - Web Driver initiated. Launching Chrome Browser
2025-09-15 18:00:06 [main] INFO  TestBase - Launching Sun NXT.....
2025-09-15 18:00:12 [main] INFO  TC_ContentPlaybackHome - Starting playback testing for Home Section
2025-09-15 18:00:12 [main] INFO  contentLanguageSelection - Tamil Language has been selected
2025-09-15 18:00:12 [main] INFO  TestBase - Applying implicit wait of 10 seconds.
2025-09-15 18:01:06 [main] INFO  TestBase - Web Driver initiated. Launching Chrome Browser
2025-09-15 18:01:06 [main] INFO  TestBase - Launching Sun NXT.....
2025-09-15 18:01:10 [main] INFO  TC_ContentPlaybackHome - Starting playback testing for Home Section
2025-09-15 18:01:10 [main] INFO  contentLanguageSelection - Tamil Language has been selected
2025-09-15 18:01:10 [main] INFO  TestBase - Applying implicit wait of 10 seconds.
2025-09-15 18:01:12 [main] INFO  HomepageSunnxt - Profile icon clicked
2025-09-15 18:01:12 [main] INFO  HomepageSunnxt - Signin button clicked
2025-09-15 18:01:14 [main] INFO  LoginPageSunnxt - Email or Mobile Number has been entered
2025-09-15 18:01:14 [main] INFO  LoginPageSunnxt - Password has been entered
2025-09-15 18:01:14 [main] INFO  LoginPageSunnxt - Login button clicked
2025-09-15 18:02:05 [main] INFO  LoginPageSunnxt - User login successful with username: 
2025-09-15 18:02:05 [main] INFO  TestBase - User login successful
2025-09-15 18:02:29 [main] INFO  HomepageSunnxt - Extracting all carousel elements...
2025-09-15 18:02:29 [main] INFO  HomepageSunnxt - Targeted carousel: Vintage Love Stories
2025-09-15 18:02:30 [main] INFO  WaitUtils - Scrolling........
2025-09-15 18:02:35 [main] INFO  WaitUtils - Scrolling........
2025-09-15 18:02:40 [main] INFO  WaitUtils - Scrolling........
2025-09-15 18:02:45 [main] INFO  WaitUtils - Scrolling........
2025-09-15 18:02:50 [main] INFO  WaitUtils - Scrolling........
2025-09-15 18:03:11 [main] INFO  ContentDetailPageSunnxt - Trying to click the play button...
2025-09-15 18:03:24 [main] INFO  ContentDetailPageSunnxt - Regular play button found, clicking...
2025-09-15 18:03:25 [main] INFO  PlayerControlsSunnxt -  Video is playing.
2025-09-15 18:03:25 [main] INFO  PlayerControlsSunnxt - Video validation PASSED: video is playing.
2025-09-16 09:58:11 [main] INFO  TestBase - Web Driver initiated. Launching Chrome Browser
2025-09-16 09:58:11 [main] INFO  TestBase - Launching Sun NXT.....
2025-09-16 09:58:21 [main] INFO  TestBase - Applying implicit wait of 10 seconds.
2025-09-16 09:58:21 [main] INFO  TestBase - Applying implicit wait of 5 seconds.
2025-09-16 09:58:21 [main] INFO  contentLanguageSelection - Tamil Language has been selected
2025-09-16 09:58:21 [main] INFO  contentLanguageSelection - Telugu Language has been selected
2025-09-16 09:58:22 [main] INFO  TestBase - Applying implicit wait of 10 seconds.
2025-09-16 09:58:22 [main] INFO  HomepageSunnxt - Profile icon clicked
2025-09-16 09:58:22 [main] INFO  HomepageSunnxt - Signin button clicked
2025-09-16 09:58:22 [main] INFO  TestBase - Applying implicit wait of 10 seconds.
2025-09-16 09:58:31 [main] INFO  LoginPageSunnxt - Email or Mobile Number has been entered
2025-09-16 09:58:31 [main] INFO  LoginPageSunnxt - Password has been entered
2025-09-16 09:58:32 [main] INFO  LoginPageSunnxt - Login button clicked
2025-09-16 09:59:22 [main] INFO  LoginPageSunnxt - User login successful with username: 9841595069
2025-09-16 09:59:22 [main] INFO  HomepageSunnxt - Profile icon clicked
2025-09-16 09:59:23 [main] INFO  HomepageSunnxt - Logout button clicked
2025-09-16 10:00:27 [main] INFO  TestBase - Web Driver initiated. Launching Chrome Browser
2025-09-16 10:00:28 [main] INFO  TestBase - Launching Sun NXT.....
2025-09-16 10:00:33 [main] INFO  TC_ContentPlaybackHome - Starting playback testing for Home Section
2025-09-16 10:00:33 [main] INFO  contentLanguageSelection - Tamil Language has been selected
2025-09-16 10:00:33 [main] INFO  TestBase - Applying implicit wait of 10 seconds.
2025-09-16 10:00:34 [main] INFO  HomepageSunnxt - Profile icon clicked
2025-09-16 10:00:34 [main] INFO  HomepageSunnxt - Signin button clicked
2025-09-16 10:00:42 [main] INFO  LoginPageSunnxt - Email or Mobile Number has been entered
2025-09-16 10:00:42 [main] INFO  LoginPageSunnxt - Password has been entered
2025-09-16 10:00:42 [main] INFO  LoginPageSunnxt - Login button clicked
2025-09-16 10:01:32 [main] INFO  LoginPageSunnxt - User login successful with username: 9841595069
2025-09-16 10:06:06 [main] INFO  TestBase - Web Driver initiated. Launching Chrome Browser
2025-09-16 10:06:06 [main] INFO  TestBase - Launching Sun NXT.....
2025-09-16 10:06:10 [main] INFO  TC_ContentPlaybackHome - Starting playback testing for Home Section
2025-09-16 10:06:10 [main] INFO  contentLanguageSelection - Tamil Language has been selected
2025-09-16 10:06:11 [main] INFO  TestBase - Applying implicit wait of 10 seconds.
2025-09-16 10:06:12 [main] INFO  HomepageSunnxt - Profile icon clicked
2025-09-16 10:06:12 [main] INFO  HomepageSunnxt - Signin button clicked
2025-09-16 10:06:17 [main] INFO  LoginPageSunnxt - Email or Mobile Number has been entered
2025-09-16 10:06:17 [main] INFO  LoginPageSunnxt - Password has been entered
2025-09-16 10:06:19 [main] INFO  LoginPageSunnxt - Login button clicked
2025-09-16 10:06:40 [main] INFO  TestBase - Web Driver initiated. Launching Chrome Browser
2025-09-16 10:06:40 [main] INFO  TestBase - Launching Sun NXT.....
2025-09-16 10:06:48 [main] INFO  TC_ContentPlaybackHome - Starting playback testing for Home Section
2025-09-16 10:06:48 [main] INFO  contentLanguageSelection - Tamil Language has been selected
2025-09-16 10:06:49 [main] INFO  TestBase - Applying implicit wait of 10 seconds.
2025-09-16 10:06:50 [main] INFO  HomepageSunnxt - Profile icon clicked
2025-09-16 10:06:50 [main] INFO  HomepageSunnxt - Signin button clicked
2025-09-16 10:06:54 [main] INFO  LoginPageSunnxt - Email or Mobile Number has been entered
2025-09-16 10:06:54 [main] INFO  LoginPageSunnxt - Password has been entered
2025-09-16 10:06:54 [main] INFO  LoginPageSunnxt - Login button clicked
2025-09-16 10:07:45 [main] INFO  LoginPageSunnxt - User login successful with username: 9841595069
2025-09-16 10:07:45 [main] INFO  TestBase - User login successful
2025-09-16 10:08:09 [main] INFO  HomepageSunnxt - Extracting all carousel elements...
2025-09-16 10:08:09 [main] INFO  HomepageSunnxt - Targeted carousel: Celebrate The Stars
2025-09-16 10:08:11 [main] INFO  WaitUtils - Scrolling........
2025-09-16 10:08:16 [main] INFO  WaitUtils - Scrolling........
2025-09-16 10:08:21 [main] INFO  WaitUtils - Scrolling........
2025-09-16 10:08:26 [main] INFO  WaitUtils - Scrolling........
2025-09-16 10:08:31 [main] INFO  WaitUtils - Scrolling........
2025-09-16 10:08:42 [main] INFO  WaitUtils - Scrolling........
2025-09-16 10:08:47 [main] INFO  WaitUtils - Scrolling........
2025-09-16 10:08:52 [main] INFO  WaitUtils - Scrolling........
2025-09-16 10:08:58 [main] INFO  WaitUtils - Scrolling........
2025-09-16 10:09:03 [main] INFO  WaitUtils - Scrolling........
2025-09-16 10:09:24 [main] INFO  ContentDetailPageSunnxt - Trying to click the play button...
2025-09-16 10:09:37 [main] INFO  ContentDetailPageSunnxt - Regular play button found, clicking...
2025-09-16 10:09:38 [main] INFO  PlayerControlsSunnxt -  Video is playing.
2025-09-16 10:09:38 [main] INFO  PlayerControlsSunnxt - Video validation PASSED: video is playing.
2025-09-16 11:24:44 [main] INFO  TestBase - Web Driver initiated. Launching Chrome Browser
2025-09-16 11:24:44 [main] INFO  TestBase - Launching Sun NXT.....
2025-09-16 12:07:06 [main] INFO  TestBase - Web Driver initiated. Launching Chrome Browser
2025-09-16 12:07:06 [main] INFO  TestBase - Launching Sun NXT.....
2025-09-16 12:08:27 [main] INFO  TestBase - Web Driver initiated. Launching Chrome Browser
2025-09-16 12:08:27 [main] INFO  TestBase - Launching Sun NXT.....
2025-09-16 12:09:31 [main] INFO  TestBase - Web Driver initiated. Launching Chrome Browser
2025-09-16 12:09:31 [main] INFO  TestBase - Launching Sun NXT.....
2025-09-16 12:09:36 [main] INFO  TC_ContentPlaybackHome - Starting playback test...
2025-09-16 12:09:37 [main] INFO  contentLanguageSelection - Tamil Language has been selected
2025-09-16 12:09:37 [main] INFO  TestBase - Applying implicit wait of 10 seconds.
2025-09-16 12:10:11 [main] INFO  TestBase - Web Driver initiated. Launching Chrome Browser
2025-09-16 12:10:11 [main] INFO  TestBase - Launching Sun NXT.....
2025-09-16 12:10:16 [main] INFO  TC_ContentPlaybackHome - Starting playback test...
2025-09-16 12:10:16 [main] INFO  contentLanguageSelection - Tamil Language has been selected
2025-09-16 12:10:16 [main] INFO  TestBase - Applying implicit wait of 10 seconds.
2025-09-16 12:12:00 [main] INFO  TestBase - Web Driver initiated. Launching Chrome Browser
2025-09-16 12:12:00 [main] INFO  TestBase - Launching Sun NXT.....
2025-09-16 12:12:07 [main] INFO  TC_ContentPlaybackHome - Starting playback test...
2025-09-16 12:12:07 [main] INFO  contentLanguageSelection - Tamil Language has been selected
2025-09-16 12:12:07 [main] INFO  TestBase - Applying implicit wait of 10 seconds.
2025-09-16 12:12:11 [main] INFO  HomepageSunnxt - Profile icon clicked
2025-09-16 12:12:11 [main] INFO  HomepageSunnxt - Signin button clicked
2025-09-16 12:12:14 [main] INFO  LoginPageSunnxt - Email or Mobile Number has been entered
2025-09-16 12:12:14 [main] INFO  LoginPageSunnxt - Password has been entered
2025-09-16 12:12:14 [main] INFO  LoginPageSunnxt - Login button clicked
2025-09-16 12:13:04 [main] INFO  LoginPageSunnxt - User login successful with username: 9841595069
2025-09-16 12:13:04 [main] INFO  TestBase - User login successful
2025-09-16 12:13:29 [main] INFO  HomepageSunnxt - Extracting all carousel elements...
2025-09-16 12:13:29 [main] INFO  HomepageSunnxt - Targeted carousel: Feel The Dolby
2025-09-16 12:13:30 [main] INFO  WaitUtils - Scrolling........
2025-09-16 12:13:51 [main] INFO  ContentDetailPageSunnxt - Trying to click the play button...
2025-09-16 12:14:05 [main] INFO  ContentDetailPageSunnxt - Regular play button found, clicking...
2025-09-16 12:14:05 [main] INFO  PlayerControlsSunnxt -  Video is playing.
2025-09-16 12:14:05 [main] INFO  PlayerControlsSunnxt - Video validation PASSED: video is playing.
2025-09-16 12:30:10 [main] INFO  TestBase - Web Driver initiated. Launching Chrome Browser
2025-09-16 12:30:10 [main] INFO  TestBase - Launching Sun NXT.....
2025-09-16 12:30:15 [main] INFO  TC_ContentPlaybackHome - Starting playback test...
2025-09-16 12:30:15 [main] INFO  contentLanguageSelection - Tamil Language has been selected
2025-09-16 12:30:15 [main] INFO  TestBase - Applying implicit wait of 10 seconds.
2025-09-16 12:32:01 [main] INFO  TestBase - Web Driver initiated. Launching Chrome Browser
2025-09-16 12:32:01 [main] INFO  TestBase - Launching Sun NXT.....
2025-09-16 12:32:06 [main] INFO  TC_ContentPlaybackHome - Starting playback test...
2025-09-16 12:32:06 [main] INFO  contentLanguageSelection - Tamil Language has been selected
2025-09-16 12:32:06 [main] INFO  TestBase - Applying implicit wait of 10 seconds.
2025-09-16 12:32:09 [main] INFO  HomepageSunnxt - Profile icon clicked
2025-09-16 12:32:09 [main] INFO  HomepageSunnxt - Signin button clicked
2025-09-16 12:32:11 [main] INFO  LoginPageSunnxt - Email or Mobile Number has been entered
2025-09-16 12:32:11 [main] INFO  LoginPageSunnxt - Password has been entered
2025-09-16 12:32:11 [main] INFO  LoginPageSunnxt - Login button clicked
2025-09-16 12:33:01 [main] INFO  LoginPageSunnxt - User login successful with username: 9841595069
2025-09-16 12:33:01 [main] INFO  TestBase - User login successful
2025-09-16 12:33:25 [main] INFO  HomepageSunnxt - Extracting all carousel elements...
2025-09-16 12:33:26 [main] INFO  HomepageSunnxt - Targeted carousel: Cinema By Decade
2025-09-16 12:33:26 [main] INFO  HomepageSunnxt - Targeted carousel: Cinema By Decade
2025-09-16 12:33:26 [main] INFO  WaitUtils - Scrolling........
2025-09-16 12:33:31 [main] INFO  WaitUtils - Scrolling........
2025-09-16 12:33:36 [main] INFO  WaitUtils - Scrolling........
2025-09-16 12:33:41 [main] INFO  WaitUtils - Scrolling........
2025-09-16 12:33:46 [main] INFO  WaitUtils - Scrolling........
2025-09-16 12:33:58 [main] INFO  WaitUtils - Scrolling........
2025-09-16 12:34:03 [main] INFO  WaitUtils - Scrolling........
2025-09-16 12:34:08 [main] INFO  WaitUtils - Scrolling........
2025-09-16 12:34:29 [main] INFO  ContentDetailPageSunnxt - Trying to click the play button...
2025-09-16 12:34:42 [main] INFO  ContentDetailPageSunnxt - Regular play button found, clicking...
2025-09-16 12:34:43 [main] INFO  PlayerControlsSunnxt -  Video is playing.
2025-09-16 12:34:43 [main] INFO  PlayerControlsSunnxt - Video validation PASSED: video is playing.
2025-09-16 12:50:07 [main] INFO  TestBase - Web Driver initiated. Launching Chrome Browser
2025-09-16 12:50:07 [main] INFO  TestBase - Launching Sun NXT.....
2025-09-16 12:50:13 [main] INFO  TC_ContentPlaybackMoviesBasic - Starting playback testing for Movies Section
2025-09-16 12:50:13 [main] INFO  contentLanguageSelection - Tamil Language has been selected
2025-09-16 12:50:13 [main] INFO  TestBase - Applying implicit wait of 10 seconds.
2025-09-16 12:50:17 [main] INFO  HomepageSunnxt - Profile icon clicked
2025-09-16 12:50:17 [main] INFO  HomepageSunnxt - Signin button clicked
2025-09-16 12:50:25 [main] INFO  LoginPageSunnxt - Email or Mobile Number has been entered
2025-09-16 12:50:25 [main] INFO  LoginPageSunnxt - Password has been entered
2025-09-16 12:50:25 [main] INFO  LoginPageSunnxt - Login button clicked
2025-09-16 12:51:15 [main] INFO  LoginPageSunnxt - User login successful with username: sunnxtq@gmail.com
2025-09-16 12:51:15 [main] INFO  TestBase - Applying implicit wait of 30 seconds.
2025-09-16 12:51:39 [main] INFO  HomepageSunnxt - Extracting all carousel elements...
2025-09-16 12:51:40 [main] INFO  HomepageSunnxt - Targeted carousel: Journey Into Fantasy
2025-09-16 12:51:41 [main] INFO  WaitUtils - Scrolling........
2025-09-16 12:51:46 [main] INFO  WaitUtils - Scrolling........
2025-09-16 12:51:51 [main] INFO  WaitUtils - Scrolling........
2025-09-16 12:51:56 [main] INFO  WaitUtils - Scrolling........
2025-09-16 12:52:01 [main] INFO  WaitUtils - Scrolling........
2025-09-16 12:52:42 [main] INFO  ContentDetailPageSunnxt - Targeted Content - Sangu Chakkaram 
2025-09-16 12:52:42 [main] INFO  ContentDetailPageSunnxt - Trying to click the play button...
2025-09-16 12:53:16 [main] INFO  ContentDetailPageSunnxt - Regular play button found, clicking...
2025-09-16 12:53:46 [main] WARN  PlayerControlsSunnxt - Video player not found on page.
2025-09-16 12:53:46 [main] INFO  PlayerControlsSunnxt - Redirected to subscription page.
2025-09-16 16:39:03 [main] INFO  TestBase - Web Driver initiated. Launching Chrome Browser
2025-09-16 16:39:03 [main] INFO  TestBase - Launching Sun NXT.....
2025-09-16 16:39:10 [main] INFO  TC_ContentPlaybackTvShowsBasic - Starting playback testing for TV Shows Section- Basic User
2025-09-16 16:39:11 [main] INFO  contentLanguageSelection - Tamil Language has been selected
2025-09-16 16:39:11 [main] INFO  TestBase - Applying implicit wait of 10 seconds.
2025-09-16 16:39:14 [main] INFO  HomepageSunnxt - Profile icon clicked
2025-09-16 16:39:14 [main] INFO  HomepageSunnxt - Signin button clicked
2025-09-16 16:39:22 [main] INFO  LoginPageSunnxt - Email or Mobile Number has been entered
2025-09-16 16:39:22 [main] INFO  LoginPageSunnxt - Password has been entered
2025-09-16 16:39:22 [main] INFO  LoginPageSunnxt - Login button clicked
2025-09-16 16:39:30 [main] ERROR LoginPageSunnxt - Exception during login validation: 
org.openqa.selenium.NoSuchSessionException: invalid session id: session deleted as the browser has closed the connection
from disconnected: unable to send message to renderer
  (Session info: chrome=140.0.7339.81)
Build info: version: '4.29.0', revision: '5fc1ec94cb'
System info: os.name: 'Windows 11', os.arch: 'amd64', os.version: '10.0', java.version: '23.0.1'
Driver info: org.openqa.selenium.chrome.ChromeDriver
Command: [6d781d09371f50cb75c9def5dfcbb1d9, findElement {value=//p[text()='Please enter valid email or mobile number'], using=xpath}]
Capabilities {acceptInsecureCerts: false, browserName: chrome, browserVersion: 140.0.7339.81, chrome: {chromedriverVersion: 140.0.7339.82 (bc93617e21c3..., userDataDir: C:\Users\ARUNAC~1.D\AppData...}, fedcm:accounts: true, goog:chromeOptions: {debuggerAddress: localhost:63182}, networkConnectionEnabled: false, pageLoadStrategy: eager, platformName: windows, proxy: Proxy(), se:cdp: ws://localhost:63182/devtoo..., se:cdpVersion: 140.0.7339.81, setWindowRect: true, strictFileInteractability: false, timeouts: {implicit: 0, pageLoad: 300000, script: 30000}, unhandledPromptBehavior: dismiss and notify, webauthn:extension:credBlob: true, webauthn:extension:largeBlob: true, webauthn:extension:minPinLength: true, webauthn:extension:prf: true, webauthn:virtualAuthenticators: true}
Session ID: 6d781d09371f50cb75c9def5dfcbb1d9
	at java.base/jdk.internal.reflect.DirectConstructorHandleAccessor.newInstance(DirectConstructorHandleAccessor.java:62) ~[?:?]
	at java.base/java.lang.reflect.Constructor.newInstanceWithCaller(Constructor.java:501) ~[?:?]
	at java.base/java.lang.reflect.Constructor.newInstance(Constructor.java:485) ~[?:?]
	at org.openqa.selenium.remote.ErrorCodec.decode(ErrorCodec.java:167) ~[selenium-remote-driver-4.29.0.jar:?]
	at org.openqa.selenium.remote.codec.w3c.W3CHttpResponseCodec.decode(W3CHttpResponseCodec.java:138) ~[selenium-remote-driver-4.29.0.jar:?]
	at org.openqa.selenium.remote.codec.w3c.W3CHttpResponseCodec.decode(W3CHttpResponseCodec.java:50) ~[selenium-remote-driver-4.29.0.jar:?]
	at org.openqa.selenium.remote.HttpCommandExecutor.execute(HttpCommandExecutor.java:215) ~[selenium-remote-driver-4.29.0.jar:?]
	at org.openqa.selenium.remote.service.DriverCommandExecutor.invokeExecute(DriverCommandExecutor.java:216) ~[selenium-remote-driver-4.29.0.jar:?]
	at org.openqa.selenium.remote.service.DriverCommandExecutor.execute(DriverCommandExecutor.java:174) ~[selenium-remote-driver-4.29.0.jar:?]
	at org.openqa.selenium.remote.RemoteWebDriver.execute(RemoteWebDriver.java:545) ~[selenium-remote-driver-4.29.0.jar:?]
	at org.openqa.selenium.remote.ElementLocation$ElementFinder$2.findElement(ElementLocation.java:165) ~[selenium-remote-driver-4.29.0.jar:?]
	at org.openqa.selenium.remote.ElementLocation.findElement(ElementLocation.java:59) ~[selenium-remote-driver-4.29.0.jar:?]
	at org.openqa.selenium.remote.RemoteWebDriver.findElement(RemoteWebDriver.java:368) ~[selenium-remote-driver-4.29.0.jar:?]
	at org.openqa.selenium.remote.RemoteWebDriver.findElement(RemoteWebDriver.java:362) ~[selenium-remote-driver-4.29.0.jar:?]
	at org.openqa.selenium.support.pagefactory.DefaultElementLocator.findElement(DefaultElementLocator.java:68) ~[selenium-support-4.29.0.jar:?]
	at org.openqa.selenium.support.pagefactory.internal.LocatingElementHandler.invoke(LocatingElementHandler.java:38) ~[selenium-support-4.29.0.jar:?]
	at jdk.proxy2/jdk.proxy2.$Proxy30.isDisplayed(Unknown Source) ~[?:?]
	at utility.WaitUtils.isElementPresent(WaitUtils.java:125) ~[classes/:?]
	at sunnxtPages.LoginPageSunnxt.userDetail(LoginPageSunnxt.java:64) ~[classes/:?]
	at basicUserContentPlayback.TC_ContentPlaybackTvShowsBasic.contentPlayBackCheckTest(TC_ContentPlaybackTvShowsBasic.java:47) ~[test-classes/:?]
	at java.base/jdk.internal.reflect.DirectMethodHandleAccessor.invoke(DirectMethodHandleAccessor.java:103) ~[?:?]
	at java.base/java.lang.reflect.Method.invoke(Method.java:580) ~[?:?]
	at org.testng.internal.invokers.MethodInvocationHelper.invokeMethod(MethodInvocationHelper.java:141) ~[org.testng_7.10.1.r202404130807.jar:7.10.1]
	at org.testng.internal.invokers.TestInvoker.invokeMethod(TestInvoker.java:686) ~[org.testng_7.10.1.r202404130807.jar:7.10.1]
	at org.testng.internal.invokers.TestInvoker.invokeTestMethod(TestInvoker.java:230) ~[org.testng_7.10.1.r202404130807.jar:7.10.1]
	at org.testng.internal.invokers.MethodRunner.runInSequence(MethodRunner.java:63) ~[org.testng_7.10.1.r202404130807.jar:7.10.1]
	at org.testng.internal.invokers.TestInvoker$MethodInvocationAgent.invoke(TestInvoker.java:992) ~[org.testng_7.10.1.r202404130807.jar:7.10.1]
	at org.testng.internal.invokers.TestInvoker.invokeTestMethods(TestInvoker.java:203) ~[org.testng_7.10.1.r202404130807.jar:7.10.1]
	at org.testng.internal.invokers.TestMethodWorker.invokeTestMethods(TestMethodWorker.java:154) ~[org.testng_7.10.1.r202404130807.jar:7.10.1]
	at org.testng.internal.invokers.TestMethodWorker.run(TestMethodWorker.java:134) ~[org.testng_7.10.1.r202404130807.jar:7.10.1]
	at java.base/java.util.ArrayList.forEach(ArrayList.java:1597) [?:?]
	at org.testng.TestRunner.privateRun(TestRunner.java:739) [org.testng_7.10.1.r202404130807.jar:7.10.1]
	at org.testng.TestRunner.run(TestRunner.java:614) [org.testng_7.10.1.r202404130807.jar:7.10.1]
	at org.testng.SuiteRunner.runTest(SuiteRunner.java:421) [org.testng_7.10.1.r202404130807.jar:7.10.1]
	at org.testng.SuiteRunner.runSequentially(SuiteRunner.java:413) [org.testng_7.10.1.r202404130807.jar:7.10.1]
	at org.testng.SuiteRunner.privateRun(SuiteRunner.java:373) [org.testng_7.10.1.r202404130807.jar:7.10.1]
	at org.testng.SuiteRunner.run(SuiteRunner.java:312) [org.testng_7.10.1.r202404130807.jar:7.10.1]
	at org.testng.SuiteRunnerWorker.runSuite(SuiteRunnerWorker.java:52) [org.testng_7.10.1.r202404130807.jar:7.10.1]
	at org.testng.SuiteRunnerWorker.run(SuiteRunnerWorker.java:95) [org.testng_7.10.1.r202404130807.jar:7.10.1]
	at org.testng.TestNG.runSuitesSequentially(TestNG.java:1274) [org.testng_7.10.1.r202404130807.jar:7.10.1]
	at org.testng.TestNG.runSuitesLocally(TestNG.java:1208) [org.testng_7.10.1.r202404130807.jar:7.10.1]
	at org.testng.TestNG.runSuites(TestNG.java:1112) [org.testng_7.10.1.r202404130807.jar:7.10.1]
	at org.testng.TestNG.run(TestNG.java:1079) [org.testng_7.10.1.r202404130807.jar:7.10.1]
	at org.testng.remote.AbstractRemoteTestNG.run(AbstractRemoteTestNG.java:115) [testng-remote.jar:?]
	at org.testng.remote.RemoteTestNG.initAndRun(RemoteTestNG.java:293) [testng-remote.jar:?]
	at org.testng.remote.RemoteTestNG.main(RemoteTestNG.java:91) [testng-remote.jar:?]
2025-09-16 16:39:30 [main] ERROR PlayerControlsSunnxt - Error while checking video playback.
org.openqa.selenium.NoSuchSessionException: invalid session id
Build info: version: '4.29.0', revision: '5fc1ec94cb'
System info: os.name: 'Windows 11', os.arch: 'amd64', os.version: '10.0', java.version: '23.0.1'
Driver info: org.openqa.selenium.chrome.ChromeDriver
Command: [6d781d09371f50cb75c9def5dfcbb1d9, executeScript {script=return document.getElementById('player_html5_api') && document.getElementById('player_html5_api').paused === false;, args=[]}]
Capabilities {acceptInsecureCerts: false, browserName: chrome, browserVersion: 140.0.7339.81, chrome: {chromedriverVersion: 140.0.7339.82 (bc93617e21c3..., userDataDir: C:\Users\ARUNAC~1.D\AppData...}, fedcm:accounts: true, goog:chromeOptions: {debuggerAddress: localhost:63182}, networkConnectionEnabled: false, pageLoadStrategy: eager, platformName: windows, proxy: Proxy(), se:cdp: ws://localhost:63182/devtoo..., se:cdpVersion: 140.0.7339.81, setWindowRect: true, strictFileInteractability: false, timeouts: {implicit: 0, pageLoad: 300000, script: 30000}, unhandledPromptBehavior: dismiss and notify, webauthn:extension:credBlob: true, webauthn:extension:largeBlob: true, webauthn:extension:minPinLength: true, webauthn:extension:prf: true, webauthn:virtualAuthenticators: true}
Session ID: 6d781d09371f50cb75c9def5dfcbb1d9
	at java.base/jdk.internal.reflect.DirectConstructorHandleAccessor.newInstance(DirectConstructorHandleAccessor.java:62) ~[?:?]
	at java.base/java.lang.reflect.Constructor.newInstanceWithCaller(Constructor.java:501) ~[?:?]
	at java.base/java.lang.reflect.Constructor.newInstance(Constructor.java:485) ~[?:?]
	at org.openqa.selenium.remote.ErrorCodec.decode(ErrorCodec.java:167) ~[selenium-remote-driver-4.29.0.jar:?]
	at org.openqa.selenium.remote.codec.w3c.W3CHttpResponseCodec.decode(W3CHttpResponseCodec.java:138) ~[selenium-remote-driver-4.29.0.jar:?]
	at org.openqa.selenium.remote.codec.w3c.W3CHttpResponseCodec.decode(W3CHttpResponseCodec.java:50) ~[selenium-remote-driver-4.29.0.jar:?]
	at org.openqa.selenium.remote.HttpCommandExecutor.execute(HttpCommandExecutor.java:215) ~[selenium-remote-driver-4.29.0.jar:?]
	at org.openqa.selenium.remote.service.DriverCommandExecutor.invokeExecute(DriverCommandExecutor.java:216) ~[selenium-remote-driver-4.29.0.jar:?]
	at org.openqa.selenium.remote.service.DriverCommandExecutor.execute(DriverCommandExecutor.java:174) ~[selenium-remote-driver-4.29.0.jar:?]
	at org.openqa.selenium.remote.RemoteWebDriver.execute(RemoteWebDriver.java:545) ~[selenium-remote-driver-4.29.0.jar:?]
	at org.openqa.selenium.remote.RemoteWebDriver.executeScript(RemoteWebDriver.java:476) ~[selenium-remote-driver-4.29.0.jar:?]
	at sunnxtPages.PlayerControlsSunnxt.lambda$0(PlayerControlsSunnxt.java:89) ~[classes/:?]
	at org.openqa.selenium.support.ui.FluentWait.until(FluentWait.java:203) ~[selenium-support-4.29.0.jar:?]
	at sunnxtPages.PlayerControlsSunnxt.isVideoPlaying(PlayerControlsSunnxt.java:87) [classes/:?]
	at basicUserContentPlayback.TC_ContentPlaybackTvShowsBasic.tearDown(TC_ContentPlaybackTvShowsBasic.java:72) [test-classes/:?]
	at java.base/jdk.internal.reflect.DirectMethodHandleAccessor.invoke(DirectMethodHandleAccessor.java:103) ~[?:?]
	at java.base/java.lang.reflect.Method.invoke(Method.java:580) ~[?:?]
	at org.testng.internal.invokers.MethodInvocationHelper.invokeMethod(MethodInvocationHelper.java:141) [org.testng_7.10.1.r202404130807.jar:7.10.1]
	at org.testng.internal.invokers.MethodInvocationHelper.invokeMethodConsideringTimeout(MethodInvocationHelper.java:71) [org.testng_7.10.1.r202404130807.jar:7.10.1]
	at org.testng.internal.invokers.ConfigInvoker.invokeConfigurationMethod(ConfigInvoker.java:400) [org.testng_7.10.1.r202404130807.jar:7.10.1]
	at org.testng.internal.invokers.ConfigInvoker.invokeConfigurations(ConfigInvoker.java:333) [org.testng_7.10.1.r202404130807.jar:7.10.1]
	at org.testng.TestRunner.invokeTestConfigurations(TestRunner.java:655) [org.testng_7.10.1.r202404130807.jar:7.10.1]
	at org.testng.TestRunner.afterRun(TestRunner.java:818) [org.testng_7.10.1.r202404130807.jar:7.10.1]
	at org.testng.TestRunner.run(TestRunner.java:616) [org.testng_7.10.1.r202404130807.jar:7.10.1]
	at org.testng.SuiteRunner.runTest(SuiteRunner.java:421) [org.testng_7.10.1.r202404130807.jar:7.10.1]
	at org.testng.SuiteRunner.runSequentially(SuiteRunner.java:413) [org.testng_7.10.1.r202404130807.jar:7.10.1]
	at org.testng.SuiteRunner.privateRun(SuiteRunner.java:373) [org.testng_7.10.1.r202404130807.jar:7.10.1]
	at org.testng.SuiteRunner.run(SuiteRunner.java:312) [org.testng_7.10.1.r202404130807.jar:7.10.1]
	at org.testng.SuiteRunnerWorker.runSuite(SuiteRunnerWorker.java:52) [org.testng_7.10.1.r202404130807.jar:7.10.1]
	at org.testng.SuiteRunnerWorker.run(SuiteRunnerWorker.java:95) [org.testng_7.10.1.r202404130807.jar:7.10.1]
	at org.testng.TestNG.runSuitesSequentially(TestNG.java:1274) [org.testng_7.10.1.r202404130807.jar:7.10.1]
	at org.testng.TestNG.runSuitesLocally(TestNG.java:1208) [org.testng_7.10.1.r202404130807.jar:7.10.1]
	at org.testng.TestNG.runSuites(TestNG.java:1112) [org.testng_7.10.1.r202404130807.jar:7.10.1]
	at org.testng.TestNG.run(TestNG.java:1079) [org.testng_7.10.1.r202404130807.jar:7.10.1]
	at org.testng.remote.AbstractRemoteTestNG.run(AbstractRemoteTestNG.java:115) [testng-remote.jar:?]
	at org.testng.remote.RemoteTestNG.initAndRun(RemoteTestNG.java:293) [testng-remote.jar:?]
	at org.testng.remote.RemoteTestNG.main(RemoteTestNG.java:91) [testng-remote.jar:?]
2025-09-16 16:40:19 [main] INFO  TestBase - Web Driver initiated. Launching Chrome Browser
2025-09-16 16:40:19 [main] INFO  TestBase - Launching Sun NXT.....
2025-09-16 16:40:24 [main] INFO  TC_ContentPlaybackTvShowsBasic - Starting playback testing for TV Shows Section- Basic User
2025-09-16 16:40:24 [main] INFO  contentLanguageSelection - Tamil Language has been selected
2025-09-16 16:40:24 [main] INFO  TestBase - Applying implicit wait of 10 seconds.
2025-09-16 16:40:26 [main] INFO  HomepageSunnxt - Profile icon clicked
2025-09-16 16:40:26 [main] INFO  HomepageSunnxt - Signin button clicked
2025-09-16 16:40:28 [main] INFO  LoginPageSunnxt - Email or Mobile Number has been entered
2025-09-16 16:40:28 [main] INFO  LoginPageSunnxt - Password has been entered
2025-09-16 16:40:28 [main] INFO  LoginPageSunnxt - Login button clicked
2025-09-16 16:41:19 [main] INFO  LoginPageSunnxt - User login successful with username: sunnxtq@gmail.com
2025-09-16 16:41:19 [main] INFO  TestBase - Applying implicit wait of 30 seconds.
2025-09-16 16:41:43 [main] INFO  HomepageSunnxt - Extracting all carousel elements...
2025-09-16 16:41:43 [main] INFO  HomepageSunnxt - Targeted carousel: TCDC -Season 1
2025-09-16 16:41:44 [main] INFO  WaitUtils - Scrolling........
2025-09-16 16:41:49 [main] INFO  WaitUtils - Scrolling........
2025-09-16 16:41:54 [main] INFO  WaitUtils - Scrolling........
2025-09-16 16:41:59 [main] INFO  WaitUtils - Scrolling........
2025-09-16 16:42:04 [main] INFO  WaitUtils - Scrolling........
2025-09-16 16:43:15 [main] WARN  PlayerControlsSunnxt - Ad video player not found on page.
2025-09-16 16:43:15 [main] INFO  PlayerControlsSunnxt - No ad detected on this page.
2025-09-16 16:43:45 [main] WARN  PlayerControlsSunnxt - Video player not found on page.
2025-09-16 16:44:35 [main] ERROR PlayerControlsSunnxt - Error while checking video playback.
org.openqa.selenium.TimeoutException: Expected condition failed: waiting for sunnxtPages.PlayerControlsSunnxt$$Lambda/0x000002ad133ac880@49ca94a9 (tried for 20 second(s) with 500 milliseconds interval)
Build info: version: '4.29.0', revision: '5fc1ec94cb'
System info: os.name: 'Windows 11', os.arch: 'amd64', os.version: '10.0', java.version: '23.0.1'
Driver info: driver.version: unknown
	at org.openqa.selenium.support.ui.FluentWait.timeoutException(FluentWait.java:265) ~[selenium-support-4.29.0.jar:?]
	at org.openqa.selenium.support.ui.FluentWait.until(FluentWait.java:228) ~[selenium-support-4.29.0.jar:?]
	at sunnxtPages.PlayerControlsSunnxt.isVideoPlaying(PlayerControlsSunnxt.java:87) [classes/:?]
	at basicUserContentPlayback.TC_ContentPlaybackTvShowsBasic.tearDown(TC_ContentPlaybackTvShowsBasic.java:72) [test-classes/:?]
	at java.base/jdk.internal.reflect.DirectMethodHandleAccessor.invoke(DirectMethodHandleAccessor.java:103) ~[?:?]
	at java.base/java.lang.reflect.Method.invoke(Method.java:580) ~[?:?]
	at org.testng.internal.invokers.MethodInvocationHelper.invokeMethod(MethodInvocationHelper.java:141) [org.testng_7.10.1.r202404130807.jar:7.10.1]
	at org.testng.internal.invokers.MethodInvocationHelper.invokeMethodConsideringTimeout(MethodInvocationHelper.java:71) [org.testng_7.10.1.r202404130807.jar:7.10.1]
	at org.testng.internal.invokers.ConfigInvoker.invokeConfigurationMethod(ConfigInvoker.java:400) [org.testng_7.10.1.r202404130807.jar:7.10.1]
	at org.testng.internal.invokers.ConfigInvoker.invokeConfigurations(ConfigInvoker.java:333) [org.testng_7.10.1.r202404130807.jar:7.10.1]
	at org.testng.TestRunner.invokeTestConfigurations(TestRunner.java:655) [org.testng_7.10.1.r202404130807.jar:7.10.1]
	at org.testng.TestRunner.afterRun(TestRunner.java:818) [org.testng_7.10.1.r202404130807.jar:7.10.1]
	at org.testng.TestRunner.run(TestRunner.java:616) [org.testng_7.10.1.r202404130807.jar:7.10.1]
	at org.testng.SuiteRunner.runTest(SuiteRunner.java:421) [org.testng_7.10.1.r202404130807.jar:7.10.1]
	at org.testng.SuiteRunner.runSequentially(SuiteRunner.java:413) [org.testng_7.10.1.r202404130807.jar:7.10.1]
	at org.testng.SuiteRunner.privateRun(SuiteRunner.java:373) [org.testng_7.10.1.r202404130807.jar:7.10.1]
	at org.testng.SuiteRunner.run(SuiteRunner.java:312) [org.testng_7.10.1.r202404130807.jar:7.10.1]
	at org.testng.SuiteRunnerWorker.runSuite(SuiteRunnerWorker.java:52) [org.testng_7.10.1.r202404130807.jar:7.10.1]
	at org.testng.SuiteRunnerWorker.run(SuiteRunnerWorker.java:95) [org.testng_7.10.1.r202404130807.jar:7.10.1]
	at org.testng.TestNG.runSuitesSequentially(TestNG.java:1274) [org.testng_7.10.1.r202404130807.jar:7.10.1]
	at org.testng.TestNG.runSuitesLocally(TestNG.java:1208) [org.testng_7.10.1.r202404130807.jar:7.10.1]
	at org.testng.TestNG.runSuites(TestNG.java:1112) [org.testng_7.10.1.r202404130807.jar:7.10.1]
	at org.testng.TestNG.run(TestNG.java:1079) [org.testng_7.10.1.r202404130807.jar:7.10.1]
	at org.testng.remote.AbstractRemoteTestNG.run(AbstractRemoteTestNG.java:115) [testng-remote.jar:?]
	at org.testng.remote.RemoteTestNG.initAndRun(RemoteTestNG.java:293) [testng-remote.jar:?]
	at org.testng.remote.RemoteTestNG.main(RemoteTestNG.java:91) [testng-remote.jar:?]
2025-09-16 16:46:30 [main] INFO  TestBase - Web Driver initiated. Launching Chrome Browser
2025-09-16 16:46:30 [main] INFO  TestBase - Launching Sun NXT.....
2025-09-16 16:46:34 [main] INFO  TC_ContentPlaybackTvShowsBasic - Starting playback testing for TV Shows Section- Basic User
2025-09-16 16:46:35 [main] INFO  contentLanguageSelection - Tamil Language has been selected
2025-09-16 16:46:35 [main] INFO  TestBase - Applying implicit wait of 10 seconds.
2025-09-16 16:46:37 [main] INFO  HomepageSunnxt - Profile icon clicked
2025-09-16 16:46:37 [main] INFO  HomepageSunnxt - Signin button clicked
2025-09-16 16:46:40 [main] INFO  LoginPageSunnxt - Email or Mobile Number has been entered
2025-09-16 16:46:40 [main] INFO  LoginPageSunnxt - Password has been entered
2025-09-16 16:46:40 [main] INFO  LoginPageSunnxt - Login button clicked
2025-09-16 16:47:30 [main] INFO  LoginPageSunnxt - User login successful with username: sunnxtq@gmail.com
2025-09-16 16:47:30 [main] INFO  TestBase - Applying implicit wait of 30 seconds.
2025-09-16 16:47:55 [main] INFO  HomepageSunnxt - Extracting all carousel elements...
2025-09-16 16:47:55 [main] INFO  HomepageSunnxt - Targeted carousel: TV Collections
2025-09-16 16:47:56 [main] INFO  WaitUtils - Scrolling........
2025-09-16 16:48:01 [main] INFO  WaitUtils - Scrolling........
2025-09-16 16:48:06 [main] INFO  WaitUtils - Scrolling........
2025-09-16 16:48:11 [main] INFO  WaitUtils - Scrolling........
2025-09-16 16:48:16 [main] INFO  WaitUtils - Scrolling........
2025-09-16 16:48:27 [main] INFO  WaitUtils - Scrolling........
2025-09-16 16:48:32 [main] INFO  WaitUtils - Scrolling........
2025-09-16 16:48:38 [main] INFO  WaitUtils - Scrolling........
2025-09-16 16:48:43 [main] INFO  WaitUtils - Scrolling........
2025-09-16 16:48:48 [main] INFO  WaitUtils - Scrolling........
2025-09-16 16:49:29 [main] INFO  ContentDetailPageSunnxt - Trying to click the play button...
2025-09-16 16:50:02 [main] INFO  ContentDetailPageSunnxt - Regular play button found, clicking...
2025-09-16 16:50:03 [main] INFO  PlayerControlsSunnxt - No ad detected on this page.
2025-09-16 16:50:23 [main] ERROR PlayerControlsSunnxt - Error while checking video playback.
org.openqa.selenium.TimeoutException: Expected condition failed: waiting for sunnxtPages.PlayerControlsSunnxt$$Lambda/0x00000151813a6f10@1a01d7f0 (tried for 20 second(s) with 500 milliseconds interval)
Build info: version: '4.29.0', revision: '5fc1ec94cb'
System info: os.name: 'Windows 11', os.arch: 'amd64', os.version: '10.0', java.version: '23.0.1'
Driver info: driver.version: unknown
	at org.openqa.selenium.support.ui.FluentWait.timeoutException(FluentWait.java:265) ~[selenium-support-4.29.0.jar:?]
	at org.openqa.selenium.support.ui.FluentWait.until(FluentWait.java:228) ~[selenium-support-4.29.0.jar:?]
	at sunnxtPages.PlayerControlsSunnxt.isVideoPlaying(PlayerControlsSunnxt.java:87) ~[classes/:?]
	at sunnxtPages.PlayerControlsSunnxt.validatePlayback(PlayerControlsSunnxt.java:160) ~[classes/:?]
	at basicUserContentPlayback.TC_ContentPlaybackTvShowsBasic.contentPlayBackCheckTest(TC_ContentPlaybackTvShowsBasic.java:64) ~[test-classes/:?]
	at java.base/jdk.internal.reflect.DirectMethodHandleAccessor.invoke(DirectMethodHandleAccessor.java:103) ~[?:?]
	at java.base/java.lang.reflect.Method.invoke(Method.java:580) ~[?:?]
	at org.testng.internal.invokers.MethodInvocationHelper.invokeMethod(MethodInvocationHelper.java:141) ~[org.testng_7.10.1.r202404130807.jar:7.10.1]
	at org.testng.internal.invokers.TestInvoker.invokeMethod(TestInvoker.java:686) ~[org.testng_7.10.1.r202404130807.jar:7.10.1]
	at org.testng.internal.invokers.TestInvoker.invokeTestMethod(TestInvoker.java:230) ~[org.testng_7.10.1.r202404130807.jar:7.10.1]
	at org.testng.internal.invokers.MethodRunner.runInSequence(MethodRunner.java:63) ~[org.testng_7.10.1.r202404130807.jar:7.10.1]
	at org.testng.internal.invokers.TestInvoker$MethodInvocationAgent.invoke(TestInvoker.java:992) ~[org.testng_7.10.1.r202404130807.jar:7.10.1]
	at org.testng.internal.invokers.TestInvoker.invokeTestMethods(TestInvoker.java:203) ~[org.testng_7.10.1.r202404130807.jar:7.10.1]
	at org.testng.internal.invokers.TestMethodWorker.invokeTestMethods(TestMethodWorker.java:154) ~[org.testng_7.10.1.r202404130807.jar:7.10.1]
	at org.testng.internal.invokers.TestMethodWorker.run(TestMethodWorker.java:134) ~[org.testng_7.10.1.r202404130807.jar:7.10.1]
	at java.base/java.util.ArrayList.forEach(ArrayList.java:1597) [?:?]
	at org.testng.TestRunner.privateRun(TestRunner.java:739) [org.testng_7.10.1.r202404130807.jar:7.10.1]
	at org.testng.TestRunner.run(TestRunner.java:614) [org.testng_7.10.1.r202404130807.jar:7.10.1]
	at org.testng.SuiteRunner.runTest(SuiteRunner.java:421) [org.testng_7.10.1.r202404130807.jar:7.10.1]
	at org.testng.SuiteRunner.runSequentially(SuiteRunner.java:413) [org.testng_7.10.1.r202404130807.jar:7.10.1]
	at org.testng.SuiteRunner.privateRun(SuiteRunner.java:373) [org.testng_7.10.1.r202404130807.jar:7.10.1]
	at org.testng.SuiteRunner.run(SuiteRunner.java:312) [org.testng_7.10.1.r202404130807.jar:7.10.1]
	at org.testng.SuiteRunnerWorker.runSuite(SuiteRunnerWorker.java:52) [org.testng_7.10.1.r202404130807.jar:7.10.1]
	at org.testng.SuiteRunnerWorker.run(SuiteRunnerWorker.java:95) [org.testng_7.10.1.r202404130807.jar:7.10.1]
	at org.testng.TestNG.runSuitesSequentially(TestNG.java:1274) [org.testng_7.10.1.r202404130807.jar:7.10.1]
	at org.testng.TestNG.runSuitesLocally(TestNG.java:1208) [org.testng_7.10.1.r202404130807.jar:7.10.1]
	at org.testng.TestNG.runSuites(TestNG.java:1112) [org.testng_7.10.1.r202404130807.jar:7.10.1]
	at org.testng.TestNG.run(TestNG.java:1079) [org.testng_7.10.1.r202404130807.jar:7.10.1]
	at org.testng.remote.AbstractRemoteTestNG.run(AbstractRemoteTestNG.java:115) [testng-remote.jar:?]
	at org.testng.remote.RemoteTestNG.initAndRun(RemoteTestNG.java:293) [testng-remote.jar:?]
	at org.testng.remote.RemoteTestNG.main(RemoteTestNG.java:91) [testng-remote.jar:?]
2025-09-16 16:50:23 [main] WARN  PlayerControlsSunnxt - Video validation FAILED: video not playing.
2025-09-16 16:50:34 [main] INFO  PlayerControlsSunnxt -  Video is playing.
2025-09-16 16:50:34 [main] INFO  TestBase - Applying implicit wait of 30 seconds.
2025-09-16 16:50:35 [main] INFO  TestBase - All browser sessions have been closed.
2025-09-16 16:52:01 [main] INFO  TestBase - Web Driver initiated. Launching Chrome Browser
2025-09-16 16:52:01 [main] INFO  TestBase - Launching Sun NXT.....
2025-09-16 16:52:05 [main] INFO  TC_ContentPlaybackTvShowsBasic - Starting playback testing for TV Shows Section- Basic User
2025-09-16 16:52:05 [main] INFO  contentLanguageSelection - Tamil Language has been selected
2025-09-16 16:52:05 [main] INFO  TestBase - Applying implicit wait of 10 seconds.
2025-09-16 16:52:08 [main] WARN  HomepageSunnxt - Caught StaleElementReferenceException. Retrying...
2025-09-16 16:52:08 [main] INFO  HomepageSunnxt - Profile icon clicked
2025-09-16 16:52:08 [main] INFO  HomepageSunnxt - Signin button clicked
2025-09-16 16:52:11 [main] INFO  LoginPageSunnxt - Email or Mobile Number has been entered
2025-09-16 16:52:11 [main] INFO  LoginPageSunnxt - Password has been entered
2025-09-16 16:52:11 [main] INFO  LoginPageSunnxt - Login button clicked
2025-09-16 16:53:22 [main] INFO  TestBase - Web Driver initiated. Launching Chrome Browser
2025-09-16 16:53:22 [main] INFO  TestBase - Launching Sun NXT.....
2025-09-16 16:53:28 [main] INFO  TC_ContentPlaybackTvShowsBasic - Starting playback testing for TV Shows Section- Basic User
2025-09-16 16:53:28 [main] INFO  contentLanguageSelection - Tamil Language has been selected
2025-09-16 16:53:28 [main] INFO  TestBase - Applying implicit wait of 10 seconds.
2025-09-16 16:53:29 [main] INFO  HomepageSunnxt - Profile icon clicked
2025-09-16 16:53:33 [main] INFO  HomepageSunnxt - Signin button clicked
2025-09-16 16:53:33 [main] INFO  LoginPageSunnxt - Email or Mobile Number has been entered
2025-09-16 16:53:33 [main] INFO  LoginPageSunnxt - Password has been entered
2025-09-16 16:53:33 [main] INFO  LoginPageSunnxt - Login button clicked
2025-09-16 16:54:23 [main] INFO  LoginPageSunnxt - User login successful with username: sunnxtq@gmail.com
2025-09-16 16:55:04 [main] ERROR PlayerControlsSunnxt - Error while checking video playback.
org.openqa.selenium.TimeoutException: Expected condition failed: waiting for sunnxtPages.PlayerControlsSunnxt$$Lambda/0x000001f3013a52f8@4d6ccc97 (tried for 20 second(s) with 500 milliseconds interval)
Build info: version: '4.29.0', revision: '5fc1ec94cb'
System info: os.name: 'Windows 11', os.arch: 'amd64', os.version: '10.0', java.version: '23.0.1'
Driver info: driver.version: unknown
	at org.openqa.selenium.support.ui.FluentWait.timeoutException(FluentWait.java:265) ~[selenium-support-4.29.0.jar:?]
	at org.openqa.selenium.support.ui.FluentWait.until(FluentWait.java:228) ~[selenium-support-4.29.0.jar:?]
	at sunnxtPages.PlayerControlsSunnxt.isVideoPlaying(PlayerControlsSunnxt.java:87) [classes/:?]
	at basicUserContentPlayback.TC_ContentPlaybackTvShowsBasic.tearDown(TC_ContentPlaybackTvShowsBasic.java:76) [test-classes/:?]
	at java.base/jdk.internal.reflect.DirectMethodHandleAccessor.invoke(DirectMethodHandleAccessor.java:103) ~[?:?]
	at java.base/java.lang.reflect.Method.invoke(Method.java:580) ~[?:?]
	at org.testng.internal.invokers.MethodInvocationHelper.invokeMethod(MethodInvocationHelper.java:141) [org.testng_7.10.1.r202404130807.jar:7.10.1]
	at org.testng.internal.invokers.MethodInvocationHelper.invokeMethodConsideringTimeout(MethodInvocationHelper.java:71) [org.testng_7.10.1.r202404130807.jar:7.10.1]
	at org.testng.internal.invokers.ConfigInvoker.invokeConfigurationMethod(ConfigInvoker.java:400) [org.testng_7.10.1.r202404130807.jar:7.10.1]
	at org.testng.internal.invokers.ConfigInvoker.invokeConfigurations(ConfigInvoker.java:333) [org.testng_7.10.1.r202404130807.jar:7.10.1]
	at org.testng.TestRunner.invokeTestConfigurations(TestRunner.java:655) [org.testng_7.10.1.r202404130807.jar:7.10.1]
	at org.testng.TestRunner.afterRun(TestRunner.java:818) [org.testng_7.10.1.r202404130807.jar:7.10.1]
	at org.testng.TestRunner.run(TestRunner.java:616) [org.testng_7.10.1.r202404130807.jar:7.10.1]
	at org.testng.SuiteRunner.runTest(SuiteRunner.java:421) [org.testng_7.10.1.r202404130807.jar:7.10.1]
	at org.testng.SuiteRunner.runSequentially(SuiteRunner.java:413) [org.testng_7.10.1.r202404130807.jar:7.10.1]
	at org.testng.SuiteRunner.privateRun(SuiteRunner.java:373) [org.testng_7.10.1.r202404130807.jar:7.10.1]
	at org.testng.SuiteRunner.run(SuiteRunner.java:312) [org.testng_7.10.1.r202404130807.jar:7.10.1]
	at org.testng.SuiteRunnerWorker.runSuite(SuiteRunnerWorker.java:52) [org.testng_7.10.1.r202404130807.jar:7.10.1]
	at org.testng.SuiteRunnerWorker.run(SuiteRunnerWorker.java:95) [org.testng_7.10.1.r202404130807.jar:7.10.1]
	at org.testng.TestNG.runSuitesSequentially(TestNG.java:1274) [org.testng_7.10.1.r202404130807.jar:7.10.1]
	at org.testng.TestNG.runSuitesLocally(TestNG.java:1208) [org.testng_7.10.1.r202404130807.jar:7.10.1]
	at org.testng.TestNG.runSuites(TestNG.java:1112) [org.testng_7.10.1.r202404130807.jar:7.10.1]
	at org.testng.TestNG.run(TestNG.java:1079) [org.testng_7.10.1.r202404130807.jar:7.10.1]
	at org.testng.remote.AbstractRemoteTestNG.run(AbstractRemoteTestNG.java:115) [testng-remote.jar:?]
	at org.testng.remote.RemoteTestNG.initAndRun(RemoteTestNG.java:293) [testng-remote.jar:?]
	at org.testng.remote.RemoteTestNG.main(RemoteTestNG.java:91) [testng-remote.jar:?]
2025-09-16 17:24:22 [main] INFO  TestBase - Web Driver initiated. Launching Chrome Browser
2025-09-16 17:24:23 [main] INFO  TestBase - Launching Sun NXT.....
2025-09-16 17:24:25 [main] INFO  TestBase - Web Driver initiated. Launching Chrome Browser
2025-09-16 17:24:25 [main] INFO  TestBase - Launching Sun NXT.....
2025-09-16 17:24:34 [main] INFO  TC_ContentPlaybackTvShowsBasic - Starting playback testing for TV Shows Section- Basic User
2025-09-16 17:24:34 [main] INFO  TC_ContentPlaybackTvShowsBasic - Starting playback testing for TV Shows Section- Basic User
2025-09-16 17:24:35 [main] INFO  contentLanguageSelection - Tamil Language has been selected
2025-09-16 17:24:35 [main] INFO  contentLanguageSelection - Tamil Language has been selected
2025-09-16 17:24:35 [main] INFO  TestBase - Applying implicit wait of 10 seconds.
2025-09-16 17:24:35 [main] INFO  TestBase - Applying implicit wait of 10 seconds.
2025-09-16 17:24:40 [main] INFO  HomepageSunnxt - Profile icon clicked
2025-09-16 17:24:40 [main] INFO  HomepageSunnxt - Signin button clicked
2025-09-16 17:24:43 [main] INFO  HomepageSunnxt - Profile icon clicked
2025-09-16 17:24:43 [main] INFO  HomepageSunnxt - Signin button clicked
2025-09-16 17:24:44 [main] INFO  LoginPageSunnxt - Email or Mobile Number has been entered
2025-09-16 17:24:44 [main] INFO  LoginPageSunnxt - Password has been entered
2025-09-16 17:24:44 [main] INFO  LoginPageSunnxt - Login button clicked
2025-09-16 17:24:49 [main] INFO  LoginPageSunnxt - Email or Mobile Number has been entered
2025-09-16 17:24:49 [main] INFO  LoginPageSunnxt - Password has been entered
2025-09-16 17:24:49 [main] INFO  LoginPageSunnxt - Login button clicked
2025-09-16 17:25:34 [main] INFO  LoginPageSunnxt - User login successful with username: sunnxtq@gmail.com
2025-09-16 17:25:40 [main] INFO  LoginPageSunnxt - User login successful with username: sunnxtq@gmail.com
2025-09-16 17:25:40 [main] INFO  TestBase - Applying implicit wait of 30 seconds.
2025-09-16 17:26:04 [main] INFO  HomepageSunnxt - Extracting all carousel elements...
2025-09-16 17:26:05 [main] INFO  HomepageSunnxt - Targeted carousel: Popular Live Channels
2025-09-16 17:26:05 [main] INFO  WaitUtils - Scrolling........
2025-09-16 17:26:10 [main] INFO  WaitUtils - Scrolling........
2025-09-16 17:26:15 [main] ERROR PlayerControlsSunnxt - Error while checking video playback.
org.openqa.selenium.TimeoutException: Expected condition failed: waiting for sunnxtPages.PlayerControlsSunnxt$$Lambda/0x000001fc013a52f8@4d6ccc97 (tried for 20 second(s) with 500 milliseconds interval)
Build info: version: '4.29.0', revision: '5fc1ec94cb'
System info: os.name: 'Windows 11', os.arch: 'amd64', os.version: '10.0', java.version: '23.0.1'
Driver info: driver.version: unknown
	at org.openqa.selenium.support.ui.FluentWait.timeoutException(FluentWait.java:265) ~[selenium-support-4.29.0.jar:?]
	at org.openqa.selenium.support.ui.FluentWait.until(FluentWait.java:228) ~[selenium-support-4.29.0.jar:?]
	at sunnxtPages.PlayerControlsSunnxt.isVideoPlaying(PlayerControlsSunnxt.java:87) [classes/:?]
	at basicUserContentPlayback.TC_ContentPlaybackTvShowsBasic.tearDown(TC_ContentPlaybackTvShowsBasic.java:76) [test-classes/:?]
	at java.base/jdk.internal.reflect.DirectMethodHandleAccessor.invoke(DirectMethodHandleAccessor.java:103) ~[?:?]
	at java.base/java.lang.reflect.Method.invoke(Method.java:580) ~[?:?]
	at org.testng.internal.invokers.MethodInvocationHelper.invokeMethod(MethodInvocationHelper.java:141) [org.testng_7.10.1.r202404130807.jar:7.10.1]
	at org.testng.internal.invokers.MethodInvocationHelper.invokeMethodConsideringTimeout(MethodInvocationHelper.java:71) [org.testng_7.10.1.r202404130807.jar:7.10.1]
	at org.testng.internal.invokers.ConfigInvoker.invokeConfigurationMethod(ConfigInvoker.java:400) [org.testng_7.10.1.r202404130807.jar:7.10.1]
	at org.testng.internal.invokers.ConfigInvoker.invokeConfigurations(ConfigInvoker.java:333) [org.testng_7.10.1.r202404130807.jar:7.10.1]
	at org.testng.TestRunner.invokeTestConfigurations(TestRunner.java:655) [org.testng_7.10.1.r202404130807.jar:7.10.1]
	at org.testng.TestRunner.afterRun(TestRunner.java:818) [org.testng_7.10.1.r202404130807.jar:7.10.1]
	at org.testng.TestRunner.run(TestRunner.java:616) [org.testng_7.10.1.r202404130807.jar:7.10.1]
	at org.testng.SuiteRunner.runTest(SuiteRunner.java:421) [org.testng_7.10.1.r202404130807.jar:7.10.1]
	at org.testng.SuiteRunner.runSequentially(SuiteRunner.java:413) [org.testng_7.10.1.r202404130807.jar:7.10.1]
	at org.testng.SuiteRunner.privateRun(SuiteRunner.java:373) [org.testng_7.10.1.r202404130807.jar:7.10.1]
	at org.testng.SuiteRunner.run(SuiteRunner.java:312) [org.testng_7.10.1.r202404130807.jar:7.10.1]
	at org.testng.SuiteRunnerWorker.runSuite(SuiteRunnerWorker.java:52) [org.testng_7.10.1.r202404130807.jar:7.10.1]
	at org.testng.SuiteRunnerWorker.run(SuiteRunnerWorker.java:95) [org.testng_7.10.1.r202404130807.jar:7.10.1]
	at org.testng.TestNG.runSuitesSequentially(TestNG.java:1274) [org.testng_7.10.1.r202404130807.jar:7.10.1]
	at org.testng.TestNG.runSuitesLocally(TestNG.java:1208) [org.testng_7.10.1.r202404130807.jar:7.10.1]
	at org.testng.TestNG.runSuites(TestNG.java:1112) [org.testng_7.10.1.r202404130807.jar:7.10.1]
	at org.testng.TestNG.run(TestNG.java:1079) [org.testng_7.10.1.r202404130807.jar:7.10.1]
	at org.testng.remote.AbstractRemoteTestNG.run(AbstractRemoteTestNG.java:115) [testng-remote.jar:?]
	at org.testng.remote.RemoteTestNG.initAndRun(RemoteTestNG.java:293) [testng-remote.jar:?]
	at org.testng.remote.RemoteTestNG.main(RemoteTestNG.java:91) [testng-remote.jar:?]
2025-09-16 17:26:15 [main] INFO  WaitUtils - Scrolling........
2025-09-16 17:26:20 [main] INFO  WaitUtils - Scrolling........
2025-09-16 17:26:25 [main] INFO  WaitUtils - Scrolling........
2025-09-16 17:27:57 [main] ERROR PlayerControlsSunnxt - Error while checking video playback.
org.openqa.selenium.TimeoutException: Expected condition failed: waiting for sunnxtPages.PlayerControlsSunnxt$$Lambda/0x000001ca1d3ac980@62cba181 (tried for 20 second(s) with 500 milliseconds interval)
Build info: version: '4.29.0', revision: '5fc1ec94cb'
System info: os.name: 'Windows 11', os.arch: 'amd64', os.version: '10.0', java.version: '23.0.1'
Driver info: driver.version: unknown
	at org.openqa.selenium.support.ui.FluentWait.timeoutException(FluentWait.java:265) ~[selenium-support-4.29.0.jar:?]
	at org.openqa.selenium.support.ui.FluentWait.until(FluentWait.java:228) ~[selenium-support-4.29.0.jar:?]
	at sunnxtPages.PlayerControlsSunnxt.isVideoPlaying(PlayerControlsSunnxt.java:87) [classes/:?]
	at basicUserContentPlayback.TC_ContentPlaybackTvShowsBasic.tearDown(TC_ContentPlaybackTvShowsBasic.java:76) [test-classes/:?]
	at java.base/jdk.internal.reflect.DirectMethodHandleAccessor.invoke(DirectMethodHandleAccessor.java:103) ~[?:?]
	at java.base/java.lang.reflect.Method.invoke(Method.java:580) ~[?:?]
	at org.testng.internal.invokers.MethodInvocationHelper.invokeMethod(MethodInvocationHelper.java:141) [org.testng_7.10.1.r202404130807.jar:7.10.1]
	at org.testng.internal.invokers.MethodInvocationHelper.invokeMethodConsideringTimeout(MethodInvocationHelper.java:71) [org.testng_7.10.1.r202404130807.jar:7.10.1]
	at org.testng.internal.invokers.ConfigInvoker.invokeConfigurationMethod(ConfigInvoker.java:400) [org.testng_7.10.1.r202404130807.jar:7.10.1]
	at org.testng.internal.invokers.ConfigInvoker.invokeConfigurations(ConfigInvoker.java:333) [org.testng_7.10.1.r202404130807.jar:7.10.1]
	at org.testng.TestRunner.invokeTestConfigurations(TestRunner.java:655) [org.testng_7.10.1.r202404130807.jar:7.10.1]
	at org.testng.TestRunner.afterRun(TestRunner.java:818) [org.testng_7.10.1.r202404130807.jar:7.10.1]
	at org.testng.TestRunner.run(TestRunner.java:616) [org.testng_7.10.1.r202404130807.jar:7.10.1]
	at org.testng.SuiteRunner.runTest(SuiteRunner.java:421) [org.testng_7.10.1.r202404130807.jar:7.10.1]
	at org.testng.SuiteRunner.runSequentially(SuiteRunner.java:413) [org.testng_7.10.1.r202404130807.jar:7.10.1]
	at org.testng.SuiteRunner.privateRun(SuiteRunner.java:373) [org.testng_7.10.1.r202404130807.jar:7.10.1]
	at org.testng.SuiteRunner.run(SuiteRunner.java:312) [org.testng_7.10.1.r202404130807.jar:7.10.1]
	at org.testng.SuiteRunnerWorker.runSuite(SuiteRunnerWorker.java:52) [org.testng_7.10.1.r202404130807.jar:7.10.1]
	at org.testng.SuiteRunnerWorker.run(SuiteRunnerWorker.java:95) [org.testng_7.10.1.r202404130807.jar:7.10.1]
	at org.testng.TestNG.runSuitesSequentially(TestNG.java:1274) [org.testng_7.10.1.r202404130807.jar:7.10.1]
	at org.testng.TestNG.runSuitesLocally(TestNG.java:1208) [org.testng_7.10.1.r202404130807.jar:7.10.1]
	at org.testng.TestNG.runSuites(TestNG.java:1112) [org.testng_7.10.1.r202404130807.jar:7.10.1]
	at org.testng.TestNG.run(TestNG.java:1079) [org.testng_7.10.1.r202404130807.jar:7.10.1]
	at org.testng.remote.AbstractRemoteTestNG.run(AbstractRemoteTestNG.java:115) [testng-remote.jar:?]
	at org.testng.remote.RemoteTestNG.initAndRun(RemoteTestNG.java:293) [testng-remote.jar:?]
	at org.testng.remote.RemoteTestNG.main(RemoteTestNG.java:91) [testng-remote.jar:?]
2025-09-16 17:28:13 [main] INFO  TestBase - Web Driver initiated. Launching Chrome Browser
2025-09-16 17:28:13 [main] INFO  TestBase - Launching Sun NXT.....
2025-09-16 17:28:19 [main] INFO  TC_ContentPlaybackTvShowsBasic - Starting playback testing for TV Shows Section- Basic User
2025-09-16 17:28:19 [main] INFO  contentLanguageSelection - Tamil Language has been selected
2025-09-16 17:28:19 [main] INFO  TestBase - Applying implicit wait of 10 seconds.
2025-09-16 17:28:22 [main] INFO  HomepageSunnxt - Profile icon clicked
2025-09-16 17:28:22 [main] INFO  HomepageSunnxt - Signin button clicked
2025-09-16 17:28:24 [main] INFO  LoginPageSunnxt - Email or Mobile Number has been entered
2025-09-16 17:28:24 [main] INFO  LoginPageSunnxt - Password has been entered
2025-09-16 17:28:24 [main] INFO  LoginPageSunnxt - Login button clicked
2025-09-16 17:29:14 [main] INFO  LoginPageSunnxt - User login successful with username: sunnxtq@gmail.com
2025-09-16 17:29:14 [main] INFO  TestBase - Applying implicit wait of 30 seconds.
2025-09-16 17:29:39 [main] INFO  HomepageSunnxt - Extracting all carousel elements...
2025-09-16 17:29:39 [main] INFO  HomepageSunnxt - Targeted carousel: Serial Previews
2025-09-16 17:29:39 [main] INFO  WaitUtils - Scrolling........
2025-09-16 17:31:11 [main] ERROR PlayerControlsSunnxt - Error while checking video playback.
org.openqa.selenium.TimeoutException: Expected condition failed: waiting for sunnxtPages.PlayerControlsSunnxt$$Lambda/0x000002392e3ac980@62f11ebb (tried for 20 second(s) with 500 milliseconds interval)
Build info: version: '4.29.0', revision: '5fc1ec94cb'
System info: os.name: 'Windows 11', os.arch: 'amd64', os.version: '10.0', java.version: '23.0.1'
Driver info: driver.version: unknown
	at org.openqa.selenium.support.ui.FluentWait.timeoutException(FluentWait.java:265) ~[selenium-support-4.29.0.jar:?]
	at org.openqa.selenium.support.ui.FluentWait.until(FluentWait.java:228) ~[selenium-support-4.29.0.jar:?]
	at sunnxtPages.PlayerControlsSunnxt.isVideoPlaying(PlayerControlsSunnxt.java:87) [classes/:?]
	at basicUserContentPlayback.TC_ContentPlaybackTvShowsBasic.tearDown(TC_ContentPlaybackTvShowsBasic.java:76) [test-classes/:?]
	at java.base/jdk.internal.reflect.DirectMethodHandleAccessor.invoke(DirectMethodHandleAccessor.java:103) ~[?:?]
	at java.base/java.lang.reflect.Method.invoke(Method.java:580) ~[?:?]
	at org.testng.internal.invokers.MethodInvocationHelper.invokeMethod(MethodInvocationHelper.java:141) [org.testng_7.10.1.r202404130807.jar:7.10.1]
	at org.testng.internal.invokers.MethodInvocationHelper.invokeMethodConsideringTimeout(MethodInvocationHelper.java:71) [org.testng_7.10.1.r202404130807.jar:7.10.1]
	at org.testng.internal.invokers.ConfigInvoker.invokeConfigurationMethod(ConfigInvoker.java:400) [org.testng_7.10.1.r202404130807.jar:7.10.1]
	at org.testng.internal.invokers.ConfigInvoker.invokeConfigurations(ConfigInvoker.java:333) [org.testng_7.10.1.r202404130807.jar:7.10.1]
	at org.testng.TestRunner.invokeTestConfigurations(TestRunner.java:655) [org.testng_7.10.1.r202404130807.jar:7.10.1]
	at org.testng.TestRunner.afterRun(TestRunner.java:818) [org.testng_7.10.1.r202404130807.jar:7.10.1]
	at org.testng.TestRunner.run(TestRunner.java:616) [org.testng_7.10.1.r202404130807.jar:7.10.1]
	at org.testng.SuiteRunner.runTest(SuiteRunner.java:421) [org.testng_7.10.1.r202404130807.jar:7.10.1]
	at org.testng.SuiteRunner.runSequentially(SuiteRunner.java:413) [org.testng_7.10.1.r202404130807.jar:7.10.1]
	at org.testng.SuiteRunner.privateRun(SuiteRunner.java:373) [org.testng_7.10.1.r202404130807.jar:7.10.1]
	at org.testng.SuiteRunner.run(SuiteRunner.java:312) [org.testng_7.10.1.r202404130807.jar:7.10.1]
	at org.testng.SuiteRunnerWorker.runSuite(SuiteRunnerWorker.java:52) [org.testng_7.10.1.r202404130807.jar:7.10.1]
	at org.testng.SuiteRunnerWorker.run(SuiteRunnerWorker.java:95) [org.testng_7.10.1.r202404130807.jar:7.10.1]
	at org.testng.TestNG.runSuitesSequentially(TestNG.java:1274) [org.testng_7.10.1.r202404130807.jar:7.10.1]
	at org.testng.TestNG.runSuitesLocally(TestNG.java:1208) [org.testng_7.10.1.r202404130807.jar:7.10.1]
	at org.testng.TestNG.runSuites(TestNG.java:1112) [org.testng_7.10.1.r202404130807.jar:7.10.1]
	at org.testng.TestNG.run(TestNG.java:1079) [org.testng_7.10.1.r202404130807.jar:7.10.1]
	at org.testng.remote.AbstractRemoteTestNG.run(AbstractRemoteTestNG.java:115) [testng-remote.jar:?]
	at org.testng.remote.RemoteTestNG.initAndRun(RemoteTestNG.java:293) [testng-remote.jar:?]
	at org.testng.remote.RemoteTestNG.main(RemoteTestNG.java:91) [testng-remote.jar:?]
2025-09-16 17:34:02 [main] INFO  TestBase - Web Driver initiated. Launching Chrome Browser
2025-09-16 17:34:02 [main] INFO  TestBase - Launching Sun NXT.....
2025-09-16 17:34:06 [main] INFO  TC_ContentPlaybackTvShowsBasic - Starting playback testing for TV Shows Section- Basic User
2025-09-16 17:34:06 [main] INFO  contentLanguageSelection - Tamil Language has been selected
2025-09-16 17:34:06 [main] INFO  TestBase - Applying implicit wait of 10 seconds.
2025-09-16 17:34:07 [main] INFO  HomepageSunnxt - Profile icon clicked
2025-09-16 17:34:07 [main] INFO  HomepageSunnxt - Signin button clicked
2025-09-16 17:34:10 [main] INFO  LoginPageSunnxt - Email or Mobile Number has been entered
2025-09-16 17:34:10 [main] INFO  LoginPageSunnxt - Password has been entered
2025-09-16 17:34:10 [main] INFO  LoginPageSunnxt - Login button clicked
2025-09-16 17:35:00 [main] INFO  LoginPageSunnxt - User login successful with username: sunnxtq@gmail.com
2025-09-16 17:35:00 [main] INFO  TestBase - Applying implicit wait of 30 seconds.
2025-09-16 17:35:25 [main] INFO  HomepageSunnxt - Extracting all carousel elements...
2025-09-16 17:35:25 [main] INFO  HomepageSunnxt - Targeted carousel: Aadukalam
2025-09-16 17:35:26 [main] INFO  WaitUtils - Scrolling........
2025-09-16 17:36:07 [main] INFO  ContentDetailPageSunnxt - Targeted Content - Aadukalam - Aug 17, 2025 
2025-09-16 17:36:07 [main] INFO  ContentDetailPageSunnxt - Trying to click the play button...
2025-09-16 17:36:37 [main] INFO  ContentDetailPageSunnxt - Regular play button found, clicking...
2025-09-16 17:36:38 [main] INFO  PlayerControlsSunnxt - No ad detected on this page.
2025-09-16 17:37:09 [main] INFO  PlayerControlsSunnxt -  Video is playing.
2025-09-16 17:37:09 [main] INFO  PlayerControlsSunnxt - Video validation PASSED: video is playing.
2025-09-16 17:37:09 [main] INFO  PlayerControlsSunnxt -  Video is playing.
2025-09-16 17:37:09 [main] INFO  TestBase - Applying implicit wait of 30 seconds.
2025-09-16 17:37:10 [main] INFO  TestBase - All browser sessions have been closed.
2025-09-16 17:45:06 [main] INFO  TestBase - Web Driver initiated. Launching Chrome Browser
2025-09-16 17:45:06 [main] INFO  TestBase - Launching Sun NXT.....
2025-09-16 17:45:12 [main] INFO  TC_ContentPlaybackTvShowsBasic - Starting playback testing for TV Shows Section- Basic User
2025-09-16 17:45:12 [main] INFO  contentLanguageSelection - Tamil Language has been selected
2025-09-16 17:45:12 [main] INFO  TestBase - Applying implicit wait of 10 seconds.
2025-09-16 17:45:13 [main] INFO  HomepageSunnxt - Profile icon clicked
2025-09-16 17:45:14 [main] INFO  HomepageSunnxt - Signin button clicked
2025-09-16 17:45:14 [main] INFO  LoginPageSunnxt - Email or Mobile Number has been entered
2025-09-16 17:45:14 [main] INFO  LoginPageSunnxt - Password has been entered
2025-09-16 17:45:15 [main] INFO  LoginPageSunnxt - Login button clicked
2025-09-16 17:45:49 [main] INFO  TestBase - Web Driver initiated. Launching Chrome Browser
2025-09-16 17:45:49 [main] INFO  TestBase - Launching Sun NXT.....
2025-09-16 17:45:55 [main] INFO  TC_ContentPlaybackTvShowsBasic - Starting playback testing for TV Shows Section- Basic User
2025-09-16 17:45:55 [main] INFO  contentLanguageSelection - Tamil Language has been selected
2025-09-16 17:45:55 [main] INFO  TestBase - Applying implicit wait of 10 seconds.
2025-09-16 17:45:58 [main] INFO  HomepageSunnxt - Profile icon clicked
2025-09-16 17:45:58 [main] INFO  HomepageSunnxt - Signin button clicked
2025-09-16 17:46:00 [main] INFO  LoginPageSunnxt - Email or Mobile Number has been entered
2025-09-16 17:46:00 [main] INFO  LoginPageSunnxt - Password has been entered
2025-09-16 17:46:00 [main] INFO  LoginPageSunnxt - Login button clicked
2025-09-16 17:46:50 [main] INFO  LoginPageSunnxt - User login successful with username: sunnxtq@gmail.com
2025-09-16 17:46:50 [main] INFO  TestBase - Applying implicit wait of 30 seconds.
2025-09-16 17:47:15 [main] INFO  HomepageSunnxt - Extracting all carousel elements...
2025-09-16 17:47:15 [main] INFO  HomepageSunnxt - Targeted carousel: Tamil Top Rated Shows
2025-09-16 17:47:16 [main] INFO  WaitUtils - Scrolling........
2025-09-16 17:47:21 [main] INFO  WaitUtils - Scrolling........
2025-09-16 17:47:26 [main] INFO  WaitUtils - Scrolling........
2025-09-16 17:47:31 [main] INFO  WaitUtils - Scrolling........
2025-09-16 17:47:36 [main] INFO  WaitUtils - Scrolling........
2025-09-16 17:48:17 [main] INFO  ContentDetailPageSunnxt - Targeted Content - Ilakkiya - Sep 16, 2025 
2025-09-16 17:48:17 [main] INFO  ContentDetailPageSunnxt - Trying to click the play button...
2025-09-16 17:48:47 [main] INFO  ContentDetailPageSunnxt - Regular play button found, clicking...
2025-09-16 17:48:48 [main] INFO  PlayerControlsSunnxt - No ad detected on this page.
2025-09-16 17:49:19 [main] INFO  PlayerControlsSunnxt -  Video is playing.
2025-09-16 17:49:19 [main] INFO  PlayerControlsSunnxt - Video validation PASSED: video is playing.
2025-09-16 17:49:19 [main] INFO  PlayerControlsSunnxt -  Video is playing.
2025-09-16 17:49:19 [main] INFO  TestBase - Applying implicit wait of 30 seconds.
2025-09-16 17:49:20 [main] INFO  TestBase - All browser sessions have been closed.
2025-09-16 17:53:28 [main] INFO  TestBase - Web Driver initiated. Launching Chrome Browser
2025-09-16 17:53:28 [main] INFO  TestBase - Launching Sun NXT.....
2025-09-16 17:53:31 [main] INFO  TC_ContentPlaybackTVShows - Starting playback testing for TV Shows Section
2025-09-16 17:53:31 [main] INFO  contentLanguageSelection - Tamil Language has been selected
2025-09-16 17:53:32 [main] INFO  TestBase - Applying implicit wait of 10 seconds.
2025-09-16 17:53:33 [main] INFO  HomepageSunnxt - Profile icon clicked
2025-09-16 17:53:33 [main] INFO  HomepageSunnxt - Signin button clicked
2025-09-16 17:53:35 [main] INFO  LoginPageSunnxt - Email or Mobile Number has been entered
2025-09-16 17:53:35 [main] INFO  LoginPageSunnxt - Password has been entered
2025-09-16 17:53:35 [main] INFO  LoginPageSunnxt - Login button clicked
2025-09-16 17:54:02 [main] INFO  TestBase - Web Driver initiated. Launching Chrome Browser
2025-09-16 17:54:02 [main] INFO  TestBase - Launching Sun NXT.....
2025-09-16 17:54:07 [main] INFO  TC_ContentPlaybackTvShowsBasic - Starting playback testing for TV Shows Section- Basic User
2025-09-16 17:54:07 [main] INFO  contentLanguageSelection - Tamil Language has been selected
2025-09-16 17:54:07 [main] INFO  TestBase - Applying implicit wait of 10 seconds.
2025-09-16 17:54:09 [main] INFO  HomepageSunnxt - Profile icon clicked
2025-09-16 17:54:09 [main] INFO  HomepageSunnxt - Signin button clicked
2025-09-16 17:54:11 [main] INFO  LoginPageSunnxt - Email or Mobile Number has been entered
2025-09-16 17:54:11 [main] INFO  LoginPageSunnxt - Password has been entered
2025-09-16 17:54:11 [main] INFO  LoginPageSunnxt - Login button clicked
2025-09-16 17:54:19 [main] ERROR LoginPageSunnxt - Exception during login validation: 
org.openqa.selenium.remote.UnreachableBrowserException: Error communicating with the remote browser. It may have died.
Build info: version: '4.29.0', revision: '5fc1ec94cb'
System info: os.name: 'Windows 11', os.arch: 'amd64', os.version: '10.0', java.version: '23.0.1'
Driver info: org.openqa.selenium.chrome.ChromeDriver
Command: [d8a6d19239c4eaa670b33f2d1bcfebec, findElement [value, using]]
Capabilities {acceptInsecureCerts: false, browserName: chrome, browserVersion: 140.0.7339.81, chrome: {chromedriverVersion: 140.0.7339.82 (bc93617e21c3..., userDataDir: C:\Users\ARUNAC~1.D\AppData...}, fedcm:accounts: true, goog:chromeOptions: {debuggerAddress: localhost:57770}, networkConnectionEnabled: false, pageLoadStrategy: eager, platformName: windows, proxy: Proxy(), se:cdp: ws://localhost:57770/devtoo..., se:cdpVersion: 140.0.7339.81, setWindowRect: true, strictFileInteractability: false, timeouts: {implicit: 0, pageLoad: 300000, script: 30000}, unhandledPromptBehavior: dismiss and notify, webauthn:extension:credBlob: true, webauthn:extension:largeBlob: true, webauthn:extension:minPinLength: true, webauthn:extension:prf: true, webauthn:virtualAuthenticators: true}
Session ID: d8a6d19239c4eaa670b33f2d1bcfebec
	at org.openqa.selenium.remote.RemoteWebDriver.execute(RemoteWebDriver.java:572) ~[selenium-remote-driver-4.29.0.jar:?]
	at org.openqa.selenium.remote.ElementLocation$ElementFinder$2.findElement(ElementLocation.java:165) ~[selenium-remote-driver-4.29.0.jar:?]
	at org.openqa.selenium.remote.ElementLocation.findElement(ElementLocation.java:59) ~[selenium-remote-driver-4.29.0.jar:?]
	at org.openqa.selenium.remote.RemoteWebDriver.findElement(RemoteWebDriver.java:368) ~[selenium-remote-driver-4.29.0.jar:?]
	at org.openqa.selenium.remote.RemoteWebDriver.findElement(RemoteWebDriver.java:362) ~[selenium-remote-driver-4.29.0.jar:?]
	at org.openqa.selenium.support.pagefactory.DefaultElementLocator.findElement(DefaultElementLocator.java:68) ~[selenium-support-4.29.0.jar:?]
	at org.openqa.selenium.support.pagefactory.internal.LocatingElementHandler.invoke(LocatingElementHandler.java:38) ~[selenium-support-4.29.0.jar:?]
	at jdk.proxy2/jdk.proxy2.$Proxy29.isDisplayed(Unknown Source) ~[?:?]
	at utility.WaitUtils.isElementPresent(WaitUtils.java:125) ~[classes/:?]
	at sunnxtPages.LoginPageSunnxt.userDetail(LoginPageSunnxt.java:69) ~[classes/:?]
	at premiumUserContentPlayback.TC_ContentPlaybackTVShows.contentPlayBackCheckTest(TC_ContentPlaybackTVShows.java:45) ~[test-classes/:?]
	at java.base/jdk.internal.reflect.DirectMethodHandleAccessor.invoke(DirectMethodHandleAccessor.java:103) ~[?:?]
	at java.base/java.lang.reflect.Method.invoke(Method.java:580) ~[?:?]
	at org.testng.internal.invokers.MethodInvocationHelper.invokeMethod(MethodInvocationHelper.java:141) ~[org.testng_7.10.1.r202404130807.jar:7.10.1]
	at org.testng.internal.invokers.TestInvoker.invokeMethod(TestInvoker.java:686) ~[org.testng_7.10.1.r202404130807.jar:7.10.1]
	at org.testng.internal.invokers.TestInvoker.invokeTestMethod(TestInvoker.java:230) ~[org.testng_7.10.1.r202404130807.jar:7.10.1]
	at org.testng.internal.invokers.MethodRunner.runInSequence(MethodRunner.java:63) ~[org.testng_7.10.1.r202404130807.jar:7.10.1]
	at org.testng.internal.invokers.TestInvoker$MethodInvocationAgent.invoke(TestInvoker.java:992) ~[org.testng_7.10.1.r202404130807.jar:7.10.1]
	at org.testng.internal.invokers.TestInvoker.invokeTestMethods(TestInvoker.java:203) ~[org.testng_7.10.1.r202404130807.jar:7.10.1]
	at org.testng.internal.invokers.TestMethodWorker.invokeTestMethods(TestMethodWorker.java:154) ~[org.testng_7.10.1.r202404130807.jar:7.10.1]
	at org.testng.internal.invokers.TestMethodWorker.run(TestMethodWorker.java:134) ~[org.testng_7.10.1.r202404130807.jar:7.10.1]
	at java.base/java.util.ArrayList.forEach(ArrayList.java:1597) [?:?]
	at org.testng.TestRunner.privateRun(TestRunner.java:739) [org.testng_7.10.1.r202404130807.jar:7.10.1]
	at org.testng.TestRunner.run(TestRunner.java:614) [org.testng_7.10.1.r202404130807.jar:7.10.1]
	at org.testng.SuiteRunner.runTest(SuiteRunner.java:421) [org.testng_7.10.1.r202404130807.jar:7.10.1]
	at org.testng.SuiteRunner.runSequentially(SuiteRunner.java:413) [org.testng_7.10.1.r202404130807.jar:7.10.1]
	at org.testng.SuiteRunner.privateRun(SuiteRunner.java:373) [org.testng_7.10.1.r202404130807.jar:7.10.1]
	at org.testng.SuiteRunner.run(SuiteRunner.java:312) [org.testng_7.10.1.r202404130807.jar:7.10.1]
	at org.testng.SuiteRunnerWorker.runSuite(SuiteRunnerWorker.java:52) [org.testng_7.10.1.r202404130807.jar:7.10.1]
	at org.testng.SuiteRunnerWorker.run(SuiteRunnerWorker.java:95) [org.testng_7.10.1.r202404130807.jar:7.10.1]
	at org.testng.TestNG.runSuitesSequentially(TestNG.java:1274) [org.testng_7.10.1.r202404130807.jar:7.10.1]
	at org.testng.TestNG.runSuitesLocally(TestNG.java:1208) [org.testng_7.10.1.r202404130807.jar:7.10.1]
	at org.testng.TestNG.runSuites(TestNG.java:1112) [org.testng_7.10.1.r202404130807.jar:7.10.1]
	at org.testng.TestNG.run(TestNG.java:1079) [org.testng_7.10.1.r202404130807.jar:7.10.1]
	at org.testng.remote.AbstractRemoteTestNG.run(AbstractRemoteTestNG.java:115) [testng-remote.jar:?]
	at org.testng.remote.RemoteTestNG.initAndRun(RemoteTestNG.java:293) [testng-remote.jar:?]
	at org.testng.remote.RemoteTestNG.main(RemoteTestNG.java:91) [testng-remote.jar:?]
Caused by: java.io.UncheckedIOException: java.io.IOException: HTTP/1.1 header parser received no bytes
	at org.openqa.selenium.remote.http.jdk.JdkHttpClient.execute0(JdkHttpClient.java:497) ~[selenium-http-4.29.0.jar:?]
	at org.openqa.selenium.remote.http.AddSeleniumUserAgent.lambda$apply$0(AddSeleniumUserAgent.java:42) ~[selenium-http-4.29.0.jar:?]
	at org.openqa.selenium.remote.http.Filter.lambda$andFinally$1(Filter.java:55) ~[selenium-http-4.29.0.jar:?]
	at org.openqa.selenium.remote.http.jdk.JdkHttpClient.lambda$executeAsync$1(JdkHttpClient.java:384) ~[selenium-http-4.29.0.jar:?]
	at java.base/java.util.concurrent.Executors$RunnableAdapter.call(Executors.java:572) ~[?:?]
	at java.base/java.util.concurrent.FutureTask.run(FutureTask.java:317) ~[?:?]
	at java.base/java.util.concurrent.ThreadPoolExecutor.runWorker(ThreadPoolExecutor.java:1144) ~[?:?]
	at java.base/java.util.concurrent.ThreadPoolExecutor$Worker.run(ThreadPoolExecutor.java:642) ~[?:?]
	at java.base/java.lang.Thread.run(Thread.java:1575) ~[?:?]
Caused by: java.io.IOException: HTTP/1.1 header parser received no bytes
	at java.net.http/jdk.internal.net.http.HttpClientImpl.send(HttpClientImpl.java:971) ~[java.net.http:?]
	at java.net.http/jdk.internal.net.http.HttpClientFacade.send(HttpClientFacade.java:133) ~[java.net.http:?]
	at org.openqa.selenium.remote.http.jdk.JdkHttpClient.execute0(JdkHttpClient.java:456) ~[selenium-http-4.29.0.jar:?]
	at org.openqa.selenium.remote.http.AddSeleniumUserAgent.lambda$apply$0(AddSeleniumUserAgent.java:42) ~[selenium-http-4.29.0.jar:?]
	at org.openqa.selenium.remote.http.Filter.lambda$andFinally$1(Filter.java:55) ~[selenium-http-4.29.0.jar:?]
	at org.openqa.selenium.remote.http.jdk.JdkHttpClient.lambda$executeAsync$1(JdkHttpClient.java:384) ~[selenium-http-4.29.0.jar:?]
	at java.base/java.util.concurrent.Executors$RunnableAdapter.call(Executors.java:572) ~[?:?]
	at java.base/java.util.concurrent.FutureTask.run(FutureTask.java:317) ~[?:?]
	at java.base/java.util.concurrent.ThreadPoolExecutor.runWorker(ThreadPoolExecutor.java:1144) ~[?:?]
	at java.base/java.util.concurrent.ThreadPoolExecutor$Worker.run(ThreadPoolExecutor.java:642) ~[?:?]
	at java.base/java.lang.Thread.run(Thread.java:1575) ~[?:?]
Caused by: java.io.IOException: HTTP/1.1 header parser received no bytes
	at java.net.http/jdk.internal.net.http.common.Utils.wrapWithExtraDetail(Utils.java:440) ~[java.net.http:?]
	at java.net.http/jdk.internal.net.http.Http1Response$HeadersReader.onReadError(Http1Response.java:590) ~[java.net.http:?]
	at java.net.http/jdk.internal.net.http.Http1AsyncReceiver.checkForErrors(Http1AsyncReceiver.java:302) ~[java.net.http:?]
	at java.net.http/jdk.internal.net.http.Http1AsyncReceiver.flush(Http1AsyncReceiver.java:268) ~[java.net.http:?]
	at java.net.http/jdk.internal.net.http.common.SequentialScheduler$LockingRestartableTask.run(SequentialScheduler.java:182) ~[java.net.http:?]
	at java.net.http/jdk.internal.net.http.common.SequentialScheduler$CompleteRestartableTask.run(SequentialScheduler.java:149) ~[java.net.http:?]
	at java.net.http/jdk.internal.net.http.common.SequentialScheduler$SchedulableTask.run(SequentialScheduler.java:207) ~[java.net.http:?]
	at java.base/java.util.concurrent.ThreadPoolExecutor.runWorker(ThreadPoolExecutor.java:1144) ~[?:?]
	at java.base/java.util.concurrent.ThreadPoolExecutor$Worker.run(ThreadPoolExecutor.java:642) ~[?:?]
	at java.base/java.lang.Thread.run(Thread.java:1575) ~[?:?]
Caused by: java.net.SocketException: Connection reset
	at java.base/sun.nio.ch.SocketChannelImpl.throwConnectionReset(SocketChannelImpl.java:403) ~[?:?]
	at java.base/sun.nio.ch.SocketChannelImpl.implRead(SocketChannelImpl.java:435) ~[?:?]
	at java.base/sun.nio.ch.SocketChannelImpl.read(SocketChannelImpl.java:493) ~[?:?]
	at java.net.http/jdk.internal.net.http.SocketTube.readAvailable(SocketTube.java:1178) ~[java.net.http:?]
	at java.net.http/jdk.internal.net.http.SocketTube$InternalReadPublisher$InternalReadSubscription.read(SocketTube.java:841) ~[java.net.http:?]
	at java.net.http/jdk.internal.net.http.SocketTube$SocketFlowTask.run(SocketTube.java:181) ~[java.net.http:?]
	at java.net.http/jdk.internal.net.http.common.SequentialScheduler$SchedulableTask.run(SequentialScheduler.java:207) ~[java.net.http:?]
	at java.net.http/jdk.internal.net.http.common.SequentialScheduler.runOrSchedule(SequentialScheduler.java:280) ~[java.net.http:?]
	at java.net.http/jdk.internal.net.http.common.SequentialScheduler.runOrSchedule(SequentialScheduler.java:233) ~[java.net.http:?]
	at java.net.http/jdk.internal.net.http.SocketTube$InternalReadPublisher$InternalReadSubscription.signalReadable(SocketTube.java:782) ~[java.net.http:?]
	at java.net.http/jdk.internal.net.http.SocketTube$InternalReadPublisher$ReadEvent.signalEvent(SocketTube.java:965) ~[java.net.http:?]
	at java.net.http/jdk.internal.net.http.SocketTube$SocketFlowEvent.handle(SocketTube.java:253) ~[java.net.http:?]
	at java.net.http/jdk.internal.net.http.HttpClientImpl$SelectorManager.handleEvent(HttpClientImpl.java:1478) ~[java.net.http:?]
	at java.net.http/jdk.internal.net.http.HttpClientImpl$SelectorManager.lambda$run$3(HttpClientImpl.java:1423) ~[java.net.http:?]
	at java.base/java.util.ArrayList.forEach(ArrayList.java:1597) ~[?:?]
	at java.net.http/jdk.internal.net.http.HttpClientImpl$SelectorManager.run(HttpClientImpl.java:1423) ~[java.net.http:?]
2025-09-16 17:55:01 [main] INFO  LoginPageSunnxt - User login successful with username: sunnxtq@gmail.com
2025-09-16 17:55:01 [main] INFO  TestBase - Applying implicit wait of 30 seconds.
2025-09-16 17:55:26 [main] INFO  HomepageSunnxt - Extracting all carousel elements...
2025-09-16 17:55:26 [main] INFO  HomepageSunnxt - Targeted carousel: Festival Collections
2025-09-16 17:55:27 [main] INFO  WaitUtils - Scrolling........
2025-09-16 17:55:32 [main] INFO  WaitUtils - Scrolling........
2025-09-16 17:55:37 [main] INFO  WaitUtils - Scrolling........
2025-09-16 17:55:42 [main] INFO  WaitUtils - Scrolling........
2025-09-16 17:55:47 [main] INFO  WaitUtils - Scrolling........
2025-09-16 17:56:28 [main] INFO  ContentDetailPageSunnxt - Targeted Content - Ullam Uruguthey - Part 2 
2025-09-16 17:56:28 [main] INFO  ContentDetailPageSunnxt - Trying to click the play button...
2025-09-16 17:56:58 [main] INFO  ContentDetailPageSunnxt - Regular play button found, clicking...
2025-09-16 17:56:59 [main] INFO  PlayerControlsSunnxt - No ad detected on this page.
2025-09-16 17:57:31 [main] INFO  PlayerControlsSunnxt -  Video is playing.
2025-09-16 17:57:31 [main] INFO  PlayerControlsSunnxt - Video validation PASSED: video is playing.
2025-09-16 17:57:31 [main] INFO  PlayerControlsSunnxt -  Video is playing.
2025-09-16 17:57:31 [main] INFO  TestBase - Applying implicit wait of 30 seconds.
2025-09-16 17:57:32 [main] INFO  TestBase - All browser sessions have been closed.
2025-09-17 10:10:51 [main] INFO  TestBase - Web Driver initiated. Launching Chrome Browser
2025-09-17 10:10:51 [main] INFO  TestBase - Launching Sun NXT.....
2025-09-17 10:10:53 [main] INFO  TC_ContentPlaybackTvShowsBasic - Starting playback testing for TV Shows Section- Basic User
2025-09-17 10:10:55 [main] INFO  contentLanguageSelection - Tamil Language has been selected
2025-09-17 10:10:56 [main] INFO  TestBase - Applying implicit wait of 10 seconds.
2025-09-17 10:10:57 [main] INFO  HomepageSunnxt - Profile icon clicked
2025-09-17 10:10:57 [main] INFO  HomepageSunnxt - Signin button clicked
2025-09-17 10:11:04 [main] INFO  LoginPageSunnxt - Email or Mobile Number has been entered
2025-09-17 10:11:04 [main] INFO  LoginPageSunnxt - Password has been entered
2025-09-17 10:11:04 [main] INFO  LoginPageSunnxt - Login button clicked
2025-09-17 10:11:55 [main] INFO  LoginPageSunnxt - User login successful with username: sunnxtq@gmail.com
2025-09-17 10:11:55 [main] INFO  TestBase - Applying implicit wait of 30 seconds.
2025-09-17 10:12:19 [main] INFO  HomepageSunnxt - Extracting all carousel elements...
2025-09-17 10:12:19 [main] INFO  HomepageSunnxt - Targeted carousel: Ethirneechal Thodargirathu
2025-09-17 10:12:20 [main] INFO  WaitUtils - Scrolling........
2025-09-17 10:13:01 [main] INFO  ContentDetailPageSunnxt - Targeted Content - Ethir Neechal Thodargirathu - Sep 14, 2025 
2025-09-17 10:13:01 [main] INFO  ContentDetailPageSunnxt - Trying to click the play button...
2025-09-17 10:13:31 [main] INFO  ContentDetailPageSunnxt - Regular play button found, clicking...
2025-09-17 10:13:32 [main] INFO  PlayerControlsSunnxt - No ad detected on this page.
2025-09-17 10:14:04 [main] INFO  PlayerControlsSunnxt -  Video is playing.
2025-09-17 10:14:04 [main] INFO  PlayerControlsSunnxt - Video validation PASSED: video is playing.
2025-09-17 10:14:04 [main] INFO  PlayerControlsSunnxt -  Video is playing.
2025-09-17 10:14:04 [main] INFO  TestBase - Applying implicit wait of 30 seconds.
2025-09-17 10:14:06 [main] INFO  TestBase - All browser sessions have been closed.
2025-09-17 10:24:46 [main] INFO  TestBase - Web Driver initiated. Launching Chrome Browser
2025-09-17 10:24:46 [main] INFO  TestBase - Launching Sun NXT.....
2025-09-17 10:24:52 [main] INFO  TC_ContentPlaybackTvShowsBasic - Starting playback testing for TV Shows Section- Basic User
2025-09-17 10:24:52 [main] INFO  contentLanguageSelection - Tamil Language has been selected
2025-09-17 10:24:52 [main] INFO  TestBase - Applying implicit wait of 10 seconds.
2025-09-17 10:24:55 [main] INFO  HomepageSunnxt - Profile icon clicked
2025-09-17 10:24:55 [main] INFO  HomepageSunnxt - Signin button clicked
2025-09-17 10:24:58 [main] INFO  LoginPageSunnxt - Email or Mobile Number has been entered
2025-09-17 10:24:58 [main] INFO  LoginPageSunnxt - Password has been entered
2025-09-17 10:24:59 [main] INFO  LoginPageSunnxt - Login button clicked
2025-09-17 10:25:49 [main] INFO  LoginPageSunnxt - User login successful with username: sunnxtq@gmail.com
2025-09-17 10:25:49 [main] INFO  TestBase - Applying implicit wait of 30 seconds.
2025-09-17 10:26:13 [main] INFO  HomepageSunnxt - Extracting all carousel elements...
2025-09-17 10:32:06 [main] INFO  TestBase - Web Driver initiated. Launching Chrome Browser
2025-09-17 10:32:06 [main] INFO  TestBase - Launching Sun NXT.....
2025-09-17 10:32:11 [main] INFO  TC_ContentPlaybackTvShowsBasic - Starting playback testing for TV Shows Section- Basic User
2025-09-17 10:32:23 [main] INFO  contentLanguageSelection - Tamil Language has been selected
2025-09-17 10:32:41 [main] INFO  TestBase - Applying implicit wait of 10 seconds.
2025-09-17 10:32:45 [main] INFO  HomepageSunnxt - Profile icon clicked
2025-09-17 10:32:45 [main] INFO  HomepageSunnxt - Signin button clicked
2025-09-17 10:32:51 [main] INFO  LoginPageSunnxt - Email or Mobile Number has been entered
2025-09-17 10:32:51 [main] INFO  LoginPageSunnxt - Password has been entered
2025-09-17 10:32:51 [main] INFO  LoginPageSunnxt - Login button clicked
2025-09-17 10:33:41 [main] INFO  LoginPageSunnxt - User login successful with username: sunnxtq@gmail.com
2025-09-17 10:34:59 [main] INFO  TestBase - Applying implicit wait of 30 seconds.
2025-09-17 10:35:22 [main] INFO  HomepageSunnxt - Extracting all carousel elements...
2025-09-17 10:35:23 [main] INFO  HomepageSunnxt - Targeted carousel: Singappenne
2025-09-17 10:35:23 [main] INFO  WaitUtils - Scrolling........
2025-09-17 10:35:28 [main] INFO  WaitUtils - Scrolling........
2025-09-17 10:35:33 [main] INFO  WaitUtils - Scrolling........
2025-09-17 10:35:38 [main] INFO  WaitUtils - Scrolling........
2025-09-17 10:35:43 [main] INFO  WaitUtils - Scrolling........
2025-09-17 10:36:36 [main] INFO  ContentDetailPageSunnxt - Targeted Content - Singappenne - Aug 13, 2025 
2025-09-17 10:36:41 [main] INFO  ContentDetailPageSunnxt - Trying to click the play button...
2025-09-17 10:40:28 [main] INFO  TestBase - Web Driver initiated. Launching Chrome Browser
2025-09-17 10:40:28 [main] INFO  TestBase - Launching Sun NXT.....
2025-09-17 10:40:33 [main] INFO  TC_ContentPlaybackTvShowsBasic - Starting playback testing for TV Shows Section- Basic User
2025-09-17 10:40:33 [main] INFO  contentLanguageSelection - Tamil Language has been selected
2025-09-17 10:40:33 [main] INFO  TestBase - Applying implicit wait of 10 seconds.
2025-09-17 10:40:34 [main] INFO  HomepageSunnxt - Profile icon clicked
2025-09-17 10:40:34 [main] INFO  HomepageSunnxt - Signin button clicked
2025-09-17 10:40:37 [main] INFO  LoginPageSunnxt - Email or Mobile Number has been entered
2025-09-17 10:40:37 [main] INFO  LoginPageSunnxt - Password has been entered
2025-09-17 10:40:37 [main] INFO  LoginPageSunnxt - Login button clicked
2025-09-17 10:41:27 [main] INFO  LoginPageSunnxt - User login successful with username: sunnxtq@gmail.com
2025-09-17 10:41:27 [main] INFO  TestBase - Applying implicit wait of 30 seconds.
2025-09-17 10:41:52 [main] INFO  HomepageSunnxt - Extracting all carousel elements...
2025-09-17 10:41:52 [main] INFO  HomepageSunnxt - Targeted carousel: Aadukalam
2025-09-17 10:41:53 [main] INFO  WaitUtils - Scrolling........
2025-09-17 10:42:34 [main] INFO  ContentDetailPageSunnxt - Targeted Content - Aadukalam - Sep 15, 2025 
2025-09-17 10:42:34 [main] INFO  ContentDetailPageSunnxt - Trying to click the play button...
2025-09-17 11:19:25 [main] INFO  TestBase - Web Driver initiated. Launching Chrome Browser
2025-09-17 11:19:25 [main] INFO  TestBase - Launching Sun NXT.....
2025-09-17 11:19:30 [main] INFO  TestBase - Applying implicit wait of 10 seconds.
2025-09-17 11:19:30 [main] INFO  TestBase - Applying implicit wait of 5 seconds.
2025-09-17 11:19:30 [main] INFO  contentLanguageSelection - Tamil Language has been selected
2025-09-17 11:19:30 [main] INFO  contentLanguageSelection - Telugu Language has been selected
2025-09-17 11:19:30 [main] INFO  TestBase - Applying implicit wait of 10 seconds.
2025-09-17 11:19:31 [main] INFO  HomepageSunnxt - Profile icon clicked
2025-09-17 11:19:31 [main] INFO  HomepageSunnxt - Signin button clicked
2025-09-17 11:19:31 [main] INFO  TestBase - Applying implicit wait of 10 seconds.
2025-09-17 11:19:38 [main] INFO  LoginPageSunnxt - Email or Mobile Number has been entered
2025-09-17 11:19:39 [main] INFO  LoginPageSunnxt - Password has been entered
2025-09-17 11:19:39 [main] INFO  LoginPageSunnxt - Login button clicked
2025-09-17 11:19:59 [main] WARN  LoginPageSunnxt - Incorrect password: Kindly verify your user id or password and try again.
2025-09-17 11:50:33 [main] INFO  TestBase - Web Driver initiated. Launching Chrome Browser
2025-09-17 11:50:33 [main] INFO  TestBase - Launching Sun NXT.....
2025-09-17 11:50:39 [main] INFO  TestBase - Applying implicit wait of 10 seconds.
2025-09-17 11:50:39 [main] INFO  TestBase - Applying implicit wait of 5 seconds.
2025-09-17 11:50:40 [main] INFO  contentLanguageSelection - Tamil Language has been selected
2025-09-17 11:50:40 [main] INFO  contentLanguageSelection - Telugu Language has been selected
2025-09-17 11:50:45 [main] INFO  TestBase - Applying implicit wait of 10 seconds.
2025-09-17 11:50:45 [main] INFO  HomepageSunnxt - Profile icon clicked
2025-09-17 11:50:46 [main] INFO  HomepageSunnxt - Signin button clicked
2025-09-17 11:50:46 [main] INFO  TestBase - Applying implicit wait of 10 seconds.
2025-09-17 11:50:47 [main] INFO  LoginPageSunnxt - Email or Mobile Number has been entered
2025-09-17 11:50:47 [main] INFO  LoginPageSunnxt - Password has been entered
2025-09-17 11:50:47 [main] INFO  LoginPageSunnxt - Login button clicked
2025-09-17 11:51:37 [main] INFO  LoginPageSunnxt - User login successful with username: 9841595069
2025-09-17 11:51:37 [main] INFO  HomepageSunnxt - Profile icon clicked
2025-09-17 11:51:37 [main] INFO  HomepageSunnxt - Logout button clicked
2025-09-17 11:51:53 [main] INFO  TestBase - Web Driver initiated. Launching Chrome Browser
2025-09-17 11:51:53 [main] INFO  TestBase - Launching Sun NXT.....
2025-09-17 11:51:59 [main] INFO  TestBase - Applying implicit wait of 10 seconds.
2025-09-17 11:51:59 [main] INFO  contentLanguageSelection - Tamil Language has been selected
2025-09-17 11:51:59 [main] INFO  contentLanguageSelection - Telugu Language has been selected
2025-09-17 11:52:00 [main] INFO  TestBase - Applying implicit wait of 10 seconds.
2025-09-17 11:52:04 [main] INFO  HomepageSunnxt - Profile icon clicked
2025-09-17 11:52:04 [main] INFO  HomepageSunnxt - Signin button clicked
2025-09-17 11:52:04 [main] INFO  TestBase - Applying implicit wait of 10 seconds.
2025-09-17 11:52:04 [main] DEBUG TestBase - Generated random email: asgkhbkjk25@hotfail.com
2025-09-17 11:52:13 [main] INFO  LoginPageSunnxt - Email or Mobile Number has been entered
2025-09-17 11:52:13 [main] INFO  LoginPageSunnxt - Password has been entered
2025-09-17 11:52:13 [main] INFO  LoginPageSunnxt - Login button clicked
2025-09-17 11:52:23 [main] WARN  LoginPageSunnxt - User not found: User does not exist. Please sign up.
2025-09-17 11:52:23 [main] INFO  LoginPageSunnxt - Redirected to Sign Up page
2025-09-17 11:52:28 [main] INFO  SignupPageSunnxt - User Id - asgkhbkjk25@hotfail.com
2025-09-17 11:52:29 [main] INFO  SignupPageSunnxt - Profile Name - test
2025-09-17 11:52:29 [main] INFO  SignupPageSunnxt - Selected age 18-25 Years
2025-09-17 11:52:29 [main] INFO  SignupPageSunnxt - Gender selection - Male
2025-09-17 11:52:31 [main] INFO  SignupPageSunnxt - India is selected
2025-09-17 11:52:31 [main] INFO  TestBase - Applying implicit wait of 15 seconds.
2025-09-17 11:52:32 [main] INFO  SignupPageSunnxt - User has been created
2025-09-17 11:53:30 [main] INFO  TestBase - Web Driver initiated. Launching Chrome Browser
2025-09-17 11:53:30 [main] INFO  TestBase - Launching Sun NXT.....
2025-09-17 11:53:36 [main] INFO  TC_ContentPlaybackHome - Starting playback test...
2025-09-17 11:53:36 [main] INFO  contentLanguageSelection - Tamil Language has been selected
2025-09-17 11:53:37 [main] INFO  TestBase - Applying implicit wait of 10 seconds.
2025-09-17 11:53:40 [main] INFO  HomepageSunnxt - Profile icon clicked
2025-09-17 11:53:40 [main] INFO  HomepageSunnxt - Signin button clicked
2025-09-17 11:53:45 [main] INFO  LoginPageSunnxt - Email or Mobile Number has been entered
2025-09-17 11:53:45 [main] INFO  LoginPageSunnxt - Password has been entered
2025-09-17 11:53:45 [main] INFO  LoginPageSunnxt - Login button clicked
2025-09-17 11:54:35 [main] INFO  LoginPageSunnxt - User login successful with username: 9841595069
2025-09-17 11:54:35 [main] INFO  TestBase - User login successful
2025-09-17 11:54:59 [main] INFO  HomepageSunnxt - Extracting all carousel elements...
2025-09-17 11:55:00 [main] INFO  HomepageSunnxt - Targeted carousel: Fresh Episodes
2025-09-17 11:55:01 [main] INFO  WaitUtils - Scrolling........
2025-09-17 11:55:22 [main] INFO  ContentDetailPageSunnxt - Trying to click the play button...
2025-09-17 11:57:10 [main] INFO  TestBase - Web Driver initiated. Launching Chrome Browser
2025-09-17 11:57:10 [main] INFO  TestBase - Launching Sun NXT.....
2025-09-17 11:57:16 [main] INFO  TC_ContentPlaybackHome - Starting playback test...
2025-09-17 11:57:17 [main] INFO  contentLanguageSelection - Tamil Language has been selected
2025-09-17 11:57:17 [main] INFO  TestBase - Applying implicit wait of 10 seconds.
2025-09-17 11:57:18 [main] INFO  HomepageSunnxt - Profile icon clicked
2025-09-17 11:57:21 [main] INFO  HomepageSunnxt - Signin button clicked
2025-09-17 11:57:21 [main] INFO  LoginPageSunnxt - Email or Mobile Number has been entered
2025-09-17 11:57:21 [main] INFO  LoginPageSunnxt - Password has been entered
2025-09-17 11:57:21 [main] INFO  LoginPageSunnxt - Login button clicked
2025-09-17 11:57:53 [main] INFO  TestBase - Web Driver initiated. Launching Chrome Browser
2025-09-17 11:57:53 [main] INFO  TestBase - Launching Sun NXT.....
2025-09-17 11:57:59 [main] INFO  TC_ContentPlaybackHome - Starting playback test...
2025-09-17 11:57:59 [main] INFO  contentLanguageSelection - Tamil Language has been selected
2025-09-17 11:57:59 [main] INFO  TestBase - Applying implicit wait of 10 seconds.
2025-09-17 11:58:03 [main] INFO  HomepageSunnxt - Profile icon clicked
2025-09-17 11:58:03 [main] INFO  HomepageSunnxt - Signin button clicked
2025-09-17 11:58:05 [main] INFO  LoginPageSunnxt - Email or Mobile Number has been entered
2025-09-17 11:58:05 [main] INFO  LoginPageSunnxt - Password has been entered
2025-09-17 11:58:05 [main] INFO  LoginPageSunnxt - Login button clicked
2025-09-17 11:58:55 [main] INFO  LoginPageSunnxt - User login successful with username: 9841595069
2025-09-17 11:58:55 [main] INFO  TestBase - User login successful
2025-09-17 11:59:20 [main] INFO  HomepageSunnxt - Extracting all carousel elements...
2025-09-17 11:59:20 [main] INFO  HomepageSunnxt - Targeted carousel: Fresh Episodes
2025-09-17 11:59:21 [main] INFO  WaitUtils - Scrolling........
2025-09-17 11:59:42 [main] INFO  ContentDetailPageSunnxt - Trying to click the play button...
2025-09-17 11:59:52 [main] INFO  ContentDetailPageSunnxt - Regular play button found, clicking...
2025-09-17 12:00:02 [main] WARN  PlayerControlsSunnxt - Ad video player not found on page.
2025-09-17 12:00:02 [main] INFO  PlayerControlsSunnxt - No ad detected on this page.
2025-09-17 12:00:02 [main] INFO  PlayerControlsSunnxt -  Video is playing.
2025-09-17 12:00:02 [main] INFO  PlayerControlsSunnxt - Video validation PASSED: video is playing.
2025-09-17 12:03:46 [main] INFO  TestBase - Web Driver initiated. Launching Chrome Browser
2025-09-17 12:03:46 [main] INFO  TestBase - Launching Sun NXT.....
2025-09-17 12:03:50 [main] INFO  TC_ContentPlaybackLiveTV - Starting playback testing for Live TV
2025-09-17 12:03:50 [main] INFO  contentLanguageSelection - Tamil Language has been selected
2025-09-17 12:03:50 [main] INFO  TestBase - Applying implicit wait of 10 seconds.
2025-09-17 12:04:36 [main] INFO  TestBase - Web Driver initiated. Launching Chrome Browser
2025-09-17 12:04:36 [main] INFO  TestBase - Launching Sun NXT.....
2025-09-17 12:04:40 [main] INFO  TC_ContentPlaybackLiveTV - Starting playback testing for Live TV
2025-09-17 12:04:41 [main] INFO  contentLanguageSelection - Tamil Language has been selected
2025-09-17 12:04:41 [main] INFO  TestBase - Applying implicit wait of 10 seconds.
2025-09-17 12:04:42 [main] INFO  HomepageSunnxt - Profile icon clicked
2025-09-17 12:04:42 [main] INFO  HomepageSunnxt - Signin button clicked
2025-09-17 12:04:44 [main] INFO  LoginPageSunnxt - Email or Mobile Number has been entered
2025-09-17 12:04:44 [main] INFO  LoginPageSunnxt - Password has been entered
2025-09-17 12:04:45 [main] INFO  LoginPageSunnxt - Login button clicked
2025-09-17 12:05:35 [main] INFO  LoginPageSunnxt - User login successful with username: 9841595069
2025-09-17 12:05:35 [main] INFO  TestBase - Applying implicit wait of 30 seconds.
2025-09-17 12:05:35 [main] INFO  LiveTVPageSunnxt - Targeted carousel name: Tamil
2025-09-17 12:05:36 [main] INFO  LiveTVPageSunnxt - Targeted channel name: KTV HD
2025-09-17 12:05:36 [main] INFO  ContentDetailPageSunnxt - Trying to click the play button...
2025-09-17 12:05:36 [main] INFO  ContentDetailPageSunnxt - Live TV play button found, clicking...
2025-09-17 12:06:06 [main] WARN  PlayerControlsSunnxt - Ad video player not found on page.
2025-09-17 12:06:06 [main] INFO  PlayerControlsSunnxt - No ad detected on this page.
2025-09-17 12:06:36 [main] WARN  PlayerControlsSunnxt - Video player not found on page.
2025-09-17 12:07:08 [main] INFO  TestBase - Web Driver initiated. Launching Chrome Browser
2025-09-17 12:07:08 [main] INFO  TestBase - Launching Sun NXT.....
2025-09-17 12:07:13 [main] INFO  TC_ContentPlaybackLiveTV - Starting playback testing for Live TV
2025-09-17 12:07:13 [main] INFO  contentLanguageSelection - Tamil Language has been selected
2025-09-17 12:07:13 [main] INFO  TestBase - Applying implicit wait of 10 seconds.
2025-09-17 12:07:18 [main] INFO  HomepageSunnxt - Profile icon clicked
2025-09-17 12:07:19 [main] INFO  HomepageSunnxt - Signin button clicked
2025-09-17 12:07:25 [main] INFO  LoginPageSunnxt - Email or Mobile Number has been entered
2025-09-17 12:07:25 [main] INFO  LoginPageSunnxt - Password has been entered
2025-09-17 12:07:25 [main] INFO  LoginPageSunnxt - Login button clicked
2025-09-17 12:08:16 [main] INFO  LoginPageSunnxt - User login successful with username: 9841595069
2025-09-17 12:11:36 [main] ERROR PlayerControlsSunnxt - Error while checking video playback.
org.openqa.selenium.TimeoutException: Expected condition failed: waiting for sunnxtPages.PlayerControlsSunnxt$$Lambda/0x00000296033a3820@50df37eb (tried for 180 second(s) with 500 milliseconds interval)
Build info: version: '4.29.0', revision: '5fc1ec94cb'
System info: os.name: 'Windows 11', os.arch: 'amd64', os.version: '10.0', java.version: '23.0.1'
Driver info: driver.version: unknown
	at org.openqa.selenium.support.ui.FluentWait.timeoutException(FluentWait.java:265) ~[selenium-support-4.29.0.jar:?]
	at org.openqa.selenium.support.ui.FluentWait.until(FluentWait.java:228) ~[selenium-support-4.29.0.jar:?]
	at sunnxtPages.PlayerControlsSunnxt.isVideoPlaying(PlayerControlsSunnxt.java:87) [classes/:?]
	at premiumUserContentPlayback.TC_ContentPlaybackLiveTV.tearDown(TC_ContentPlaybackLiveTV.java:64) [test-classes/:?]
	at java.base/jdk.internal.reflect.DirectMethodHandleAccessor.invoke(DirectMethodHandleAccessor.java:103) ~[?:?]
	at java.base/java.lang.reflect.Method.invoke(Method.java:580) ~[?:?]
	at org.testng.internal.invokers.MethodInvocationHelper.invokeMethod(MethodInvocationHelper.java:141) [org.testng_7.10.1.r202404130807.jar:7.10.1]
	at org.testng.internal.invokers.MethodInvocationHelper.invokeMethodConsideringTimeout(MethodInvocationHelper.java:71) [org.testng_7.10.1.r202404130807.jar:7.10.1]
	at org.testng.internal.invokers.ConfigInvoker.invokeConfigurationMethod(ConfigInvoker.java:400) [org.testng_7.10.1.r202404130807.jar:7.10.1]
	at org.testng.internal.invokers.ConfigInvoker.invokeConfigurations(ConfigInvoker.java:333) [org.testng_7.10.1.r202404130807.jar:7.10.1]
	at org.testng.TestRunner.invokeTestConfigurations(TestRunner.java:655) [org.testng_7.10.1.r202404130807.jar:7.10.1]
	at org.testng.TestRunner.afterRun(TestRunner.java:818) [org.testng_7.10.1.r202404130807.jar:7.10.1]
	at org.testng.TestRunner.run(TestRunner.java:616) [org.testng_7.10.1.r202404130807.jar:7.10.1]
	at org.testng.SuiteRunner.runTest(SuiteRunner.java:421) [org.testng_7.10.1.r202404130807.jar:7.10.1]
	at org.testng.SuiteRunner.runSequentially(SuiteRunner.java:413) [org.testng_7.10.1.r202404130807.jar:7.10.1]
	at org.testng.SuiteRunner.privateRun(SuiteRunner.java:373) [org.testng_7.10.1.r202404130807.jar:7.10.1]
	at org.testng.SuiteRunner.run(SuiteRunner.java:312) [org.testng_7.10.1.r202404130807.jar:7.10.1]
	at org.testng.SuiteRunnerWorker.runSuite(SuiteRunnerWorker.java:52) [org.testng_7.10.1.r202404130807.jar:7.10.1]
	at org.testng.SuiteRunnerWorker.run(SuiteRunnerWorker.java:95) [org.testng_7.10.1.r202404130807.jar:7.10.1]
	at org.testng.TestNG.runSuitesSequentially(TestNG.java:1274) [org.testng_7.10.1.r202404130807.jar:7.10.1]
	at org.testng.TestNG.runSuitesLocally(TestNG.java:1208) [org.testng_7.10.1.r202404130807.jar:7.10.1]
	at org.testng.TestNG.runSuites(TestNG.java:1112) [org.testng_7.10.1.r202404130807.jar:7.10.1]
	at org.testng.TestNG.run(TestNG.java:1079) [org.testng_7.10.1.r202404130807.jar:7.10.1]
	at org.testng.remote.AbstractRemoteTestNG.run(AbstractRemoteTestNG.java:115) [testng-remote.jar:?]
	at org.testng.remote.RemoteTestNG.initAndRun(RemoteTestNG.java:293) [testng-remote.jar:?]
	at org.testng.remote.RemoteTestNG.main(RemoteTestNG.java:91) [testng-remote.jar:?]
2025-09-17 12:17:46 [main] INFO  TestBase - Web Driver initiated. Launching Chrome Browser
2025-09-17 12:17:46 [main] INFO  TestBase - Launching Sun NXT.....
2025-09-17 12:17:50 [main] INFO  TC_ContentPlaybackLiveTV - Starting playback testing for Live TV
2025-09-17 12:17:50 [main] INFO  contentLanguageSelection - Tamil Language has been selected
2025-09-17 12:17:51 [main] INFO  TestBase - Applying implicit wait of 10 seconds.
2025-09-17 12:17:51 [main] INFO  HomepageSunnxt - Profile icon clicked
2025-09-17 12:17:51 [main] INFO  HomepageSunnxt - Signin button clicked
2025-09-17 12:18:02 [main] INFO  LoginPageSunnxt - Email or Mobile Number has been entered
2025-09-17 12:18:02 [main] INFO  LoginPageSunnxt - Password has been entered
2025-09-17 12:18:02 [main] INFO  LoginPageSunnxt - Login button clicked
2025-09-17 12:20:51 [main] INFO  TestBase - Web Driver initiated. Launching Chrome Browser
2025-09-17 12:20:51 [main] INFO  TestBase - Launching Sun NXT.....
2025-09-17 12:20:56 [main] INFO  TC_ContentPlaybackLiveTV - Starting playback testing for Live TV
2025-09-17 12:20:56 [main] INFO  contentLanguageSelection - Tamil Language has been selected
2025-09-17 12:20:56 [main] INFO  TestBase - Applying implicit wait of 10 seconds.
2025-09-17 12:20:57 [main] INFO  HomepageSunnxt - Profile icon clicked
2025-09-17 12:20:57 [main] INFO  HomepageSunnxt - Signin button clicked
2025-09-17 12:21:01 [main] INFO  LoginPageSunnxt - Email or Mobile Number has been entered
2025-09-17 12:21:01 [main] INFO  LoginPageSunnxt - Password has been entered
2025-09-17 12:21:01 [main] INFO  LoginPageSunnxt - Login button clicked
2025-09-17 12:21:51 [main] INFO  LoginPageSunnxt - User login successful with username: 9841595069
2025-09-17 12:21:52 [main] INFO  TestBase - Applying implicit wait of 30 seconds.
2025-09-17 12:21:52 [main] INFO  LiveTVPageSunnxt - Targeted carousel name: Telugu
2025-09-17 12:21:53 [main] INFO  LiveTVPageSunnxt - Targeted channel name: Gemini Movies
2025-09-17 12:21:53 [main] INFO  ContentDetailPageSunnxt - Trying to click the play button...
2025-09-17 12:21:53 [main] INFO  ContentDetailPageSunnxt - Live TV play button found, clicking...
2025-09-17 12:22:23 [main] WARN  PlayerControlsSunnxt - Ad video player not found on page.
2025-09-17 12:22:23 [main] INFO  PlayerControlsSunnxt - No ad detected on this page.
2025-09-17 12:22:53 [main] WARN  PlayerControlsSunnxt - Video player not found on page.
2025-09-17 12:23:10 [main] INFO  TestBase - Web Driver initiated. Launching Chrome Browser
2025-09-17 12:23:10 [main] INFO  TestBase - Launching Sun NXT.....
2025-09-17 12:23:15 [main] INFO  TC_ContentPlaybackLiveTV - Starting playback testing for Live TV
2025-09-17 12:23:15 [main] INFO  contentLanguageSelection - Tamil Language has been selected
2025-09-17 12:23:15 [main] INFO  TestBase - Applying implicit wait of 10 seconds.
2025-09-17 12:23:19 [main] INFO  HomepageSunnxt - Profile icon clicked
2025-09-17 12:23:19 [main] INFO  HomepageSunnxt - Signin button clicked
2025-09-17 12:23:21 [main] INFO  LoginPageSunnxt - Email or Mobile Number has been entered
2025-09-17 12:23:21 [main] INFO  LoginPageSunnxt - Password has been entered
2025-09-17 12:23:21 [main] INFO  LoginPageSunnxt - Login button clicked
2025-09-17 12:24:11 [main] INFO  LoginPageSunnxt - User login successful with username: 9841595069
2025-09-17 12:24:11 [main] INFO  TestBase - Applying implicit wait of 30 seconds.
2025-09-17 12:24:12 [main] INFO  LiveTVPageSunnxt - Targeted carousel name: Marathi
2025-09-17 12:26:45 [main] INFO  TestBase - Web Driver initiated. Launching Chrome Browser
2025-09-17 12:26:45 [main] INFO  TestBase - Launching Sun NXT.....
2025-09-17 12:26:50 [main] INFO  TC_ContentPlaybackLiveTV - Starting playback testing for Live TV
2025-09-17 12:26:50 [main] INFO  contentLanguageSelection - Tamil Language has been selected
2025-09-17 12:26:50 [main] INFO  TestBase - Applying implicit wait of 10 seconds.
2025-09-17 12:26:55 [main] INFO  HomepageSunnxt - Profile icon clicked
2025-09-17 12:26:55 [main] INFO  HomepageSunnxt - Signin button clicked
2025-09-17 12:26:57 [main] INFO  LoginPageSunnxt - Email or Mobile Number has been entered
2025-09-17 12:26:57 [main] INFO  LoginPageSunnxt - Password has been entered
2025-09-17 12:26:57 [main] INFO  LoginPageSunnxt - Login button clicked
2025-09-17 12:27:47 [main] INFO  LoginPageSunnxt - User login successful with username: 9841595069
2025-09-17 12:27:48 [main] INFO  TestBase - Applying implicit wait of 30 seconds.
2025-09-17 12:27:48 [main] INFO  LiveTVPageSunnxt - Targeted carousel name: Malayalam
2025-09-17 12:27:48 [main] INFO  LiveTVPageSunnxt - Targeted channel name: Sun Music
2025-09-17 12:27:48 [main] INFO  ContentDetailPageSunnxt - Trying to click the play button...
2025-09-17 12:27:51 [main] INFO  ContentDetailPageSunnxt - Live TV play button found, clicking...
2025-09-17 12:28:21 [main] WARN  PlayerControlsSunnxt - Ad video player not found on page.
2025-09-17 12:28:21 [main] INFO  PlayerControlsSunnxt - No ad detected on this page.
2025-09-17 12:28:52 [main] WARN  PlayerControlsSunnxt - Video player not found on page.
2025-09-17 12:32:00 [main] ERROR PlayerControlsSunnxt - Error while checking video playback.
org.openqa.selenium.NoSuchWindowException: no such window: target window already closed
from unknown error: web view not found
  (Session info: chrome=140.0.7339.81)
Build info: version: '4.29.0', revision: '5fc1ec94cb'
System info: os.name: 'Windows 11', os.arch: 'amd64', os.version: '10.0', java.version: '23.0.1'
Driver info: org.openqa.selenium.chrome.ChromeDriver
Command: [745b2eb35edb66ce9bd2bf43241e52d5, executeScript {script=return document.getElementById('player_html5_api') && document.getElementById('player_html5_api').paused === false;, args=[]}]
Capabilities {acceptInsecureCerts: false, browserName: chrome, browserVersion: 140.0.7339.81, chrome: {chromedriverVersion: 140.0.7339.82 (bc93617e21c3..., userDataDir: C:\Users\ARUNAC~1.D\AppData...}, fedcm:accounts: true, goog:chromeOptions: {debuggerAddress: localhost:51297}, networkConnectionEnabled: false, pageLoadStrategy: eager, platformName: windows, proxy: Proxy(), se:cdp: ws://localhost:51297/devtoo..., se:cdpVersion: 140.0.7339.81, setWindowRect: true, strictFileInteractability: false, timeouts: {implicit: 0, pageLoad: 300000, script: 30000}, unhandledPromptBehavior: dismiss and notify, webauthn:extension:credBlob: true, webauthn:extension:largeBlob: true, webauthn:extension:minPinLength: true, webauthn:extension:prf: true, webauthn:virtualAuthenticators: true}
Session ID: 745b2eb35edb66ce9bd2bf43241e52d5
	at java.base/jdk.internal.reflect.DirectConstructorHandleAccessor.newInstance(DirectConstructorHandleAccessor.java:62) ~[?:?]
	at java.base/java.lang.reflect.Constructor.newInstanceWithCaller(Constructor.java:501) ~[?:?]
	at java.base/java.lang.reflect.Constructor.newInstance(Constructor.java:485) ~[?:?]
	at org.openqa.selenium.remote.ErrorCodec.decode(ErrorCodec.java:167) ~[selenium-remote-driver-4.29.0.jar:?]
	at org.openqa.selenium.remote.codec.w3c.W3CHttpResponseCodec.decode(W3CHttpResponseCodec.java:138) ~[selenium-remote-driver-4.29.0.jar:?]
	at org.openqa.selenium.remote.codec.w3c.W3CHttpResponseCodec.decode(W3CHttpResponseCodec.java:50) ~[selenium-remote-driver-4.29.0.jar:?]
	at org.openqa.selenium.remote.HttpCommandExecutor.execute(HttpCommandExecutor.java:215) ~[selenium-remote-driver-4.29.0.jar:?]
	at org.openqa.selenium.remote.service.DriverCommandExecutor.invokeExecute(DriverCommandExecutor.java:216) ~[selenium-remote-driver-4.29.0.jar:?]
	at org.openqa.selenium.remote.service.DriverCommandExecutor.execute(DriverCommandExecutor.java:174) ~[selenium-remote-driver-4.29.0.jar:?]
	at org.openqa.selenium.remote.RemoteWebDriver.execute(RemoteWebDriver.java:545) ~[selenium-remote-driver-4.29.0.jar:?]
	at org.openqa.selenium.remote.RemoteWebDriver.executeScript(RemoteWebDriver.java:476) ~[selenium-remote-driver-4.29.0.jar:?]
	at sunnxtPages.PlayerControlsSunnxt.lambda$0(PlayerControlsSunnxt.java:89) ~[classes/:?]
	at org.openqa.selenium.support.ui.FluentWait.until(FluentWait.java:203) ~[selenium-support-4.29.0.jar:?]
	at sunnxtPages.PlayerControlsSunnxt.isVideoPlaying(PlayerControlsSunnxt.java:87) [classes/:?]
	at premiumUserContentPlayback.TC_ContentPlaybackLiveTV.tearDown(TC_ContentPlaybackLiveTV.java:64) [test-classes/:?]
	at java.base/jdk.internal.reflect.DirectMethodHandleAccessor.invoke(DirectMethodHandleAccessor.java:103) ~[?:?]
	at java.base/java.lang.reflect.Method.invoke(Method.java:580) ~[?:?]
	at org.testng.internal.invokers.MethodInvocationHelper.invokeMethod(MethodInvocationHelper.java:141) [org.testng_7.10.1.r202404130807.jar:7.10.1]
	at org.testng.internal.invokers.MethodInvocationHelper.invokeMethodConsideringTimeout(MethodInvocationHelper.java:71) [org.testng_7.10.1.r202404130807.jar:7.10.1]
	at org.testng.internal.invokers.ConfigInvoker.invokeConfigurationMethod(ConfigInvoker.java:400) [org.testng_7.10.1.r202404130807.jar:7.10.1]
	at org.testng.internal.invokers.ConfigInvoker.invokeConfigurations(ConfigInvoker.java:333) [org.testng_7.10.1.r202404130807.jar:7.10.1]
	at org.testng.TestRunner.invokeTestConfigurations(TestRunner.java:655) [org.testng_7.10.1.r202404130807.jar:7.10.1]
	at org.testng.TestRunner.afterRun(TestRunner.java:818) [org.testng_7.10.1.r202404130807.jar:7.10.1]
	at org.testng.TestRunner.run(TestRunner.java:616) [org.testng_7.10.1.r202404130807.jar:7.10.1]
	at org.testng.SuiteRunner.runTest(SuiteRunner.java:421) [org.testng_7.10.1.r202404130807.jar:7.10.1]
	at org.testng.SuiteRunner.runSequentially(SuiteRunner.java:413) [org.testng_7.10.1.r202404130807.jar:7.10.1]
	at org.testng.SuiteRunner.privateRun(SuiteRunner.java:373) [org.testng_7.10.1.r202404130807.jar:7.10.1]
	at org.testng.SuiteRunner.run(SuiteRunner.java:312) [org.testng_7.10.1.r202404130807.jar:7.10.1]
	at org.testng.SuiteRunnerWorker.runSuite(SuiteRunnerWorker.java:52) [org.testng_7.10.1.r202404130807.jar:7.10.1]
	at org.testng.SuiteRunnerWorker.run(SuiteRunnerWorker.java:95) [org.testng_7.10.1.r202404130807.jar:7.10.1]
	at org.testng.TestNG.runSuitesSequentially(TestNG.java:1274) [org.testng_7.10.1.r202404130807.jar:7.10.1]
	at org.testng.TestNG.runSuitesLocally(TestNG.java:1208) [org.testng_7.10.1.r202404130807.jar:7.10.1]
	at org.testng.TestNG.runSuites(TestNG.java:1112) [org.testng_7.10.1.r202404130807.jar:7.10.1]
	at org.testng.TestNG.run(TestNG.java:1079) [org.testng_7.10.1.r202404130807.jar:7.10.1]
	at org.testng.remote.AbstractRemoteTestNG.run(AbstractRemoteTestNG.java:115) [testng-remote.jar:?]
	at org.testng.remote.RemoteTestNG.initAndRun(RemoteTestNG.java:293) [testng-remote.jar:?]
	at org.testng.remote.RemoteTestNG.main(RemoteTestNG.java:91) [testng-remote.jar:?]
2025-09-17 13:58:35 [main] INFO  TestBase - Web Driver initiated. Launching Chrome Browser
2025-09-17 13:58:35 [main] INFO  TestBase - Launching Sun NXT.....
2025-09-17 13:58:44 [main] INFO  TC_ContentPlaybackTvShowsBasic - Starting playback testing for TV Shows Section- Basic User
2025-09-17 13:58:45 [main] INFO  contentLanguageSelection - Tamil Language has been selected
2025-09-17 13:58:45 [main] INFO  TestBase - Applying implicit wait of 10 seconds.
2025-09-17 13:58:47 [main] INFO  HomepageSunnxt - Profile icon clicked
2025-09-17 13:58:47 [main] INFO  HomepageSunnxt - Signin button clicked
2025-09-17 13:58:57 [main] INFO  LoginPageSunnxt - Email or Mobile Number has been entered
2025-09-17 13:58:57 [main] INFO  LoginPageSunnxt - Password has been entered
2025-09-17 13:58:57 [main] INFO  LoginPageSunnxt - Login button clicked
2025-09-17 13:59:48 [main] INFO  LoginPageSunnxt - User login successful with username: sunnxtq@gmail.com
2025-09-17 13:59:48 [main] INFO  TestBase - Applying implicit wait of 30 seconds.
2025-09-17 14:00:12 [main] INFO  HomepageSunnxt - Extracting all carousel elements...
2025-09-17 14:00:13 [main] INFO  HomepageSunnxt - Targeted carousel: Annam
2025-09-17 14:00:14 [main] INFO  WaitUtils - Scrolling........
2025-09-17 14:00:55 [main] INFO  ContentDetailPageSunnxt - Targeted Content - Annam - Jul 29, 2025 
2025-09-17 14:00:55 [main] INFO  ContentDetailPageSunnxt - Trying to click the play button...
2025-09-17 14:01:29 [main] INFO  ContentDetailPageSunnxt - Regular play button found, clicking...
2025-09-17 14:01:29 [main] INFO  PlayerControlsSunnxt - No ad detected on this page.
2025-09-17 14:02:01 [main] INFO  PlayerControlsSunnxt -  Video is playing.
2025-09-17 14:02:01 [main] INFO  PlayerControlsSunnxt - Video validation PASSED: video is playing.
2025-09-17 14:02:02 [main] INFO  PlayerControlsSunnxt -  Video is playing.
2025-09-17 14:02:02 [main] INFO  TestBase - Applying implicit wait of 30 seconds.
2025-09-17 14:02:02 [main] INFO  TestBase - All browser sessions have been closed.
2025-09-17 14:05:49 [main] INFO  TestBase - Web Driver initiated. Launching Chrome Browser
2025-09-17 14:05:49 [main] INFO  TestBase - Launching Sun NXT.....
2025-09-17 14:05:55 [main] INFO  TC_ContentPlaybackTvShowsBasic - Starting playback testing for TV Shows Section- Basic User
2025-09-17 14:05:55 [main] INFO  contentLanguageSelection - Tamil Language has been selected
2025-09-17 14:05:55 [main] INFO  TestBase - Applying implicit wait of 10 seconds.
2025-09-17 14:05:58 [main] INFO  HomepageSunnxt - Profile icon clicked
2025-09-17 14:05:58 [main] INFO  HomepageSunnxt - Signin button clicked
2025-09-17 14:06:01 [main] INFO  LoginPageSunnxt - Email or Mobile Number has been entered
2025-09-17 14:06:01 [main] INFO  LoginPageSunnxt - Password has been entered
2025-09-17 14:06:01 [main] INFO  LoginPageSunnxt - Login button clicked
2025-09-17 14:06:51 [main] INFO  LoginPageSunnxt - User login successful with username: sunnxtq@gmail.com
2025-09-17 14:06:51 [main] INFO  TestBase - Applying implicit wait of 30 seconds.
2025-09-17 14:07:16 [main] INFO  HomepageSunnxt - Extracting all carousel elements...
2025-09-17 14:07:16 [main] INFO  HomepageSunnxt - Targeted carousel: Fresh Episodes
2025-09-17 14:07:17 [main] INFO  WaitUtils - Scrolling........
2025-09-17 14:07:58 [main] INFO  ContentDetailPageSunnxt - Targeted Content - Aadukalam - Sep 16, 2025 
2025-09-17 14:07:58 [main] INFO  ContentDetailPageSunnxt - Trying to click the play button...
2025-09-17 14:08:31 [main] INFO  ContentDetailPageSunnxt - Regular play button found, clicking...
2025-09-17 14:08:32 [main] INFO  PlayerControlsSunnxt - No ad detected on this page.
2025-09-17 14:09:04 [main] INFO  PlayerControlsSunnxt -  Video is playing.
2025-09-17 14:09:04 [main] INFO  PlayerControlsSunnxt - Video validation PASSED: video is playing.
2025-09-17 14:09:04 [main] INFO  PlayerControlsSunnxt -  Video is playing.
2025-09-17 14:09:04 [main] INFO  TestBase - Applying implicit wait of 30 seconds.
2025-09-17 14:09:04 [main] INFO  TestBase - All browser sessions have been closed.
2025-09-17 14:13:48 [main] INFO  TestBase - Web Driver initiated. Launching Chrome Browser
2025-09-17 14:13:48 [main] INFO  TestBase - Launching Sun NXT.....
2025-09-17 14:13:53 [main] INFO  TC_ContentPlaybackTvShowsBasic - Starting playback testing for TV Shows Section- Basic User
2025-09-17 14:13:53 [main] INFO  contentLanguageSelection - Tamil Language has been selected
2025-09-17 14:13:53 [main] INFO  TestBase - Applying implicit wait of 10 seconds.
2025-09-17 14:13:54 [main] INFO  HomepageSunnxt - Profile icon clicked
2025-09-17 14:13:54 [main] INFO  HomepageSunnxt - Signin button clicked
2025-09-17 14:13:56 [main] INFO  LoginPageSunnxt - Email or Mobile Number has been entered
2025-09-17 14:13:56 [main] INFO  LoginPageSunnxt - Password has been entered
2025-09-17 14:13:56 [main] INFO  LoginPageSunnxt - Login button clicked
2025-09-17 14:14:46 [main] INFO  LoginPageSunnxt - User login successful with username: sunnxtq@gmail.com
2025-09-17 14:14:47 [main] INFO  TestBase - Applying implicit wait of 30 seconds.
2025-09-17 14:15:11 [main] INFO  HomepageSunnxt - Extracting all carousel elements...
2025-09-17 14:15:11 [main] INFO  HomepageSunnxt - Targeted carousel: Must Watch Series
2025-09-17 14:15:12 [main] INFO  WaitUtils - Scrolling........
2025-09-17 14:15:17 [main] INFO  WaitUtils - Scrolling........
2025-09-17 14:15:22 [main] INFO  WaitUtils - Scrolling........
2025-09-17 14:15:27 [main] INFO  WaitUtils - Scrolling........
2025-09-17 14:15:32 [main] INFO  WaitUtils - Scrolling........
2025-09-17 14:15:43 [main] INFO  WaitUtils - Scrolling........
2025-09-17 14:15:48 [main] INFO  WaitUtils - Scrolling........
2025-09-17 14:15:53 [main] INFO  WaitUtils - Scrolling........
2025-09-17 14:15:58 [main] INFO  WaitUtils - Scrolling........
2025-09-17 14:16:03 [main] INFO  WaitUtils - Scrolling........
2025-09-17 14:16:44 [main] INFO  ContentDetailPageSunnxt - Targeted Content - Kalyanathukku Menu En Kadhal EP-02 
2025-09-17 14:16:44 [main] INFO  ContentDetailPageSunnxt - Trying to click the play button...
2025-09-17 14:17:17 [main] INFO  ContentDetailPageSunnxt - Regular play button found, clicking...
2025-09-17 14:17:17 [main] INFO  PlayerControlsSunnxt - ========== VIDEO ELEMENTS DEBUG ==========
2025-09-17 14:17:17 [main] INFO  PlayerControlsSunnxt - ==========================================
2025-09-17 14:17:19 [main] INFO  PlayerControlsSunnxt - No ad detected on this page.
2025-09-17 14:17:50 [main] INFO  PlayerControlsSunnxt -  Video is playing.
2025-09-17 14:17:50 [main] INFO  PlayerControlsSunnxt - Video validation PASSED: video is playing.
2025-09-17 14:17:50 [main] INFO  PlayerControlsSunnxt -  Video is playing.
2025-09-17 14:17:50 [main] INFO  TestBase - Applying implicit wait of 30 seconds.
2025-09-17 14:17:51 [main] INFO  TestBase - All browser sessions have been closed.
2025-09-17 14:21:28 [main] INFO  TestBase - Web Driver initiated. Launching Chrome Browser
2025-09-17 14:21:28 [main] INFO  TestBase - Launching Sun NXT.....
2025-09-17 14:21:33 [main] INFO  TC_ContentPlaybackTvShowsBasic - Starting playback testing for TV Shows Section- Basic User
2025-09-17 14:21:33 [main] INFO  contentLanguageSelection - Tamil Language has been selected
2025-09-17 14:21:33 [main] INFO  TestBase - Applying implicit wait of 10 seconds.
2025-09-17 14:21:35 [main] INFO  HomepageSunnxt - Profile icon clicked
2025-09-17 14:21:35 [main] INFO  HomepageSunnxt - Signin button clicked
2025-09-17 14:21:39 [main] INFO  LoginPageSunnxt - Email or Mobile Number has been entered
2025-09-17 14:21:39 [main] INFO  LoginPageSunnxt - Password has been entered
2025-09-17 14:21:39 [main] INFO  LoginPageSunnxt - Login button clicked
2025-09-17 14:22:30 [main] INFO  LoginPageSunnxt - User login successful with username: sunnxtq@gmail.com
2025-09-17 14:22:30 [main] INFO  TestBase - Applying implicit wait of 30 seconds.
2025-09-17 14:22:54 [main] INFO  HomepageSunnxt - Extracting all carousel elements...
2025-09-17 14:22:55 [main] INFO  HomepageSunnxt - Targeted carousel: Aadukalam
2025-09-17 14:22:55 [main] INFO  WaitUtils - Scrolling........
2025-09-17 14:23:36 [main] INFO  ContentDetailPageSunnxt - Targeted Content - Aadukalam - Aug 06, 2025 
2025-09-17 14:23:36 [main] INFO  ContentDetailPageSunnxt - Trying to click the play button...
2025-09-17 14:24:10 [main] INFO  ContentDetailPageSunnxt - Regular play button found, clicking...
2025-09-17 14:24:10 [main] INFO  PlayerControlsSunnxt - No ad detected on this page.
2025-09-17 14:24:42 [main] INFO  PlayerControlsSunnxt -  Video is playing.
2025-09-17 14:24:42 [main] INFO  PlayerControlsSunnxt - Video validation PASSED: video is playing.
2025-09-17 14:24:42 [main] INFO  PlayerControlsSunnxt - ========== VIDEO ELEMENTS DEBUG ==========
2025-09-17 14:24:42 [main] INFO  PlayerControlsSunnxt - Video -> id: player_html5_api, src: blob:https://www.sunnxt.com/d079b913-068b-4a96-b701-a30e1460346f, paused: false, display: block, visibility: visible, opacity: 1
2025-09-17 14:24:42 [main] INFO  PlayerControlsSunnxt - Video -> id: pulseAdPlayerHTML5_c2fcb912-9802-4169-8df3-adc199e08309, src: https://d3rvu2ie16bl33.cloudfront.net/creatives/assets/ff2be43d-a62f-4d73-96de-4bc0ddbca564/a05e6088cea13ce4732f5f0382a059f2.mp4, paused: true, display: none, visibility: visible, opacity: 1
2025-09-17 14:24:42 [main] INFO  PlayerControlsSunnxt - ==========================================
2025-09-17 14:24:42 [main] INFO  PlayerControlsSunnxt - Total iframes found on page: 1
2025-09-17 14:24:42 [main] INFO  PlayerControlsSunnxt - Iframe[0] ->  | name= | src=
2025-09-17 14:24:42 [main] INFO  PlayerControlsSunnxt -  Video is playing.
2025-09-17 14:24:42 [main] INFO  TestBase - Applying implicit wait of 30 seconds.
2025-09-17 14:24:43 [main] INFO  TestBase - All browser sessions have been closed.
2025-09-17 14:30:13 [main] INFO  TestBase - Web Driver initiated. Launching Chrome Browser
2025-09-17 14:30:13 [main] INFO  TestBase - Launching Sun NXT.....
2025-09-17 14:30:18 [main] INFO  TC_ContentPlaybackTvShowsBasic - Starting playback testing for TV Shows Section- Basic User
2025-09-17 14:30:18 [main] INFO  contentLanguageSelection - Tamil Language has been selected
2025-09-17 14:30:18 [main] INFO  TestBase - Applying implicit wait of 10 seconds.
2025-09-17 14:30:19 [main] INFO  HomepageSunnxt - Profile icon clicked
2025-09-17 14:30:20 [main] INFO  HomepageSunnxt - Signin button clicked
2025-09-17 14:30:22 [main] INFO  LoginPageSunnxt - Email or Mobile Number has been entered
2025-09-17 14:30:22 [main] INFO  LoginPageSunnxt - Password has been entered
2025-09-17 14:30:22 [main] INFO  LoginPageSunnxt - Login button clicked
2025-09-17 14:31:12 [main] INFO  LoginPageSunnxt - User login successful with username: sunnxtq@gmail.com
2025-09-17 14:31:12 [main] INFO  TestBase - Applying implicit wait of 30 seconds.
2025-09-17 14:31:37 [main] INFO  HomepageSunnxt - Extracting all carousel elements...
2025-09-17 14:31:37 [main] INFO  HomepageSunnxt - Targeted carousel: Ethirneechal Thodargirathu
2025-09-17 14:31:39 [main] INFO  WaitUtils - Scrolling........
2025-09-17 14:32:20 [main] INFO  ContentDetailPageSunnxt - Targeted Content - Ethir Neechal Thodargirathu - Sep 09, 2025 
2025-09-17 14:32:20 [main] INFO  ContentDetailPageSunnxt - Trying to click the play button...
2025-09-17 14:32:54 [main] INFO  ContentDetailPageSunnxt - Regular play button found, clicking...
2025-09-17 14:32:54 [main] INFO  PlayerControlsSunnxt - No ad slot detected on this page.
2025-09-17 14:33:26 [main] INFO  PlayerControlsSunnxt -  Video is playing.
2025-09-17 14:33:26 [main] INFO  PlayerControlsSunnxt - Video validation PASSED: video is playing.
2025-09-17 14:33:26 [main] INFO  PlayerControlsSunnxt - ========== VIDEO ELEMENTS DEBUG ==========
2025-09-17 14:33:26 [main] INFO  PlayerControlsSunnxt - Video -> id: player_html5_api, src: blob:https://www.sunnxt.com/b9bd2070-5f65-411b-bfdb-33ea52a7cc4b, paused: false, display: block, visibility: visible, opacity: 1
2025-09-17 14:33:26 [main] INFO  PlayerControlsSunnxt - Video -> id: pulseAdPlayerHTML5_61da80c6-f988-46a6-9522-2e3ea1a1a145, src: https://d3rvu2ie16bl33.cloudfront.net/creatives/assets/ff2be43d-a62f-4d73-96de-4bc0ddbca564/da659eeda67194b747e1bd93e07dd756.mp4, paused: true, display: none, visibility: visible, opacity: 1
2025-09-17 14:33:26 [main] INFO  PlayerControlsSunnxt - ==========================================
2025-09-17 14:33:26 [main] INFO  PlayerControlsSunnxt - Total iframes found on page: 1
2025-09-17 14:33:26 [main] INFO  PlayerControlsSunnxt - Iframe[0] ->  | name= | src=
2025-09-17 14:33:26 [main] INFO  PlayerControlsSunnxt -  Video is playing.
2025-09-17 14:33:26 [main] INFO  TestBase - Applying implicit wait of 30 seconds.
2025-09-17 14:33:27 [main] INFO  TestBase - All browser sessions have been closed.
2025-09-17 15:30:25 [main] INFO  TestBase - Web Driver initiated. Launching Chrome Browser
2025-09-17 15:30:25 [main] INFO  TestBase - Launching Sun NXT.....
2025-09-17 15:30:30 [main] INFO  TestBase - Applying implicit wait of 10 seconds.
2025-09-17 15:30:30 [main] INFO  TestBase - Applying implicit wait of 5 seconds.
2025-09-17 15:30:31 [main] INFO  contentLanguageSelection - Tamil Language has been selected
2025-09-17 15:30:31 [main] INFO  contentLanguageSelection - Telugu Language has been selected
2025-09-17 15:30:31 [main] INFO  TestBase - Applying implicit wait of 10 seconds.
2025-09-17 15:30:35 [main] INFO  HomepageSunnxt - Profile icon clicked
2025-09-17 15:30:35 [main] INFO  HomepageSunnxt - Signin button clicked
2025-09-17 15:30:35 [main] INFO  TestBase - Applying implicit wait of 10 seconds.
2025-09-17 15:30:36 [main] INFO  LoginPageSunnxt - Email or Mobile Number has been entered
2025-09-17 15:30:36 [main] INFO  LoginPageSunnxt - Password has been entered
2025-09-17 15:30:37 [main] INFO  LoginPageSunnxt - Login button clicked
2025-09-17 15:32:07 [main] WARN  LoginPageSunnxt - Incorrect password: Kindly verify your user id or password and try again.
2025-09-17 15:42:58 [main] INFO  TestBase - Web Driver initiated. Launching Chrome Browser
2025-09-17 15:42:58 [main] INFO  TestBase - Launching Sun NXT.....
2025-09-17 15:43:03 [main] INFO  TestBase - Applying implicit wait of 10 seconds.
2025-09-17 15:43:03 [main] INFO  TestBase - Applying implicit wait of 5 seconds.
2025-09-17 15:43:03 [main] INFO  contentLanguageSelection - Tamil Language has been selected
2025-09-17 15:43:03 [main] INFO  contentLanguageSelection - Telugu Language has been selected
2025-09-17 15:43:03 [main] INFO  TestBase - Applying implicit wait of 10 seconds.
2025-09-17 15:43:04 [main] INFO  HomepageSunnxt - Profile icon clicked
2025-09-17 15:43:05 [main] INFO  HomepageSunnxt - Signin button clicked
2025-09-17 15:43:05 [main] INFO  TestBase - Applying implicit wait of 10 seconds.
2025-09-17 15:43:13 [main] INFO  LoginPageSunnxt - Email or Mobile Number has been entered
2025-09-17 15:43:13 [main] INFO  LoginPageSunnxt - Password has been entered
2025-09-17 15:43:13 [main] INFO  LoginPageSunnxt - Login button clicked
2025-09-17 15:44:44 [main] WARN  LoginPageSunnxt - Incorrect password: Kindly verify your user id or password and try again.
2025-09-17 16:14:38 [main] INFO  TestBase - Web Driver initiated. Launching Chrome Browser
2025-09-17 16:14:38 [main] INFO  TestBase - Launching Sun NXT.....
2025-09-17 16:14:48 [main] INFO  TestBase - Applying implicit wait of 10 seconds.
2025-09-17 16:14:48 [main] INFO  TestBase - Applying implicit wait of 5 seconds.
2025-09-17 16:14:48 [main] INFO  contentLanguageSelection - Tamil Language has been selected
2025-09-17 16:14:48 [main] INFO  contentLanguageSelection - Telugu Language has been selected
2025-09-17 16:14:48 [main] INFO  TestBase - Applying implicit wait of 10 seconds.
2025-09-17 16:14:51 [main] INFO  HomepageSunnxt - Profile icon clicked
2025-09-17 16:14:51 [main] INFO  HomepageSunnxt - Signin button clicked
2025-09-17 16:14:51 [main] INFO  TestBase - Applying implicit wait of 10 seconds.
2025-09-17 16:14:57 [main] INFO  LoginPageSunnxt - Email or Mobile Number has been entered
2025-09-17 16:14:57 [main] INFO  LoginPageSunnxt - Password has been entered
2025-09-17 16:14:57 [main] INFO  LoginPageSunnxt - Login button clicked
2025-09-17 16:14:58 [main] INFO  LoginPageSunnxt - Device limit popup handled
2025-09-17 16:16:59 [main] INFO  LoginPageSunnxt - User login successful with username: 9841595069
2025-09-17 16:16:59 [main] INFO  HomepageSunnxt - Profile icon clicked
2025-09-17 16:17:00 [main] INFO  HomepageSunnxt - Logout button clicked
2025-09-17 16:17:00 [main] INFO  HomepageSunnxt - Profile icon clicked
2025-09-17 16:17:00 [main] INFO  HomepageSunnxt - Logout button clicked
2025-09-17 16:17:00 [main] INFO  TestBase - Applying implicit wait of 30 seconds.
2025-09-17 16:17:01 [main] INFO  TestBase - All browser sessions have been closed.
2025-09-17 16:45:38 [main] INFO  TestBase - Web Driver initiated. Launching Chrome Browser
2025-09-17 16:45:39 [main] INFO  TestBase - Launching Sun NXT.....
2025-09-17 16:45:44 [main] INFO  TestBase - Applying implicit wait of 10 seconds.
2025-09-17 16:45:44 [main] INFO  TestBase - Applying implicit wait of 5 seconds.
2025-09-17 16:45:45 [main] INFO  contentLanguageSelection - Tamil Language has been selected
2025-09-17 16:45:45 [main] INFO  contentLanguageSelection - Telugu Language has been selected
2025-09-17 16:45:45 [main] INFO  TestBase - Applying implicit wait of 10 seconds.
2025-09-17 16:45:48 [main] INFO  HomepageSunnxt - Profile icon clicked
2025-09-17 16:45:48 [main] INFO  HomepageSunnxt - Signin button clicked
2025-09-17 16:45:48 [main] INFO  TestBase - Applying implicit wait of 10 seconds.
2025-09-17 16:45:48 [main] INFO  LoginPageSunnxt - Email or Mobile Number has been entered
2025-09-17 16:45:49 [main] INFO  LoginPageSunnxt - Password has been entered
2025-09-17 16:45:49 [main] INFO  LoginPageSunnxt - Login button clicked
2025-09-17 16:45:49 [main] INFO  LoginPageSunnxt - Device limit popup handled
2025-09-17 16:47:59 [main] INFO  LoginPageSunnxt - User login successful with username: 9841595069
2025-09-17 16:48:00 [main] INFO  HomepageSunnxt - Profile icon clicked
2025-09-17 16:48:00 [main] INFO  HomepageSunnxt - Logout button clicked
2025-09-17 16:48:00 [main] INFO  HomepageSunnxt - Profile icon clicked
2025-09-17 16:48:00 [main] INFO  HomepageSunnxt - Logout button clicked
2025-09-17 16:48:00 [main] INFO  TestBase - Applying implicit wait of 30 seconds.
2025-09-17 16:48:01 [main] INFO  TestBase - All browser sessions have been closed.
2025-09-17 16:49:45 [main] INFO  TestBase - Web Driver initiated. Launching Chrome Browser
2025-09-17 16:49:45 [main] INFO  TestBase - Launching Sun NXT.....
2025-09-17 16:49:50 [main] INFO  TestBase - Applying implicit wait of 10 seconds.
2025-09-17 16:49:50 [main] INFO  TestBase - Applying implicit wait of 5 seconds.
2025-09-17 16:49:50 [main] INFO  contentLanguageSelection - Tamil Language has been selected
2025-09-17 16:49:50 [main] INFO  contentLanguageSelection - Telugu Language has been selected
2025-09-17 16:49:50 [main] INFO  TestBase - Applying implicit wait of 10 seconds.
2025-09-17 16:49:58 [main] INFO  HomepageSunnxt - Profile icon clicked
2025-09-17 16:49:58 [main] INFO  HomepageSunnxt - Signin button clicked
2025-09-17 16:49:58 [main] INFO  TestBase - Applying implicit wait of 10 seconds.
2025-09-17 16:49:59 [main] INFO  LoginPageSunnxt - Email or Mobile Number has been entered
2025-09-17 16:50:00 [main] INFO  LoginPageSunnxt - Password has been entered
2025-09-17 16:50:00 [main] INFO  LoginPageSunnxt - Login button clicked
2025-09-17 16:51:40 [main] WARN  LoginPageSunnxt - Incorrect password: Kindly verify your user id or password and try again.
2025-09-17 16:54:24 [main] INFO  TestBase - Web Driver initiated. Launching Chrome Browser
2025-09-17 16:54:24 [main] INFO  TestBase - Launching Sun NXT.....
2025-09-17 16:54:29 [main] INFO  TestBase - Applying implicit wait of 10 seconds.
2025-09-17 16:54:29 [main] INFO  TestBase - Applying implicit wait of 5 seconds.
2025-09-17 16:54:29 [main] INFO  contentLanguageSelection - Tamil Language has been selected
2025-09-17 16:54:30 [main] INFO  contentLanguageSelection - Telugu Language has been selected
2025-09-17 16:54:30 [main] INFO  TestBase - Applying implicit wait of 10 seconds.
2025-09-17 16:54:31 [main] INFO  HomepageSunnxt - Profile icon clicked
2025-09-17 16:54:31 [main] INFO  HomepageSunnxt - Signin button clicked
2025-09-17 16:54:31 [main] INFO  TestBase - Applying implicit wait of 10 seconds.
2025-09-17 16:54:35 [main] INFO  LoginPageSunnxt - Email or Mobile Number has been entered
2025-09-17 16:54:35 [main] INFO  LoginPageSunnxt - Password has been entered
2025-09-17 16:54:35 [main] INFO  LoginPageSunnxt - Login button clicked
2025-09-17 16:56:15 [main] WARN  LoginPageSunnxt - Incorrect password: Kindly verify your user id or password and try again.
2025-09-17 17:33:02 [main] INFO  TestBase - Web Driver initiated. Launching Chrome Browser
2025-09-17 17:33:02 [main] INFO  TestBase - Launching Sun NXT.....
2025-09-17 17:33:07 [main] INFO  TC_ContentPlaybackLiveTV - Starting playback testing for Live TV
2025-09-17 17:33:08 [main] INFO  contentLanguageSelection - Tamil Language has been selected
2025-09-17 17:33:09 [main] INFO  TestBase - Applying implicit wait of 10 seconds.
2025-09-17 17:33:12 [main] INFO  HomepageSunnxt - Profile icon clicked
2025-09-17 17:33:12 [main] INFO  HomepageSunnxt - Signin button clicked
2025-09-17 17:33:19 [main] INFO  LoginPageSunnxt - Email or Mobile Number has been entered
2025-09-17 17:33:19 [main] INFO  LoginPageSunnxt - Password has been entered
2025-09-17 17:33:19 [main] INFO  LoginPageSunnxt - Login button clicked
2025-09-17 17:33:19 [main] INFO  LoginPageSunnxt - Device limit popup handled
2025-09-17 17:34:40 [main] INFO  LoginPageSunnxt - User login successful with username: 9841595069
2025-09-17 17:34:40 [main] INFO  TestBase - Applying implicit wait of 30 seconds.
2025-09-17 17:34:41 [main] INFO  LiveTVPageSunnxt - Targeted carousel name: Tamil
2025-09-17 17:34:41 [main] INFO  LiveTVPageSunnxt - Targeted channel name: Sun TV HD
2025-09-17 17:34:41 [main] INFO  ContentDetailPageSunnxt - Trying to click the play button...
2025-09-17 17:34:44 [main] INFO  ContentDetailPageSunnxt - Live TV play button found, clicking...
2025-09-17 17:35:44 [main] INFO  PlayerControlsSunnxt - Shaka video player is displayed.
2025-09-17 17:35:44 [main] INFO  PlayerControlsSunnxt -  Video is playing.
2025-09-17 17:35:44 [main] INFO  PlayerControlsSunnxt - Video validation PASSED: video is playing.
2025-09-17 17:35:44 [main] INFO  PlayerControlsSunnxt -  Video is playing.
2025-09-17 17:35:44 [main] INFO  TestBase - Applying implicit wait of 30 seconds.
2025-09-17 17:35:45 [main] INFO  TestBase - All browser sessions have been closed.
2025-09-17 17:37:09 [main] INFO  TestBase - Web Driver initiated. Launching Chrome Browser
2025-09-17 17:37:09 [main] INFO  TestBase - Launching Sun NXT.....
2025-09-17 17:37:14 [main] INFO  TC_ContentPlaybackMoviesBasic - Starting playback testing for Movies Section
2025-09-17 17:37:14 [main] INFO  contentLanguageSelection - Tamil Language has been selected
2025-09-17 17:37:14 [main] INFO  TestBase - Applying implicit wait of 10 seconds.
2025-09-17 17:37:15 [main] INFO  HomepageSunnxt - Profile icon clicked
2025-09-17 17:37:15 [main] INFO  HomepageSunnxt - Signin button clicked
2025-09-17 17:37:20 [main] INFO  LoginPageSunnxt - Email or Mobile Number has been entered
2025-09-17 17:37:20 [main] INFO  LoginPageSunnxt - Password has been entered
2025-09-17 17:37:20 [main] INFO  LoginPageSunnxt - Login button clicked
2025-09-17 17:37:21 [main] INFO  LoginPageSunnxt - Device limit popup handled
2025-09-17 17:38:41 [main] INFO  LoginPageSunnxt - User login successful with username: sunnxtq@gmail.com
2025-09-17 17:38:41 [main] INFO  TestBase - Applying implicit wait of 30 seconds.
2025-09-17 17:39:05 [main] INFO  HomepageSunnxt - Extracting all carousel elements...
2025-09-17 17:39:06 [main] INFO  HomepageSunnxt - Targeted carousel: 2020'S
2025-09-17 17:39:07 [main] INFO  WaitUtils - Scrolling........
2025-09-17 17:39:48 [main] INFO  ContentDetailPageSunnxt - Targeted Content - Rocket Driver 
2025-09-17 17:39:48 [main] INFO  ContentDetailPageSunnxt - Trying to click the play button...
2025-09-17 17:40:22 [main] INFO  ContentDetailPageSunnxt - Regular play button found, clicking...
2025-09-17 17:41:29 [main] WARN  PlayerControlsSunnxt - No video player found on page.
2025-09-17 17:41:33 [main] ERROR PlayerControlsSunnxt - Error while checking video playback.
org.openqa.selenium.NoSuchSessionException: invalid session id
Build info: version: '4.29.0', revision: '5fc1ec94cb'
System info: os.name: 'Windows 11', os.arch: 'amd64', os.version: '10.0', java.version: '23.0.1'
Driver info: org.openqa.selenium.chrome.ChromeDriver
Command: [8e87d759036d1362b0db232374aae768, executeScript {args=[], script=var p = document.getElementById('player_html5_api');return p && !p.paused;}]
Capabilities {acceptInsecureCerts: false, browserName: chrome, browserVersion: 140.0.7339.81, chrome: {chromedriverVersion: 140.0.7339.82 (bc93617e21c3..., userDataDir: C:\Users\ARUNAC~1.D\AppData...}, fedcm:accounts: true, goog:chromeOptions: {debuggerAddress: localhost:56221}, networkConnectionEnabled: false, pageLoadStrategy: eager, platformName: windows, proxy: Proxy(), se:cdp: ws://localhost:56221/devtoo..., se:cdpVersion: 140.0.7339.81, setWindowRect: true, strictFileInteractability: false, timeouts: {implicit: 0, pageLoad: 300000, script: 30000}, unhandledPromptBehavior: dismiss and notify, webauthn:extension:credBlob: true, webauthn:extension:largeBlob: true, webauthn:extension:minPinLength: true, webauthn:extension:prf: true, webauthn:virtualAuthenticators: true}
Session ID: 8e87d759036d1362b0db232374aae768
	at java.base/jdk.internal.reflect.DirectConstructorHandleAccessor.newInstance(DirectConstructorHandleAccessor.java:62) ~[?:?]
	at java.base/java.lang.reflect.Constructor.newInstanceWithCaller(Constructor.java:501) ~[?:?]
	at java.base/java.lang.reflect.Constructor.newInstance(Constructor.java:485) ~[?:?]
	at org.openqa.selenium.remote.ErrorCodec.decode(ErrorCodec.java:167) ~[selenium-remote-driver-4.29.0.jar:?]
	at org.openqa.selenium.remote.codec.w3c.W3CHttpResponseCodec.decode(W3CHttpResponseCodec.java:138) ~[selenium-remote-driver-4.29.0.jar:?]
	at org.openqa.selenium.remote.codec.w3c.W3CHttpResponseCodec.decode(W3CHttpResponseCodec.java:50) ~[selenium-remote-driver-4.29.0.jar:?]
	at org.openqa.selenium.remote.HttpCommandExecutor.execute(HttpCommandExecutor.java:215) ~[selenium-remote-driver-4.29.0.jar:?]
	at org.openqa.selenium.remote.service.DriverCommandExecutor.invokeExecute(DriverCommandExecutor.java:216) ~[selenium-remote-driver-4.29.0.jar:?]
	at org.openqa.selenium.remote.service.DriverCommandExecutor.execute(DriverCommandExecutor.java:174) ~[selenium-remote-driver-4.29.0.jar:?]
	at org.openqa.selenium.remote.RemoteWebDriver.execute(RemoteWebDriver.java:545) ~[selenium-remote-driver-4.29.0.jar:?]
	at org.openqa.selenium.remote.RemoteWebDriver.executeScript(RemoteWebDriver.java:476) ~[selenium-remote-driver-4.29.0.jar:?]
	at sunnxtPages.PlayerControlsSunnxt.lambda$0(PlayerControlsSunnxt.java:111) ~[classes/:?]
	at org.openqa.selenium.support.ui.FluentWait.until(FluentWait.java:203) ~[selenium-support-4.29.0.jar:?]
	at sunnxtPages.PlayerControlsSunnxt.isVideoPlaying(PlayerControlsSunnxt.java:107) [classes/:?]
	at basicUserContentPlayback.TC_ContentPlaybackMoviesBasic.tearDown(TC_ContentPlaybackMoviesBasic.java:72) [test-classes/:?]
	at java.base/jdk.internal.reflect.DirectMethodHandleAccessor.invoke(DirectMethodHandleAccessor.java:103) ~[?:?]
	at java.base/java.lang.reflect.Method.invoke(Method.java:580) ~[?:?]
	at org.testng.internal.invokers.MethodInvocationHelper.invokeMethod(MethodInvocationHelper.java:141) [org.testng_7.10.1.r202404130807.jar:7.10.1]
	at org.testng.internal.invokers.MethodInvocationHelper.invokeMethodConsideringTimeout(MethodInvocationHelper.java:71) [org.testng_7.10.1.r202404130807.jar:7.10.1]
	at org.testng.internal.invokers.ConfigInvoker.invokeConfigurationMethod(ConfigInvoker.java:400) [org.testng_7.10.1.r202404130807.jar:7.10.1]
	at org.testng.internal.invokers.ConfigInvoker.invokeConfigurations(ConfigInvoker.java:333) [org.testng_7.10.1.r202404130807.jar:7.10.1]
	at org.testng.TestRunner.invokeTestConfigurations(TestRunner.java:655) [org.testng_7.10.1.r202404130807.jar:7.10.1]
	at org.testng.TestRunner.afterRun(TestRunner.java:818) [org.testng_7.10.1.r202404130807.jar:7.10.1]
	at org.testng.TestRunner.run(TestRunner.java:616) [org.testng_7.10.1.r202404130807.jar:7.10.1]
	at org.testng.SuiteRunner.runTest(SuiteRunner.java:421) [org.testng_7.10.1.r202404130807.jar:7.10.1]
	at org.testng.SuiteRunner.runSequentially(SuiteRunner.java:413) [org.testng_7.10.1.r202404130807.jar:7.10.1]
	at org.testng.SuiteRunner.privateRun(SuiteRunner.java:373) [org.testng_7.10.1.r202404130807.jar:7.10.1]
	at org.testng.SuiteRunner.run(SuiteRunner.java:312) [org.testng_7.10.1.r202404130807.jar:7.10.1]
	at org.testng.SuiteRunnerWorker.runSuite(SuiteRunnerWorker.java:52) [org.testng_7.10.1.r202404130807.jar:7.10.1]
	at org.testng.SuiteRunnerWorker.run(SuiteRunnerWorker.java:95) [org.testng_7.10.1.r202404130807.jar:7.10.1]
	at org.testng.TestNG.runSuitesSequentially(TestNG.java:1274) [org.testng_7.10.1.r202404130807.jar:7.10.1]
	at org.testng.TestNG.runSuitesLocally(TestNG.java:1208) [org.testng_7.10.1.r202404130807.jar:7.10.1]
	at org.testng.TestNG.runSuites(TestNG.java:1112) [org.testng_7.10.1.r202404130807.jar:7.10.1]
	at org.testng.TestNG.run(TestNG.java:1079) [org.testng_7.10.1.r202404130807.jar:7.10.1]
	at org.testng.remote.AbstractRemoteTestNG.run(AbstractRemoteTestNG.java:115) [testng-remote.jar:?]
	at org.testng.remote.RemoteTestNG.initAndRun(RemoteTestNG.java:293) [testng-remote.jar:?]
	at org.testng.remote.RemoteTestNG.main(RemoteTestNG.java:91) [testng-remote.jar:?]
2025-09-17 17:57:12 [main] INFO  TestBase - Web Driver initiated. Launching Chrome Browser
2025-09-17 17:57:12 [main] INFO  TestBase - Launching Sun NXT.....
2025-09-17 17:57:17 [main] INFO  TC_ContentPlaybackMovie - Starting playback test...
2025-09-17 17:57:17 [main] INFO  contentLanguageSelection - Tamil Language has been selected
2025-09-17 17:57:17 [main] INFO  TestBase - Applying implicit wait of 10 seconds.
2025-09-17 17:57:20 [main] INFO  HomepageSunnxt - Profile icon clicked
2025-09-17 17:57:20 [main] INFO  HomepageSunnxt - Signin button clicked
2025-09-17 17:57:26 [main] INFO  LoginPageSunnxt - Email or Mobile Number has been entered
2025-09-17 17:57:26 [main] INFO  LoginPageSunnxt - Password has been entered
2025-09-17 17:57:26 [main] INFO  LoginPageSunnxt - Login button clicked
2025-09-17 17:57:26 [main] INFO  LoginPageSunnxt - Device limit popup handled
2025-09-17 17:58:24 [main] INFO  TestBase - Web Driver initiated. Launching Chrome Browser
2025-09-17 17:58:24 [main] INFO  TestBase - Launching Sun NXT.....
2025-09-17 17:58:30 [main] INFO  TC_ContentPlaybackMoviesBasic - Starting playback testing for Movies Section
2025-09-17 17:58:30 [main] INFO  contentLanguageSelection - Tamil Language has been selected
2025-09-17 17:58:30 [main] INFO  TestBase - Applying implicit wait of 10 seconds.
2025-09-17 17:58:31 [main] INFO  HomepageSunnxt - Profile icon clicked
2025-09-17 17:58:31 [main] INFO  HomepageSunnxt - Signin button clicked
2025-09-17 17:58:35 [main] INFO  LoginPageSunnxt - Email or Mobile Number has been entered
2025-09-17 17:58:35 [main] INFO  LoginPageSunnxt - Password has been entered
2025-09-17 17:58:35 [main] INFO  LoginPageSunnxt - Login button clicked
2025-09-17 17:58:35 [main] INFO  LoginPageSunnxt - Device limit popup handled
2025-09-17 17:59:55 [main] INFO  LoginPageSunnxt - User login successful with username: sunnxtq@gmail.com
2025-09-17 17:59:55 [main] INFO  TestBase - Applying implicit wait of 30 seconds.
2025-09-17 18:00:20 [main] INFO  HomepageSunnxt - Extracting all carousel elements...
2025-09-17 18:00:20 [main] INFO  HomepageSunnxt - Targeted carousel: Action Blaster
2025-09-17 18:00:21 [main] INFO  WaitUtils - Scrolling........
2025-09-17 18:01:03 [main] INFO  ContentDetailPageSunnxt - Targeted Content - Sinam 
2025-09-17 18:01:03 [main] INFO  ContentDetailPageSunnxt - Trying to click the play button...
2025-09-17 18:01:36 [main] INFO  ContentDetailPageSunnxt - Regular play button found, clicking...
2025-09-17 18:03:36 [main] WARN  PlayerControlsSunnxt - No video player found on page.
2025-09-17 18:03:36 [main] INFO  PlayerControlsSunnxt - Redirected to subscription page.
2025-09-17 18:04:59 [main] ERROR PlayerControlsSunnxt - Error while checking video playback.
org.openqa.selenium.NoSuchSessionException: invalid session id: session deleted as the browser has closed the connection
from disconnected: not connected to DevTools
  (Session info: chrome=140.0.7339.81)
Build info: version: '4.29.0', revision: '5fc1ec94cb'
System info: os.name: 'Windows 11', os.arch: 'amd64', os.version: '10.0', java.version: '23.0.1'
Driver info: org.openqa.selenium.chrome.ChromeDriver
Command: [2056abae72f62516032a464a3bcd8031, executeScript {args=[], script=var p = document.getElementById('player_html5_api');return p && !p.paused;}]
Capabilities {acceptInsecureCerts: false, browserName: chrome, browserVersion: 140.0.7339.81, chrome: {chromedriverVersion: 140.0.7339.82 (bc93617e21c3..., userDataDir: C:\Users\ARUNAC~1.D\AppData...}, fedcm:accounts: true, goog:chromeOptions: {debuggerAddress: localhost:62317}, networkConnectionEnabled: false, pageLoadStrategy: eager, platformName: windows, proxy: Proxy(), se:cdp: ws://localhost:62317/devtoo..., se:cdpVersion: 140.0.7339.81, setWindowRect: true, strictFileInteractability: false, timeouts: {implicit: 0, pageLoad: 300000, script: 30000}, unhandledPromptBehavior: dismiss and notify, webauthn:extension:credBlob: true, webauthn:extension:largeBlob: true, webauthn:extension:minPinLength: true, webauthn:extension:prf: true, webauthn:virtualAuthenticators: true}
Session ID: 2056abae72f62516032a464a3bcd8031
	at java.base/jdk.internal.reflect.DirectConstructorHandleAccessor.newInstance(DirectConstructorHandleAccessor.java:62) ~[?:?]
	at java.base/java.lang.reflect.Constructor.newInstanceWithCaller(Constructor.java:501) ~[?:?]
	at java.base/java.lang.reflect.Constructor.newInstance(Constructor.java:485) ~[?:?]
	at org.openqa.selenium.remote.ErrorCodec.decode(ErrorCodec.java:167) ~[selenium-remote-driver-4.29.0.jar:?]
	at org.openqa.selenium.remote.codec.w3c.W3CHttpResponseCodec.decode(W3CHttpResponseCodec.java:138) ~[selenium-remote-driver-4.29.0.jar:?]
	at org.openqa.selenium.remote.codec.w3c.W3CHttpResponseCodec.decode(W3CHttpResponseCodec.java:50) ~[selenium-remote-driver-4.29.0.jar:?]
	at org.openqa.selenium.remote.HttpCommandExecutor.execute(HttpCommandExecutor.java:215) ~[selenium-remote-driver-4.29.0.jar:?]
	at org.openqa.selenium.remote.service.DriverCommandExecutor.invokeExecute(DriverCommandExecutor.java:216) ~[selenium-remote-driver-4.29.0.jar:?]
	at org.openqa.selenium.remote.service.DriverCommandExecutor.execute(DriverCommandExecutor.java:174) ~[selenium-remote-driver-4.29.0.jar:?]
	at org.openqa.selenium.remote.RemoteWebDriver.execute(RemoteWebDriver.java:545) ~[selenium-remote-driver-4.29.0.jar:?]
	at org.openqa.selenium.remote.RemoteWebDriver.executeScript(RemoteWebDriver.java:476) ~[selenium-remote-driver-4.29.0.jar:?]
	at sunnxtPages.PlayerControlsSunnxt.lambda$0(PlayerControlsSunnxt.java:111) ~[classes/:?]
	at org.openqa.selenium.support.ui.FluentWait.until(FluentWait.java:203) ~[selenium-support-4.29.0.jar:?]
	at sunnxtPages.PlayerControlsSunnxt.isVideoPlaying(PlayerControlsSunnxt.java:107) [classes/:?]
	at basicUserContentPlayback.TC_ContentPlaybackMoviesBasic.tearDown(TC_ContentPlaybackMoviesBasic.java:72) [test-classes/:?]
	at java.base/jdk.internal.reflect.DirectMethodHandleAccessor.invoke(DirectMethodHandleAccessor.java:103) ~[?:?]
	at java.base/java.lang.reflect.Method.invoke(Method.java:580) ~[?:?]
	at org.testng.internal.invokers.MethodInvocationHelper.invokeMethod(MethodInvocationHelper.java:141) [org.testng_7.10.1.r202404130807.jar:7.10.1]
	at org.testng.internal.invokers.MethodInvocationHelper.invokeMethodConsideringTimeout(MethodInvocationHelper.java:71) [org.testng_7.10.1.r202404130807.jar:7.10.1]
	at org.testng.internal.invokers.ConfigInvoker.invokeConfigurationMethod(ConfigInvoker.java:400) [org.testng_7.10.1.r202404130807.jar:7.10.1]
	at org.testng.internal.invokers.ConfigInvoker.invokeConfigurations(ConfigInvoker.java:333) [org.testng_7.10.1.r202404130807.jar:7.10.1]
	at org.testng.TestRunner.invokeTestConfigurations(TestRunner.java:655) [org.testng_7.10.1.r202404130807.jar:7.10.1]
	at org.testng.TestRunner.afterRun(TestRunner.java:818) [org.testng_7.10.1.r202404130807.jar:7.10.1]
	at org.testng.TestRunner.run(TestRunner.java:616) [org.testng_7.10.1.r202404130807.jar:7.10.1]
	at org.testng.SuiteRunner.runTest(SuiteRunner.java:421) [org.testng_7.10.1.r202404130807.jar:7.10.1]
	at org.testng.SuiteRunner.runSequentially(SuiteRunner.java:413) [org.testng_7.10.1.r202404130807.jar:7.10.1]
	at org.testng.SuiteRunner.privateRun(SuiteRunner.java:373) [org.testng_7.10.1.r202404130807.jar:7.10.1]
	at org.testng.SuiteRunner.run(SuiteRunner.java:312) [org.testng_7.10.1.r202404130807.jar:7.10.1]
	at org.testng.SuiteRunnerWorker.runSuite(SuiteRunnerWorker.java:52) [org.testng_7.10.1.r202404130807.jar:7.10.1]
	at org.testng.SuiteRunnerWorker.run(SuiteRunnerWorker.java:95) [org.testng_7.10.1.r202404130807.jar:7.10.1]
	at org.testng.TestNG.runSuitesSequentially(TestNG.java:1274) [org.testng_7.10.1.r202404130807.jar:7.10.1]
	at org.testng.TestNG.runSuitesLocally(TestNG.java:1208) [org.testng_7.10.1.r202404130807.jar:7.10.1]
	at org.testng.TestNG.runSuites(TestNG.java:1112) [org.testng_7.10.1.r202404130807.jar:7.10.1]
	at org.testng.TestNG.run(TestNG.java:1079) [org.testng_7.10.1.r202404130807.jar:7.10.1]
	at org.testng.remote.AbstractRemoteTestNG.run(AbstractRemoteTestNG.java:115) [testng-remote.jar:?]
	at org.testng.remote.RemoteTestNG.initAndRun(RemoteTestNG.java:293) [testng-remote.jar:?]
	at org.testng.remote.RemoteTestNG.main(RemoteTestNG.java:91) [testng-remote.jar:?]
2025-09-18 09:45:47 [main] INFO  TestBase - Web Driver initiated. Launching Chrome Browser
2025-09-18 09:45:47 [main] INFO  TestBase - Launching Sun NXT.....
2025-09-18 09:45:52 [main] INFO  TC_ContentPlaybackMoviesBasic - Starting playback testing for Movies Section
2025-09-18 09:45:57 [main] INFO  contentLanguageSelection - Tamil Language has been selected
2025-09-18 09:45:58 [main] INFO  TestBase - Applying implicit wait of 10 seconds.
2025-09-18 09:46:05 [main] INFO  HomepageSunnxt - Profile icon clicked
2025-09-18 09:46:05 [main] INFO  HomepageSunnxt - Signin button clicked
2025-09-18 09:46:26 [main] INFO  LoginPageSunnxt - Email or Mobile Number has been entered
2025-09-18 09:46:26 [main] INFO  LoginPageSunnxt - Password has been entered
2025-09-18 09:46:26 [main] INFO  LoginPageSunnxt - Login button clicked
2025-09-18 09:46:28 [main] INFO  LoginPageSunnxt - Device limit popup handled
2025-09-18 09:47:46 [main] INFO  LoginPageSunnxt - User login successful with username: sunnxtq@gmail.com
2025-09-18 09:47:47 [main] INFO  TestBase - Applying implicit wait of 30 seconds.
2025-09-18 09:48:11 [main] INFO  HomepageSunnxt - Extracting all carousel elements...
2025-09-18 09:48:11 [main] INFO  HomepageSunnxt - Targeted carousel: Popular Actress
2025-09-18 09:48:38 [main] INFO  WaitUtils - Scrolling........
2025-09-18 09:48:49 [main] INFO  WaitUtils - Scrolling........
2025-09-18 09:48:54 [main] INFO  WaitUtils - Scrolling........
2025-09-18 09:48:59 [main] INFO  WaitUtils - Scrolling........
2025-09-18 09:49:04 [main] INFO  WaitUtils - Scrolling........
2025-09-18 09:49:09 [main] INFO  WaitUtils - Scrolling........
2025-09-18 09:49:49 [main] INFO  ContentDetailPageSunnxt - Targeted Content - Kanchana 2 
2025-09-18 09:49:49 [main] INFO  ContentDetailPageSunnxt - Trying to click the play button...
2025-09-18 09:50:23 [main] INFO  ContentDetailPageSunnxt - Regular play button found, clicking...
2025-09-18 09:52:23 [main] WARN  PlayerControlsSunnxt - No video player found on page.
2025-09-18 09:52:23 [main] INFO  PlayerControlsSunnxt - Redirected to subscription page.
2025-09-18 09:52:23 [main] INFO  TestBase - Applying implicit wait of 30 seconds.
2025-09-18 09:52:23 [main] INFO  TestBase - All browser sessions have been closed.
2025-09-18 11:12:34 [main] INFO  TestBase - Web Driver initiated. Launching Chrome Browser
2025-09-18 11:12:34 [main] INFO  TestBase - Launching Sun NXT.....
2025-09-18 11:12:41 [main] INFO  TC_ContentPlaybackTvShowsBasic - Starting playback testing for TV Shows Section- Basic User
2025-09-18 11:12:42 [main] INFO  contentLanguageSelection - Tamil Language has been selected
2025-09-18 11:12:42 [main] INFO  TestBase - Applying implicit wait of 10 seconds.
2025-09-18 11:12:45 [main] INFO  HomepageSunnxt - Profile icon clicked
2025-09-18 11:12:45 [main] INFO  HomepageSunnxt - Signin button clicked
2025-09-18 11:14:12 [main] ERROR PlayerControlsSunnxt - Error while checking video playback.
org.openqa.selenium.NoSuchSessionException: invalid session id: session deleted as the browser has closed the connection
from disconnected: not connected to DevTools
  (Session info: chrome=140.0.7339.186)
Build info: version: '4.35.0', revision: '1c58e5028b'
System info: os.name: 'Windows 11', os.arch: 'amd64', os.version: '10.0', java.version: '23.0.1'
Driver info: org.openqa.selenium.chrome.ChromeDriver
Command: [d538ba7a7f0087d8a50fd14d43af2e64, executeScript {script=var p = document.getElementById('player_html5_api');return p && !p.paused;, args=[]}]
Capabilities {acceptInsecureCerts: false, browserName: chrome, browserVersion: 140.0.7339.186, chrome: {chromedriverVersion: 140.0.7339.185 (eeea00e459e..., userDataDir: C:\Users\ARUNAC~1.D\AppData...}, fedcm:accounts: true, goog:chromeOptions: {debuggerAddress: localhost:58578}, networkConnectionEnabled: false, pageLoadStrategy: eager, platformName: windows, proxy: Proxy(), se:cdp: ws://localhost:58578/devtoo..., se:cdpVersion: 140.0.7339.186, setWindowRect: true, strictFileInteractability: false, timeouts: {implicit: 0, pageLoad: 300000, script: 30000}, unhandledPromptBehavior: dismiss and notify, webauthn:extension:credBlob: true, webauthn:extension:largeBlob: true, webauthn:extension:minPinLength: true, webauthn:extension:prf: true, webauthn:virtualAuthenticators: true}
Session ID: d538ba7a7f0087d8a50fd14d43af2e64
	at java.base/jdk.internal.reflect.DirectConstructorHandleAccessor.newInstance(DirectConstructorHandleAccessor.java:62) ~[?:?]
	at java.base/java.lang.reflect.Constructor.newInstanceWithCaller(Constructor.java:501) ~[?:?]
	at java.base/java.lang.reflect.Constructor.newInstance(Constructor.java:485) ~[?:?]
	at org.openqa.selenium.remote.ErrorCodec.decode(ErrorCodec.java:167) ~[selenium-remote-driver-4.35.0.jar:?]
	at org.openqa.selenium.remote.codec.w3c.W3CHttpResponseCodec.decode(W3CHttpResponseCodec.java:138) ~[selenium-remote-driver-4.35.0.jar:?]
	at org.openqa.selenium.remote.codec.w3c.W3CHttpResponseCodec.decode(W3CHttpResponseCodec.java:50) ~[selenium-remote-driver-4.35.0.jar:?]
	at org.openqa.selenium.remote.HttpCommandExecutor.execute(HttpCommandExecutor.java:215) ~[selenium-remote-driver-4.35.0.jar:?]
	at org.openqa.selenium.remote.service.DriverCommandExecutor.invokeExecute(DriverCommandExecutor.java:216) ~[selenium-remote-driver-4.35.0.jar:?]
	at org.openqa.selenium.remote.service.DriverCommandExecutor.execute(DriverCommandExecutor.java:174) ~[selenium-remote-driver-4.35.0.jar:?]
	at org.openqa.selenium.remote.RemoteWebDriver.execute(RemoteWebDriver.java:557) ~[selenium-remote-driver-4.35.0.jar:?]
	at org.openqa.selenium.remote.RemoteWebDriver.executeScript(RemoteWebDriver.java:488) ~[selenium-remote-driver-4.35.0.jar:?]
	at sunnxtPages.PlayerControlsSunnxt.lambda$0(PlayerControlsSunnxt.java:111) ~[classes/:?]
	at org.openqa.selenium.support.ui.FluentWait.until(FluentWait.java:203) ~[selenium-support-4.35.0.jar:?]
	at sunnxtPages.PlayerControlsSunnxt.isVideoPlaying(PlayerControlsSunnxt.java:107) [classes/:?]
	at basicUserContentPlayback.TC_ContentPlaybackTvShowsBasic.tearDown(TC_ContentPlaybackTvShowsBasic.java:93) [test-classes/:?]
	at java.base/jdk.internal.reflect.DirectMethodHandleAccessor.invoke(DirectMethodHandleAccessor.java:103) ~[?:?]
	at java.base/java.lang.reflect.Method.invoke(Method.java:580) ~[?:?]
	at org.testng.internal.invokers.MethodInvocationHelper.invokeMethod(MethodInvocationHelper.java:141) [org.testng_7.10.1.r202404130807.jar:7.10.1]
	at org.testng.internal.invokers.MethodInvocationHelper.invokeMethodConsideringTimeout(MethodInvocationHelper.java:71) [org.testng_7.10.1.r202404130807.jar:7.10.1]
	at org.testng.internal.invokers.ConfigInvoker.invokeConfigurationMethod(ConfigInvoker.java:400) [org.testng_7.10.1.r202404130807.jar:7.10.1]
	at org.testng.internal.invokers.ConfigInvoker.invokeConfigurations(ConfigInvoker.java:333) [org.testng_7.10.1.r202404130807.jar:7.10.1]
	at org.testng.TestRunner.invokeTestConfigurations(TestRunner.java:655) [org.testng_7.10.1.r202404130807.jar:7.10.1]
	at org.testng.TestRunner.afterRun(TestRunner.java:818) [org.testng_7.10.1.r202404130807.jar:7.10.1]
	at org.testng.TestRunner.run(TestRunner.java:616) [org.testng_7.10.1.r202404130807.jar:7.10.1]
	at org.testng.SuiteRunner.runTest(SuiteRunner.java:421) [org.testng_7.10.1.r202404130807.jar:7.10.1]
	at org.testng.SuiteRunner.runSequentially(SuiteRunner.java:413) [org.testng_7.10.1.r202404130807.jar:7.10.1]
	at org.testng.SuiteRunner.privateRun(SuiteRunner.java:373) [org.testng_7.10.1.r202404130807.jar:7.10.1]
	at org.testng.SuiteRunner.run(SuiteRunner.java:312) [org.testng_7.10.1.r202404130807.jar:7.10.1]
	at org.testng.SuiteRunnerWorker.runSuite(SuiteRunnerWorker.java:52) [org.testng_7.10.1.r202404130807.jar:7.10.1]
	at org.testng.SuiteRunnerWorker.run(SuiteRunnerWorker.java:95) [org.testng_7.10.1.r202404130807.jar:7.10.1]
	at org.testng.TestNG.runSuitesSequentially(TestNG.java:1274) [org.testng_7.10.1.r202404130807.jar:7.10.1]
	at org.testng.TestNG.runSuitesLocally(TestNG.java:1208) [org.testng_7.10.1.r202404130807.jar:7.10.1]
	at org.testng.TestNG.runSuites(TestNG.java:1112) [org.testng_7.10.1.r202404130807.jar:7.10.1]
	at org.testng.TestNG.run(TestNG.java:1079) [org.testng_7.10.1.r202404130807.jar:7.10.1]
	at org.testng.remote.AbstractRemoteTestNG.run(AbstractRemoteTestNG.java:115) [testng-remote.jar:?]
	at org.testng.remote.RemoteTestNG.initAndRun(RemoteTestNG.java:293) [testng-remote.jar:?]
	at org.testng.remote.RemoteTestNG.main(RemoteTestNG.java:91) [testng-remote.jar:?]
2025-09-18 11:14:24 [main] INFO  TestBase - Web Driver initiated. Launching Chrome Browser
2025-09-18 11:14:24 [main] INFO  TestBase - Launching Sun NXT.....
2025-09-18 11:14:30 [main] INFO  TC_ContentPlaybackTvShowsBasic - Starting playback testing for TV Shows Section- Basic User
2025-09-18 11:14:30 [main] INFO  contentLanguageSelection - Tamil Language has been selected
2025-09-18 11:14:31 [main] INFO  TestBase - Applying implicit wait of 10 seconds.
2025-09-18 11:14:32 [main] WARN  HomepageSunnxt - Caught StaleElementReferenceException. Retrying...
2025-09-18 11:14:32 [main] INFO  HomepageSunnxt - Profile icon clicked
2025-09-18 11:14:32 [main] INFO  HomepageSunnxt - Signin button clicked
2025-09-18 11:15:33 [main] ERROR PlayerControlsSunnxt - Error while checking video playback.
org.openqa.selenium.NoSuchSessionException: invalid session id: session deleted as the browser has closed the connection
from disconnected: not connected to DevTools
  (Session info: chrome=140.0.7339.186)
Build info: version: '4.35.0', revision: '1c58e5028b'
System info: os.name: 'Windows 11', os.arch: 'amd64', os.version: '10.0', java.version: '23.0.1'
Driver info: org.openqa.selenium.chrome.ChromeDriver
Command: [4eca5e42a24d46b9d0829a329efe1197, executeScript {script=var p = document.getElementById('player_html5_api');return p && !p.paused;, args=[]}]
Capabilities {acceptInsecureCerts: false, browserName: chrome, browserVersion: 140.0.7339.186, chrome: {chromedriverVersion: 140.0.7339.185 (eeea00e459e..., userDataDir: C:\Users\ARUNAC~1.D\AppData...}, fedcm:accounts: true, goog:chromeOptions: {debuggerAddress: localhost:52954}, networkConnectionEnabled: false, pageLoadStrategy: eager, platformName: windows, proxy: Proxy(), se:cdp: ws://localhost:52954/devtoo..., se:cdpVersion: 140.0.7339.186, setWindowRect: true, strictFileInteractability: false, timeouts: {implicit: 0, pageLoad: 300000, script: 30000}, unhandledPromptBehavior: dismiss and notify, webauthn:extension:credBlob: true, webauthn:extension:largeBlob: true, webauthn:extension:minPinLength: true, webauthn:extension:prf: true, webauthn:virtualAuthenticators: true}
Session ID: 4eca5e42a24d46b9d0829a329efe1197
	at java.base/jdk.internal.reflect.DirectConstructorHandleAccessor.newInstance(DirectConstructorHandleAccessor.java:62) ~[?:?]
	at java.base/java.lang.reflect.Constructor.newInstanceWithCaller(Constructor.java:501) ~[?:?]
	at java.base/java.lang.reflect.Constructor.newInstance(Constructor.java:485) ~[?:?]
	at org.openqa.selenium.remote.ErrorCodec.decode(ErrorCodec.java:167) ~[selenium-remote-driver-4.35.0.jar:?]
	at org.openqa.selenium.remote.codec.w3c.W3CHttpResponseCodec.decode(W3CHttpResponseCodec.java:138) ~[selenium-remote-driver-4.35.0.jar:?]
	at org.openqa.selenium.remote.codec.w3c.W3CHttpResponseCodec.decode(W3CHttpResponseCodec.java:50) ~[selenium-remote-driver-4.35.0.jar:?]
	at org.openqa.selenium.remote.HttpCommandExecutor.execute(HttpCommandExecutor.java:215) ~[selenium-remote-driver-4.35.0.jar:?]
	at org.openqa.selenium.remote.service.DriverCommandExecutor.invokeExecute(DriverCommandExecutor.java:216) ~[selenium-remote-driver-4.35.0.jar:?]
	at org.openqa.selenium.remote.service.DriverCommandExecutor.execute(DriverCommandExecutor.java:174) ~[selenium-remote-driver-4.35.0.jar:?]
	at org.openqa.selenium.remote.RemoteWebDriver.execute(RemoteWebDriver.java:557) ~[selenium-remote-driver-4.35.0.jar:?]
	at org.openqa.selenium.remote.RemoteWebDriver.executeScript(RemoteWebDriver.java:488) ~[selenium-remote-driver-4.35.0.jar:?]
	at sunnxtPages.PlayerControlsSunnxt.lambda$0(PlayerControlsSunnxt.java:111) ~[classes/:?]
	at org.openqa.selenium.support.ui.FluentWait.until(FluentWait.java:203) ~[selenium-support-4.35.0.jar:?]
	at sunnxtPages.PlayerControlsSunnxt.isVideoPlaying(PlayerControlsSunnxt.java:107) [classes/:?]
	at basicUserContentPlayback.TC_ContentPlaybackTvShowsBasic.tearDown(TC_ContentPlaybackTvShowsBasic.java:93) [test-classes/:?]
	at java.base/jdk.internal.reflect.DirectMethodHandleAccessor.invoke(DirectMethodHandleAccessor.java:103) ~[?:?]
	at java.base/java.lang.reflect.Method.invoke(Method.java:580) ~[?:?]
	at org.testng.internal.invokers.MethodInvocationHelper.invokeMethod(MethodInvocationHelper.java:141) [org.testng_7.10.1.r202404130807.jar:7.10.1]
	at org.testng.internal.invokers.MethodInvocationHelper.invokeMethodConsideringTimeout(MethodInvocationHelper.java:71) [org.testng_7.10.1.r202404130807.jar:7.10.1]
	at org.testng.internal.invokers.ConfigInvoker.invokeConfigurationMethod(ConfigInvoker.java:400) [org.testng_7.10.1.r202404130807.jar:7.10.1]
	at org.testng.internal.invokers.ConfigInvoker.invokeConfigurations(ConfigInvoker.java:333) [org.testng_7.10.1.r202404130807.jar:7.10.1]
	at org.testng.TestRunner.invokeTestConfigurations(TestRunner.java:655) [org.testng_7.10.1.r202404130807.jar:7.10.1]
	at org.testng.TestRunner.afterRun(TestRunner.java:818) [org.testng_7.10.1.r202404130807.jar:7.10.1]
	at org.testng.TestRunner.run(TestRunner.java:616) [org.testng_7.10.1.r202404130807.jar:7.10.1]
	at org.testng.SuiteRunner.runTest(SuiteRunner.java:421) [org.testng_7.10.1.r202404130807.jar:7.10.1]
	at org.testng.SuiteRunner.runSequentially(SuiteRunner.java:413) [org.testng_7.10.1.r202404130807.jar:7.10.1]
	at org.testng.SuiteRunner.privateRun(SuiteRunner.java:373) [org.testng_7.10.1.r202404130807.jar:7.10.1]
	at org.testng.SuiteRunner.run(SuiteRunner.java:312) [org.testng_7.10.1.r202404130807.jar:7.10.1]
	at org.testng.SuiteRunnerWorker.runSuite(SuiteRunnerWorker.java:52) [org.testng_7.10.1.r202404130807.jar:7.10.1]
	at org.testng.SuiteRunnerWorker.run(SuiteRunnerWorker.java:95) [org.testng_7.10.1.r202404130807.jar:7.10.1]
	at org.testng.TestNG.runSuitesSequentially(TestNG.java:1274) [org.testng_7.10.1.r202404130807.jar:7.10.1]
	at org.testng.TestNG.runSuitesLocally(TestNG.java:1208) [org.testng_7.10.1.r202404130807.jar:7.10.1]
	at org.testng.TestNG.runSuites(TestNG.java:1112) [org.testng_7.10.1.r202404130807.jar:7.10.1]
	at org.testng.TestNG.run(TestNG.java:1079) [org.testng_7.10.1.r202404130807.jar:7.10.1]
	at org.testng.remote.AbstractRemoteTestNG.run(AbstractRemoteTestNG.java:115) [testng-remote.jar:?]
	at org.testng.remote.RemoteTestNG.initAndRun(RemoteTestNG.java:293) [testng-remote.jar:?]
	at org.testng.remote.RemoteTestNG.main(RemoteTestNG.java:91) [testng-remote.jar:?]
2025-09-18 11:18:56 [main] INFO  TestBase - Web Driver initiated. Launching Chrome Browser
2025-09-18 11:18:56 [main] INFO  TestBase - Launching Sun NXT.....
2025-09-18 11:19:02 [main] INFO  TC_ContentPlaybackTvShowsBasic - Starting playback testing for TV Shows Section- Basic User
2025-09-18 11:19:02 [main] INFO  contentLanguageSelection - Tamil Language has been selected
2025-09-18 11:19:03 [main] INFO  TestBase - Applying implicit wait of 10 seconds.
2025-09-18 11:19:05 [main] INFO  HomepageSunnxt - Profile icon clicked
2025-09-18 11:19:05 [main] INFO  HomepageSunnxt - Signin button clicked
2025-09-18 11:22:05 [main] ERROR PlayerControlsSunnxt - Error while checking video playback.
org.openqa.selenium.TimeoutException: Expected condition failed: waiting for sunnxtPages.PlayerControlsSunnxt$$Lambda/0x000001b01b3d2f50@291cbe70 (tried for 180 second(s) with 500 milliseconds interval)
Build info: version: '4.35.0', revision: '1c58e5028b'
System info: os.name: 'Windows 11', os.arch: 'amd64', os.version: '10.0', java.version: '23.0.1'
Driver info: driver.version: unknown
	at org.openqa.selenium.support.ui.FluentWait.timeoutException(FluentWait.java:265) ~[selenium-support-4.35.0.jar:?]
	at org.openqa.selenium.support.ui.FluentWait.until(FluentWait.java:228) ~[selenium-support-4.35.0.jar:?]
	at sunnxtPages.PlayerControlsSunnxt.isVideoPlaying(PlayerControlsSunnxt.java:107) [classes/:?]
	at basicUserContentPlayback.TC_ContentPlaybackTvShowsBasic.tearDown(TC_ContentPlaybackTvShowsBasic.java:93) [test-classes/:?]
	at java.base/jdk.internal.reflect.DirectMethodHandleAccessor.invoke(DirectMethodHandleAccessor.java:103) ~[?:?]
	at java.base/java.lang.reflect.Method.invoke(Method.java:580) ~[?:?]
	at org.testng.internal.invokers.MethodInvocationHelper.invokeMethod(MethodInvocationHelper.java:141) [org.testng_7.10.1.r202404130807.jar:7.10.1]
	at org.testng.internal.invokers.MethodInvocationHelper.invokeMethodConsideringTimeout(MethodInvocationHelper.java:71) [org.testng_7.10.1.r202404130807.jar:7.10.1]
	at org.testng.internal.invokers.ConfigInvoker.invokeConfigurationMethod(ConfigInvoker.java:400) [org.testng_7.10.1.r202404130807.jar:7.10.1]
	at org.testng.internal.invokers.ConfigInvoker.invokeConfigurations(ConfigInvoker.java:333) [org.testng_7.10.1.r202404130807.jar:7.10.1]
	at org.testng.TestRunner.invokeTestConfigurations(TestRunner.java:655) [org.testng_7.10.1.r202404130807.jar:7.10.1]
	at org.testng.TestRunner.afterRun(TestRunner.java:818) [org.testng_7.10.1.r202404130807.jar:7.10.1]
	at org.testng.TestRunner.run(TestRunner.java:616) [org.testng_7.10.1.r202404130807.jar:7.10.1]
	at org.testng.SuiteRunner.runTest(SuiteRunner.java:421) [org.testng_7.10.1.r202404130807.jar:7.10.1]
	at org.testng.SuiteRunner.runSequentially(SuiteRunner.java:413) [org.testng_7.10.1.r202404130807.jar:7.10.1]
	at org.testng.SuiteRunner.privateRun(SuiteRunner.java:373) [org.testng_7.10.1.r202404130807.jar:7.10.1]
	at org.testng.SuiteRunner.run(SuiteRunner.java:312) [org.testng_7.10.1.r202404130807.jar:7.10.1]
	at org.testng.SuiteRunnerWorker.runSuite(SuiteRunnerWorker.java:52) [org.testng_7.10.1.r202404130807.jar:7.10.1]
	at org.testng.SuiteRunnerWorker.run(SuiteRunnerWorker.java:95) [org.testng_7.10.1.r202404130807.jar:7.10.1]
	at org.testng.TestNG.runSuitesSequentially(TestNG.java:1274) [org.testng_7.10.1.r202404130807.jar:7.10.1]
	at org.testng.TestNG.runSuitesLocally(TestNG.java:1208) [org.testng_7.10.1.r202404130807.jar:7.10.1]
	at org.testng.TestNG.runSuites(TestNG.java:1112) [org.testng_7.10.1.r202404130807.jar:7.10.1]
	at org.testng.TestNG.run(TestNG.java:1079) [org.testng_7.10.1.r202404130807.jar:7.10.1]
	at org.testng.remote.AbstractRemoteTestNG.run(AbstractRemoteTestNG.java:115) [testng-remote.jar:?]
	at org.testng.remote.RemoteTestNG.initAndRun(RemoteTestNG.java:293) [testng-remote.jar:?]
	at org.testng.remote.RemoteTestNG.main(RemoteTestNG.java:91) [testng-remote.jar:?]
2025-09-18 11:30:50 [main] INFO  TestBase - Web Driver initiated. Launching Chrome Browser
2025-09-18 11:30:50 [main] INFO  TestBase - Launching Sun NXT.....
2025-09-18 11:30:58 [main] INFO  TC_ContentPlaybackTvShowsBasic - Starting playback testing for TV Shows Section- Basic User
2025-09-18 11:30:58 [main] INFO  contentLanguageSelection - Tamil Language has been selected
2025-09-18 11:30:58 [main] INFO  TestBase - Applying implicit wait of 10 seconds.
2025-09-18 11:31:00 [main] INFO  HomepageSunnxt - Profile icon clicked
2025-09-18 11:31:00 [main] INFO  HomepageSunnxt - Signin button clicked
2025-09-18 11:31:00 [main] INFO  WaitUtils - Applying implicit wait of 10 seconds.
2025-09-18 11:31:06 [main] INFO  LoginPageSunnxt - Email or Mobile Number has been entered
2025-09-18 11:31:06 [main] INFO  LoginPageSunnxt - Password has been entered
2025-09-18 11:31:06 [main] INFO  LoginPageSunnxt - Login button clicked
2025-09-18 11:31:06 [main] INFO  LoginPageSunnxt - Device limit popup handled
2025-09-18 11:32:27 [main] INFO  LoginPageSunnxt - User login successful with username: sunnxtq@gmail.com
2025-09-18 11:32:27 [main] INFO  TestBase - Applying implicit wait of 30 seconds.
2025-09-18 11:32:51 [main] INFO  HomepageSunnxt - Extracting all carousel elements...
2025-09-18 11:32:52 [main] INFO  HomepageSunnxt - Targeted carousel: Coolie Unleashed (Audio Launch)
2025-09-18 11:32:52 [main] INFO  WaitUtils - Scrolling........
2025-09-18 11:32:57 [main] INFO  WaitUtils - Scrolling........
2025-09-18 11:33:02 [main] INFO  WaitUtils - Scrolling........
2025-09-18 11:33:07 [main] INFO  WaitUtils - Scrolling........
2025-09-18 11:33:12 [main] INFO  WaitUtils - Scrolling........
2025-09-18 11:33:54 [main] INFO  ContentDetailPageSunnxt - Targeted Content - Aamir Khan Speech 
2025-09-18 11:33:54 [main] INFO  ContentDetailPageSunnxt - Trying to click the play button...
2025-09-18 11:34:27 [main] INFO  ContentDetailPageSunnxt - Regular play button found, clicking...
2025-09-18 11:35:00 [main] INFO  PlayerControlsSunnxt -  Video is playing.
2025-09-18 11:35:00 [main] INFO  TestBase - Applying implicit wait of 10 seconds.
2025-09-18 11:35:01 [main] INFO  TestBase - All browser sessions have been closed.
2025-09-18 11:40:38 [main] INFO  TestBase - Web Driver initiated. Launching Chrome Browser
2025-09-18 11:40:38 [main] INFO  TestBase - Launching Sun NXT.....
2025-09-18 11:40:44 [main] INFO  TC_ContentPlaybackTvShowsBasic - Starting playback testing for TV Shows Section- Basic User
2025-09-18 11:40:45 [main] INFO  contentLanguageSelection - Tamil Language has been selected
2025-09-18 11:40:45 [main] INFO  TestBase - Applying implicit wait of 10 seconds.
2025-09-18 11:40:46 [main] INFO  HomepageSunnxt - Profile icon clicked
2025-09-18 11:40:46 [main] INFO  HomepageSunnxt - Signin button clicked
2025-09-18 11:40:46 [main] INFO  WaitUtils - Applying implicit wait of 10 seconds.
2025-09-18 11:40:49 [main] INFO  LoginPageSunnxt - Email or Mobile Number has been entered
2025-09-18 11:40:49 [main] INFO  LoginPageSunnxt - Password has been entered
2025-09-18 11:40:49 [main] INFO  LoginPageSunnxt - Login button clicked
2025-09-18 11:40:49 [main] INFO  LoginPageSunnxt - Device limit popup handled
2025-09-18 11:42:10 [main] INFO  LoginPageSunnxt - User login successful with username: sunnxtq@gmail.com
2025-09-18 11:42:10 [main] INFO  TestBase - Applying implicit wait of 30 seconds.
2025-09-18 11:42:34 [main] INFO  HomepageSunnxt - Extracting all carousel elements...
2025-09-18 11:42:34 [main] INFO  HomepageSunnxt - Targeted carousel: Ethirneechal Thodargirathu
2025-09-18 11:42:35 [main] INFO  WaitUtils - Scrolling........
2025-09-18 11:43:16 [main] INFO  ContentDetailPageSunnxt - Targeted Content - Ethir Neechal Thodargirathu - Aug 20, 2025 
2025-09-18 11:43:16 [main] INFO  ContentDetailPageSunnxt - Trying to click the play button...
2025-09-18 11:43:49 [main] INFO  ContentDetailPageSunnxt - Regular play button found, clicking...
2025-09-18 11:43:54 [main] INFO  TC_ContentPlaybackTvShowsBasic - ✅ Ad request detected: [https://d3rvu2ie16bl33.cloudfront.net/resources/bwtest.jpg, https://d3rvu2ie16bl33.cloudfront.net/creatives/assets/ff2be43d-a62f-4d73-96de-4bc0ddbca564/be125820911695ef0d8f50758ab94be8.mp4, https://dpndczlul8yjf.cloudfront.net/resources/pulse-sdk-html5/wo/rules-2017-08-29.json, https://match.adsby.bidtheatre.com/ooyalamatch?rnd=825520118, https://ad.doubleclick.net/ddm/trackimp/N4322.3231975SUNNXTIN/B34051277.428575721;dc_trk_aid=621808822;dc_trk_cid=241486977;ord=1758176030711;dc_lat=;dc_rdid=;tag_for_child_directed_treatment=;tfua=;gdpr=;gdpr_consent=;ltd=;dc_tdv=1, https://match.adsrvr.org/track/cmf/generic?ttd_pid=5xtfotl&ttd_tpi=1&rnd=-1683227088, https://cm.g.doubleclick.net/pixel?google_nid=ooyala_dbm&google_cm&google_sc&rnd=-1709514295, https://match.adsrvr.org/track/cmb/generic?ttd_pid=5xtfotl&ttd_tpi=1&rnd=-1683227088, https://ad.doubleclick.net/ddm/trackimp/N4322.3231975SUNNXTIN/B34051277.428575721;dc_pre=CIrdo47U4Y8DFanacwEdlIcVEw;dc_trk_aid=621808822;dc_trk_cid=241486977;ord=1758176030711;dc_lat=;dc_rdid=;tag_for_child_directed_treatment=;tfua=;gdpr=;gdpr_consent=;ltd=;dc_tdv=1, https://match.adsby.bidtheatre.com/ooyalamatch?redirected=true, https://d3rvu2ie16bl33.cloudfront.net/creatives/assets/ff2be43d-a62f-4d73-96de-4bc0ddbca564/be125820911695ef0d8f50758ab94be8.mp4, https://d3rvu2ie16bl33.cloudfront.net/creatives/assets/ff2be43d-a62f-4d73-96de-4bc0ddbca564/be125820911695ef0d8f50758ab94be8.mp4]
2025-09-18 11:43:54 [main] INFO  PlayerControlsSunnxt - Normal video player is displayed.
2025-09-18 11:44:22 [main] INFO  PlayerControlsSunnxt -  Video is playing.
2025-09-18 11:44:22 [main] INFO  PlayerControlsSunnxt - Video validation PASSED: video is playing.
2025-09-18 11:44:22 [main] INFO  PlayerControlsSunnxt -  Video is playing.
2025-09-18 11:44:22 [main] INFO  TestBase - Applying implicit wait of 10 seconds.
2025-09-18 11:44:23 [main] INFO  TestBase - All browser sessions have been closed.
2025-09-18 12:25:37 [main] INFO  TestBase - Web Driver initiated. Launching Chrome Browser
2025-09-18 12:25:37 [main] INFO  TestBase - Launching Sun NXT.....
2025-09-18 12:25:44 [main] INFO  TC_ContentPlaybackMovie - Starting playback test...
2025-09-18 12:25:44 [main] INFO  contentLanguageSelection - Tamil Language has been selected
2025-09-18 12:25:44 [main] INFO  TestBase - Applying implicit wait of 10 seconds.
2025-09-18 12:25:46 [main] INFO  HomepageSunnxt - Profile icon clicked
2025-09-18 12:25:46 [main] INFO  HomepageSunnxt - Signin button clicked
2025-09-18 12:25:46 [main] INFO  WaitUtils - Applying implicit wait of 10 seconds.
2025-09-18 12:25:48 [main] INFO  LoginPageSunnxt - Email or Mobile Number has been entered
2025-09-18 12:25:49 [main] INFO  LoginPageSunnxt - Password has been entered
2025-09-18 12:25:49 [main] INFO  LoginPageSunnxt - Login button clicked
2025-09-18 12:25:49 [main] INFO  LoginPageSunnxt - Device limit popup handled
2025-09-18 12:27:09 [main] INFO  LoginPageSunnxt - User login successful with username: 9841595069
2025-09-18 12:27:09 [main] INFO  TestBase - User login successful
2025-09-18 12:27:34 [main] INFO  HomepageSunnxt - Extracting all carousel elements...
2025-09-18 12:27:34 [main] INFO  HomepageSunnxt - Targeted carousel: Race For Power
2025-09-18 12:27:34 [main] INFO  WaitUtils - Scrolling........
2025-09-18 12:27:39 [main] INFO  WaitUtils - Scrolling........
2025-09-18 12:27:44 [main] INFO  WaitUtils - Scrolling........
2025-09-18 12:27:49 [main] INFO  WaitUtils - Scrolling........
2025-09-18 12:27:55 [main] INFO  WaitUtils - Scrolling........
2025-09-18 12:28:16 [main] INFO  ContentDetailPageSunnxt - Trying to click the play button...
2025-09-18 12:28:29 [main] INFO  ContentDetailPageSunnxt - Regular play button found, clicking...
2025-09-18 12:28:29 [main] INFO  ContentDetailPageSunnxt - Targeted Content - Kodi 
2025-09-18 12:28:34 [main] INFO  TC_ContentPlaybackMovie - ✅ Ad request detected: [https://d2hdl36b3yoqpz.cloudfront.net/26184/78017428-9499-4867-b208-a7721c983b02.vtt, https://d2hdl36b3yoqpz.cloudfront.net/26184/78017428-9499-4867-b208-a7721c983b02.vtt]
2025-09-18 12:28:34 [main] INFO  PlayerControlsSunnxt - Normal video player is displayed.
2025-09-18 12:28:34 [main] INFO  PlayerControlsSunnxt -  Video is playing.
2025-09-18 12:28:34 [main] INFO  PlayerControlsSunnxt - Video validation PASSED: video is playing.
2025-09-18 12:39:53 [main] INFO  TestBase - Web Driver initiated. Launching Chrome Browser
2025-09-18 12:39:53 [main] INFO  TestBase - Launching Sun NXT.....
2025-09-18 12:39:57 [main] INFO  TC_ContentPlaybackMovie - Starting playback test...
2025-09-18 12:39:57 [main] INFO  contentLanguageSelection - Tamil Language has been selected
2025-09-18 12:39:57 [main] INFO  TestBase - Applying implicit wait of 10 seconds.
2025-09-18 12:39:58 [main] INFO  HomepageSunnxt - Profile icon clicked
2025-09-18 12:39:58 [main] INFO  HomepageSunnxt - Signin button clicked
2025-09-18 12:39:58 [main] INFO  WaitUtils - Applying implicit wait of 10 seconds.
2025-09-18 12:40:01 [main] INFO  LoginPageSunnxt - Email or Mobile Number has been entered
2025-09-18 12:40:01 [main] INFO  LoginPageSunnxt - Password has been entered
2025-09-18 12:40:01 [main] INFO  LoginPageSunnxt - Login button clicked
2025-09-18 12:40:01 [main] INFO  LoginPageSunnxt - Device limit popup handled
2025-09-18 12:41:21 [main] INFO  LoginPageSunnxt - User login successful with username: 9841595069
2025-09-18 12:41:21 [main] INFO  TestBase - User login successful
2025-09-18 12:41:46 [main] INFO  HomepageSunnxt - Extracting all carousel elements...
2025-09-18 12:41:46 [main] INFO  HomepageSunnxt - Targeted carousel: Race For Power
2025-09-18 12:41:47 [main] INFO  WaitUtils - Scrolling........
2025-09-18 12:41:52 [main] INFO  WaitUtils - Scrolling........
2025-09-18 12:41:57 [main] INFO  WaitUtils - Scrolling........
2025-09-18 12:42:02 [main] INFO  WaitUtils - Scrolling........
2025-09-18 12:42:07 [main] INFO  WaitUtils - Scrolling........
2025-09-18 12:42:28 [main] INFO  ContentDetailPageSunnxt - Trying to click the play button...
2025-09-18 12:42:41 [main] INFO  ContentDetailPageSunnxt - Regular play button found, clicking...
2025-09-18 12:42:41 [main] INFO  ContentDetailPageSunnxt - Targeted Content - Sarkar 
2025-09-18 12:42:46 [main] WARN  TC_ContentPlaybackMovie - ❌ No ad request detected.
2025-09-18 12:42:46 [main] INFO  PlayerControlsSunnxt - Normal video player is displayed.
2025-09-18 12:42:46 [main] INFO  PlayerControlsSunnxt -  Video is playing.
2025-09-18 12:42:46 [main] INFO  PlayerControlsSunnxt - Video validation PASSED: video is playing.
2025-09-18 12:42:47 [main] INFO  PlayerControlsSunnxt -  Video is playing.
2025-09-18 12:42:47 [main] INFO  TestBase - Applying implicit wait of 10 seconds.
2025-09-18 12:42:47 [main] INFO  TestBase - All browser sessions have been closed.
2025-09-18 13:38:29 [main] INFO  TestBase - Web Driver initiated. Launching Chrome Browser
2025-09-18 13:38:29 [main] INFO  TestBase - Launching Sun NXT.....
2025-09-18 13:38:35 [main] INFO  TC_ContentPlaybackTvShowsBasic - Starting playback testing for TV Shows Section- Basic User
2025-09-18 13:38:35 [main] INFO  contentLanguageSelection - Tamil Language has been selected
2025-09-18 13:38:35 [main] INFO  TestBase - Applying implicit wait of 10 seconds.
2025-09-18 13:38:40 [main] INFO  HomepageSunnxt - Profile icon clicked
2025-09-18 13:38:40 [main] INFO  HomepageSunnxt - Signin button clicked
2025-09-18 13:38:40 [main] INFO  WaitUtils - Applying implicit wait of 10 seconds.
2025-09-18 13:38:48 [main] INFO  LoginPageSunnxt - Email or Mobile Number has been entered
2025-09-18 13:38:48 [main] INFO  LoginPageSunnxt - Password has been entered
2025-09-18 13:38:48 [main] INFO  LoginPageSunnxt - Login button clicked
2025-09-18 13:38:48 [main] INFO  LoginPageSunnxt - Device limit popup handled
2025-09-18 13:40:09 [main] INFO  LoginPageSunnxt - User login successful with username: sunnxtq@gmail.com
2025-09-18 13:40:09 [main] INFO  TestBase - Applying implicit wait of 30 seconds.
2025-09-18 13:40:33 [main] INFO  HomepageSunnxt - Extracting all carousel elements...
2025-09-18 13:40:33 [main] INFO  HomepageSunnxt - Targeted carousel: Malli
2025-09-18 13:40:34 [main] INFO  WaitUtils - Scrolling........
2025-09-18 13:41:15 [main] INFO  ContentDetailPageSunnxt - Targeted Content - Malli Tamil - Aug 13, 2025 
2025-09-18 13:41:15 [main] INFO  ContentDetailPageSunnxt - Trying to click the play button...
2025-09-18 13:41:48 [main] INFO  ContentDetailPageSunnxt - Regular play button found, clicking...
2025-09-18 13:41:53 [main] INFO  TC_ContentPlaybackTvShowsBasic - ✅ Ad request detected: [https://in-suntv.videoplaza.tv/proxy/bwtest.jpg, https://in-suntv.videoplaza.tv/proxy/distributor/v2?rt=vp_3.0&pf=html5&cv=h5_2.1.22.6.0&t=title_malli%20tamil%20-%20aug%2013%2C%202025%2Ccontenttype_tv-show%2Clanguage_tamil%2Cgenre_serials%2Cgenre_family%20drama%2Cgender_male%2Cagegroup_26-30_years%2Cpartner_sunnxtpaidannualbasic%2Cadfeature_multiplead%2Cunexposed%2C&s=tamil_tv-show&vwt=1047.75&vht=589.359&vbw=666&bp=300%2C600%2C900%2C1500%2C2400%2C3300%2C4800%2C6300&xpb=1&st=20:1&rnd=9634277084207216, https://service.videoplaza.tv/proxy/pulse-sdk-html5/wo/rules.json, https://in-suntv.videoplaza.tv/proxy/tracker/v2?pid=2677ae81-20d1-4d43-ba16-70d7e162a3a4&t=contenttype_tv-show,language_tamil,genre_family+drama,unexposed,genre_serials,adfeature_multiplead,agegroup_26-30_years,partner_sunnxtpaidannualbasic,+2025,gender_male,title_malli+tamil+-+aug+13&tid=48bcd9b4-8f7f-4d2d-bc45-762f02c916d0&pf=html5&cv=h5_2.1.22.6.0&dcid=0a5d51ff-3a72-4b8b-a551-bcb571d490f0&cf=short_form&s=tamil_tv-show&loc=COQCELROGIKZASCn3RUt7FFQQTUfhaBCOgdjaGVubmFpQgY2MDAwMjg&rnd=6319337326714797&tt=p&rbp=1&e=21, https://ad.doubleclick.net/ddm/trackimp/N4322.3231975SUNNXTIN/B34051277.428575721;dc_trk_aid=621808822;dc_trk_cid=241486977;ord=1758183109546;dc_lat=;dc_rdid=;tag_for_child_directed_treatment=;tfua=;gdpr=;gdpr_consent=;ltd=;dc_tdv=1, https://in-suntv.videoplaza.tv/proxy/tracker/v2?pid=2677ae81-20d1-4d43-ba16-70d7e162a3a4&t=contenttype_tv-show,language_tamil,genre_family+drama,unexposed,genre_serials,adfeature_multiplead,agegroup_26-30_years,partner_sunnxtpaidannualbasic,+2025,gender_male,title_malli+tamil+-+aug+13&tid=48bcd9b4-8f7f-4d2d-bc45-762f02c916d0&pf=html5&cv=h5_2.1.22.6.0&dcid=0a5d51ff-3a72-4b8b-a551-bcb571d490f0&cf=short_form&s=tamil_tv-show&loc=COQCELROGIKZASCn3RUt7FFQQTUfhaBCOgdjaGVubmFpQgY2MDAwMjg&rnd=1235047951962030&rbp=1&aid=37559722-25e1-4ebe-9436-12a7dcf22777&tt=p&it=0&dur=30&e=0&ua=%5Bua%5D&uc=%5Buc%5D&pf=html5&cv=h5_2.1.22.6.0, https://match.adsby.bidtheatre.com/ooyalamatch?rnd=1270538348, https://cm.g.doubleclick.net/pixel?google_nid=ooyala_dbm&google_cm&google_sc&rnd=-240616835, https://match.adsrvr.org/track/cmf/generic?ttd_pid=5xtfotl&ttd_tpi=1&rnd=1763142742, https://sync-tm.everesttech.net/upi/pid/kBlKKgvo?redir=https%3A%2F%2Fssp.videoplaza.tv%2Fproxy%2Fsync%3Fdsp%3D29%26uid%3D%24%7BDSP_USER_ID%7D&rnd=1793600344, https://ib.adnxs.com/getuid?https%3A%2F%2Fssp.videoplaza.tv%2Fproxy%2Fsync%3Fdsp=30&uid=%24UID&rnd=-1386840992, https://ib.adnxs.com/getuid?https%3A%2F%2Fssp.videoplaza.tv%2Fproxy%2Fsync%3Fdsp=30&uid=%24UID&rnd=-2052102158, https://in-suntv.videoplaza.tv/proxy/tracker/v2?pid=2677ae81-20d1-4d43-ba16-70d7e162a3a4&t=contenttype_tv-show,language_tamil,genre_family+drama,unexposed,genre_serials,adfeature_multiplead,agegroup_26-30_years,partner_sunnxtpaidannualbasic,+2025,gender_male,title_malli+tamil+-+aug+13&tid=48bcd9b4-8f7f-4d2d-bc45-762f02c916d0&pf=html5&cv=h5_2.1.22.6.0&dcid=0a5d51ff-3a72-4b8b-a551-bcb571d490f0&cf=short_form&s=tamil_tv-show&loc=COQCELROGIKZASCn3RUt7FFQQTUfhaBCOgdjaGVubmFpQgY2MDAwMjg&rnd=6114820205428638&rbp=1&aid=37559722-25e1-4ebe-9436-12a7dcf22777&tt=p&it=0&dur=30&e=14, https://ib.adnxs.com/bounce?%2Fgetuid%3Fhttps%253A%252F%252Fssp.videoplaza.tv%252Fproxy%252Fsync%253Fdsp%3D30%26uid%3D%2524UID%26rnd%3D-1386840992, https://ad.doubleclick.net/ddm/trackimp/N4322.3231975SUNNXTIN/B34051277.428575721;dc_pre=CPOe1b3u4Y8DFRCKZgIdQIwGAg;dc_trk_aid=621808822;dc_trk_cid=241486977;ord=1758183109546;dc_lat=;dc_rdid=;tag_for_child_directed_treatment=;tfua=;gdpr=;gdpr_consent=;ltd=;dc_tdv=1, https://match.adsrvr.org/track/cmb/generic?ttd_pid=5xtfotl&ttd_tpi=1&rnd=1763142742, https://ssp.videoplaza.tv/proxy/sync?dsp=23&uid=CAESEI8od11HFtJ2oxzWuVZFeEs&rnd=-240616835&google_cver=1, https://ib.adnxs.com/bounce?%2Fgetuid%3Fhttps%253A%252F%252Fssp.videoplaza.tv%252Fproxy%252Fsync%253Fdsp%3D30%26uid%3D%2524UID%26rnd%3D-2052102158, https://sync-tm.everesttech.net/ct/upi/pid/kBlKKgvo?redir=https%3A%2F%2Fssp.videoplaza.tv%2Fproxy%2Fsync%3Fdsp%3D29%26uid%3D%24%7BDSP_USER_ID%7D&rnd=1793600344&_test=aMu_xQAKdkpLUABN, https://ssp.videoplaza.tv/proxy/sync?dsp=30&uid=6517457096373146517&rnd=-1386840992, https://ssp.videoplaza.tv/proxy/sync?dsp=30&uid=8139802942305272810&rnd=-2052102158, https://ssp.videoplaza.tv/proxy/sync?dsp=27&uid=2a4a0f2f-5ebc-4dba-aa37-947b6f979f5c&gdpr=0&gdpr_consent=, https://ssp.videoplaza.tv/proxy/sync?dsp=29&uid=aMu_xQAKdkpLUABN&rnd=1793600344&_test=aMu_xQAKdkpLUABN, https://match.adsby.bidtheatre.com/ooyalamatch?redirected=true]
2025-09-18 13:41:53 [main] INFO  PlayerControlsSunnxt - Normal video player is displayed.
2025-09-18 13:42:20 [main] INFO  PlayerControlsSunnxt -  Video is playing.
2025-09-18 13:42:20 [main] INFO  PlayerControlsSunnxt - Video validation PASSED: video is playing.
2025-09-18 13:42:20 [main] INFO  PlayerControlsSunnxt -  Video is playing.
2025-09-18 13:42:20 [main] INFO  TestBase - Applying implicit wait of 10 seconds.
2025-09-18 13:42:21 [main] INFO  TestBase - All browser sessions have been closed.
2025-09-18 13:48:38 [main] INFO  TestBase - Web Driver initiated. Launching Chrome Browser
2025-09-18 13:48:38 [main] INFO  TestBase - Launching Sun NXT.....
2025-09-18 13:48:43 [main] INFO  TC_ContentPlaybackLiveTV - Starting playback testing for Live TV
2025-09-18 13:48:43 [main] INFO  contentLanguageSelection - Tamil Language has been selected
2025-09-18 13:48:43 [main] INFO  TestBase - Applying implicit wait of 10 seconds.
2025-09-18 13:48:46 [main] INFO  HomepageSunnxt - Profile icon clicked
2025-09-18 13:48:47 [main] INFO  HomepageSunnxt - Signin button clicked
2025-09-18 13:48:47 [main] INFO  WaitUtils - Applying implicit wait of 10 seconds.
2025-09-18 13:48:49 [main] INFO  LoginPageSunnxt - Email or Mobile Number has been entered
2025-09-18 13:48:49 [main] INFO  LoginPageSunnxt - Password has been entered
2025-09-18 13:48:49 [main] INFO  LoginPageSunnxt - Login button clicked
2025-09-18 13:48:49 [main] INFO  LoginPageSunnxt - Device limit popup handled
2025-09-18 13:49:17 [main] INFO  TestBase - Web Driver initiated. Launching Chrome Browser
2025-09-18 13:49:17 [main] INFO  TestBase - Launching Sun NXT.....
2025-09-18 13:49:25 [main] INFO  TC_ContentPlaybackTvShowsBasic - Starting playback testing for TV Shows Section- Basic User
2025-09-18 13:49:25 [main] INFO  contentLanguageSelection - Tamil Language has been selected
2025-09-18 13:49:25 [main] INFO  TestBase - Applying implicit wait of 10 seconds.
2025-09-18 13:49:27 [main] INFO  HomepageSunnxt - Profile icon clicked
2025-09-18 13:49:27 [main] INFO  HomepageSunnxt - Signin button clicked
2025-09-18 13:49:27 [main] INFO  WaitUtils - Applying implicit wait of 10 seconds.
2025-09-18 13:49:31 [main] INFO  LoginPageSunnxt - Email or Mobile Number has been entered
2025-09-18 13:49:31 [main] INFO  LoginPageSunnxt - Password has been entered
2025-09-18 13:49:31 [main] INFO  LoginPageSunnxt - Login button clicked
2025-09-18 13:49:31 [main] INFO  LoginPageSunnxt - Device limit popup handled
2025-09-18 13:49:47 [main] INFO  LoginPageSunnxt - User login successful with username: 9841595069
2025-09-18 13:49:47 [main] ERROR PlayerControlsSunnxt - Error while checking video playback.
org.openqa.selenium.remote.UnreachableBrowserException: Error communicating with the remote browser. It may have died.
Build info: version: '4.35.0', revision: '1c58e5028b'
System info: os.name: 'Windows 11', os.arch: 'amd64', os.version: '10.0', java.version: '23.0.1'
Driver info: org.openqa.selenium.chrome.ChromeDriver
Command: [66d024e953a5a9230aa8acab500e65db, executeScript [args, script]]
Capabilities {acceptInsecureCerts: false, browserName: chrome, browserVersion: 140.0.7339.186, chrome: {chromedriverVersion: 140.0.7339.185 (eeea00e459e..., userDataDir: C:\Users\ARUNAC~1.D\AppData...}, fedcm:accounts: true, goog:chromeOptions: {debuggerAddress: localhost:56242}, networkConnectionEnabled: false, pageLoadStrategy: eager, platformName: windows, proxy: Proxy(), se:cdp: ws://localhost:56242/devtoo..., se:cdpVersion: 140.0.7339.186, setWindowRect: true, strictFileInteractability: false, timeouts: {implicit: 0, pageLoad: 300000, script: 30000}, unhandledPromptBehavior: dismiss and notify, webauthn:extension:credBlob: true, webauthn:extension:largeBlob: true, webauthn:extension:minPinLength: true, webauthn:extension:prf: true, webauthn:virtualAuthenticators: true}
Session ID: 66d024e953a5a9230aa8acab500e65db
	at org.openqa.selenium.remote.RemoteWebDriver.execute(RemoteWebDriver.java:584) ~[selenium-remote-driver-4.35.0.jar:?]
	at org.openqa.selenium.remote.RemoteWebDriver.executeScript(RemoteWebDriver.java:488) ~[selenium-remote-driver-4.35.0.jar:?]
	at sunnxtPages.PlayerControlsSunnxt.lambda$0(PlayerControlsSunnxt.java:111) ~[classes/:?]
	at org.openqa.selenium.support.ui.FluentWait.until(FluentWait.java:203) ~[selenium-support-4.35.0.jar:?]
	at sunnxtPages.PlayerControlsSunnxt.isVideoPlaying(PlayerControlsSunnxt.java:107) [classes/:?]
	at basicUserContentPlayback.TC_ContentPlaybackLiveTVBasic.tearDown(TC_ContentPlaybackLiveTVBasic.java:65) [test-classes/:?]
	at java.base/jdk.internal.reflect.DirectMethodHandleAccessor.invoke(DirectMethodHandleAccessor.java:103) ~[?:?]
	at java.base/java.lang.reflect.Method.invoke(Method.java:580) ~[?:?]
	at org.testng.internal.invokers.MethodInvocationHelper.invokeMethod(MethodInvocationHelper.java:141) [org.testng_7.10.1.r202404130807.jar:7.10.1]
	at org.testng.internal.invokers.MethodInvocationHelper.invokeMethodConsideringTimeout(MethodInvocationHelper.java:71) [org.testng_7.10.1.r202404130807.jar:7.10.1]
	at org.testng.internal.invokers.ConfigInvoker.invokeConfigurationMethod(ConfigInvoker.java:400) [org.testng_7.10.1.r202404130807.jar:7.10.1]
	at org.testng.internal.invokers.ConfigInvoker.invokeConfigurations(ConfigInvoker.java:333) [org.testng_7.10.1.r202404130807.jar:7.10.1]
	at org.testng.TestRunner.invokeTestConfigurations(TestRunner.java:655) [org.testng_7.10.1.r202404130807.jar:7.10.1]
	at org.testng.TestRunner.afterRun(TestRunner.java:818) [org.testng_7.10.1.r202404130807.jar:7.10.1]
	at org.testng.TestRunner.run(TestRunner.java:616) [org.testng_7.10.1.r202404130807.jar:7.10.1]
	at org.testng.SuiteRunner.runTest(SuiteRunner.java:421) [org.testng_7.10.1.r202404130807.jar:7.10.1]
	at org.testng.SuiteRunner.runSequentially(SuiteRunner.java:413) [org.testng_7.10.1.r202404130807.jar:7.10.1]
	at org.testng.SuiteRunner.privateRun(SuiteRunner.java:373) [org.testng_7.10.1.r202404130807.jar:7.10.1]
	at org.testng.SuiteRunner.run(SuiteRunner.java:312) [org.testng_7.10.1.r202404130807.jar:7.10.1]
	at org.testng.SuiteRunnerWorker.runSuite(SuiteRunnerWorker.java:52) [org.testng_7.10.1.r202404130807.jar:7.10.1]
	at org.testng.SuiteRunnerWorker.run(SuiteRunnerWorker.java:95) [org.testng_7.10.1.r202404130807.jar:7.10.1]
	at org.testng.TestNG.runSuitesSequentially(TestNG.java:1274) [org.testng_7.10.1.r202404130807.jar:7.10.1]
	at org.testng.TestNG.runSuitesLocally(TestNG.java:1208) [org.testng_7.10.1.r202404130807.jar:7.10.1]
	at org.testng.TestNG.runSuites(TestNG.java:1112) [org.testng_7.10.1.r202404130807.jar:7.10.1]
	at org.testng.TestNG.run(TestNG.java:1079) [org.testng_7.10.1.r202404130807.jar:7.10.1]
	at org.testng.remote.AbstractRemoteTestNG.run(AbstractRemoteTestNG.java:115) [testng-remote.jar:?]
	at org.testng.remote.RemoteTestNG.initAndRun(RemoteTestNG.java:293) [testng-remote.jar:?]
	at org.testng.remote.RemoteTestNG.main(RemoteTestNG.java:91) [testng-remote.jar:?]
Caused by: java.io.UncheckedIOException: java.net.ConnectException
	at org.openqa.selenium.remote.http.jdk.JdkHttpClient.execute0(JdkHttpClient.java:500) ~[selenium-http-4.35.0.jar:?]
	at org.openqa.selenium.remote.http.AddSeleniumUserAgent.lambda$apply$0(AddSeleniumUserAgent.java:42) ~[selenium-http-4.35.0.jar:?]
	at org.openqa.selenium.remote.http.Filter.lambda$andFinally$1(Filter.java:55) ~[selenium-http-4.35.0.jar:?]
	at org.openqa.selenium.remote.http.jdk.JdkHttpClient.lambda$executeAsync$2(JdkHttpClient.java:387) ~[selenium-http-4.35.0.jar:?]
	at java.base/java.util.concurrent.Executors$RunnableAdapter.call(Executors.java:572) ~[?:?]
	at java.base/java.util.concurrent.FutureTask.run(FutureTask.java:317) ~[?:?]
	at java.base/java.util.concurrent.ThreadPoolExecutor.runWorker(ThreadPoolExecutor.java:1144) ~[?:?]
	at java.base/java.util.concurrent.ThreadPoolExecutor$Worker.run(ThreadPoolExecutor.java:642) ~[?:?]
	at java.base/java.lang.Thread.run(Thread.java:1575) ~[?:?]
Caused by: java.net.ConnectException
	at java.net.http/jdk.internal.net.http.HttpClientImpl.send(HttpClientImpl.java:956) ~[java.net.http:?]
	at java.net.http/jdk.internal.net.http.HttpClientFacade.send(HttpClientFacade.java:133) ~[java.net.http:?]
	at org.openqa.selenium.remote.http.jdk.JdkHttpClient.execute0(JdkHttpClient.java:459) ~[selenium-http-4.35.0.jar:?]
	at org.openqa.selenium.remote.http.AddSeleniumUserAgent.lambda$apply$0(AddSeleniumUserAgent.java:42) ~[selenium-http-4.35.0.jar:?]
	at org.openqa.selenium.remote.http.Filter.lambda$andFinally$1(Filter.java:55) ~[selenium-http-4.35.0.jar:?]
	at org.openqa.selenium.remote.http.jdk.JdkHttpClient.lambda$executeAsync$2(JdkHttpClient.java:387) ~[selenium-http-4.35.0.jar:?]
	at java.base/java.util.concurrent.Executors$RunnableAdapter.call(Executors.java:572) ~[?:?]
	at java.base/java.util.concurrent.FutureTask.run(FutureTask.java:317) ~[?:?]
	at java.base/java.util.concurrent.ThreadPoolExecutor.runWorker(ThreadPoolExecutor.java:1144) ~[?:?]
	at java.base/java.util.concurrent.ThreadPoolExecutor$Worker.run(ThreadPoolExecutor.java:642) ~[?:?]
	at java.base/java.lang.Thread.run(Thread.java:1575) ~[?:?]
Caused by: java.net.ConnectException
	at java.net.http/jdk.internal.net.http.common.Utils.toConnectException(Utils.java:1082) ~[java.net.http:?]
	at java.net.http/jdk.internal.net.http.PlainHttpConnection.connectAsync(PlainHttpConnection.java:227) ~[java.net.http:?]
	at java.net.http/jdk.internal.net.http.PlainHttpConnection.checkRetryConnect(PlainHttpConnection.java:280) ~[java.net.http:?]
	at java.net.http/jdk.internal.net.http.PlainHttpConnection.lambda$connectAsync$2(PlainHttpConnection.java:238) ~[java.net.http:?]
	at java.base/java.util.concurrent.CompletableFuture.uniHandle(CompletableFuture.java:978) ~[?:?]
	at java.base/java.util.concurrent.CompletableFuture$UniHandle.tryFire(CompletableFuture.java:955) ~[?:?]
	at java.base/java.util.concurrent.CompletableFuture.postComplete(CompletableFuture.java:554) ~[?:?]
	at java.base/java.util.concurrent.CompletableFuture$AsyncSupply.run(CompletableFuture.java:1817) ~[?:?]
	at java.base/java.util.concurrent.ThreadPoolExecutor.runWorker(ThreadPoolExecutor.java:1144) ~[?:?]
	at java.base/java.util.concurrent.ThreadPoolExecutor$Worker.run(ThreadPoolExecutor.java:642) ~[?:?]
	at java.base/java.lang.Thread.run(Thread.java:1575) ~[?:?]
Caused by: java.nio.channels.ClosedChannelException
	at java.base/sun.nio.ch.SocketChannelImpl.ensureOpen(SocketChannelImpl.java:204) ~[?:?]
	at java.base/sun.nio.ch.SocketChannelImpl.connect(SocketChannelImpl.java:958) ~[?:?]
	at java.net.http/jdk.internal.net.http.PlainHttpConnection.lambda$connectAsync$1(PlainHttpConnection.java:210) ~[java.net.http:?]
	at java.base/java.security.AccessController.doPrivileged(AccessController.java:571) ~[?:?]
	at java.net.http/jdk.internal.net.http.PlainHttpConnection.connectAsync(PlainHttpConnection.java:212) ~[java.net.http:?]
	at java.net.http/jdk.internal.net.http.PlainHttpConnection.checkRetryConnect(PlainHttpConnection.java:280) ~[java.net.http:?]
	at java.net.http/jdk.internal.net.http.PlainHttpConnection.lambda$connectAsync$2(PlainHttpConnection.java:238) ~[java.net.http:?]
	at java.base/java.util.concurrent.CompletableFuture.uniHandle(CompletableFuture.java:978) ~[?:?]
	at java.base/java.util.concurrent.CompletableFuture$UniHandle.tryFire(CompletableFuture.java:955) ~[?:?]
	at java.base/java.util.concurrent.CompletableFuture.postComplete(CompletableFuture.java:554) ~[?:?]
	at java.base/java.util.concurrent.CompletableFuture$AsyncSupply.run(CompletableFuture.java:1817) ~[?:?]
	at java.base/java.util.concurrent.ThreadPoolExecutor.runWorker(ThreadPoolExecutor.java:1144) ~[?:?]
	at java.base/java.util.concurrent.ThreadPoolExecutor$Worker.run(ThreadPoolExecutor.java:642) ~[?:?]
	at java.base/java.lang.Thread.run(Thread.java:1575) ~[?:?]
2025-09-18 13:50:51 [main] INFO  LoginPageSunnxt - User login successful with username: sunnxtq@gmail.com
2025-09-18 13:50:51 [main] INFO  TestBase - Applying implicit wait of 30 seconds.
2025-09-18 13:51:16 [main] INFO  HomepageSunnxt - Extracting all carousel elements...
2025-09-18 13:51:16 [main] INFO  HomepageSunnxt - Targeted carousel: Singappenne
2025-09-18 13:51:17 [main] INFO  WaitUtils - Scrolling........
2025-09-18 13:51:58 [main] INFO  ContentDetailPageSunnxt - Targeted Content - Singappenne - Aug 18, 2025 
2025-09-18 13:51:58 [main] INFO  ContentDetailPageSunnxt - Trying to click the play button...
2025-09-18 13:52:31 [main] INFO  ContentDetailPageSunnxt - Regular play button found, clicking...
2025-09-18 13:52:36 [main] INFO  TC_ContentPlaybackTvShowsBasic - ✅ Ad request detected: [https://in-suntv.videoplaza.tv/proxy/bwtest.jpg, https://in-suntv.videoplaza.tv/proxy/distributor/v2?rt=vp_3.0&pf=html5&cv=h5_2.1.22.6.0&t=title_singappenne%20-%20aug%2018%2C%202025%2Ccontenttype_tv-show%2Clanguage_tamil%2Cgenre_serials%2Cgenre_family%20drama%2Cgender_male%2Cagegroup_26-30_years%2Cpartner_sunnxtpaidannualbasic%2Cadfeature_multiplead%2Cunexposed%2C&s=tamil_tv-show&vwt=1047.75&vht=589.359&vbw=349&bp=300%2C600%2C900%2C1500%2C2400%2C3300%2C4800%2C6300&xpb=1&st=20:1&rnd=1112244146371723, https://in-suntv.videoplaza.tv/proxy/tracker/v2?pid=0df4fe7c-3021-42a0-a95d-58401cb6872e&t=title_singappenne+-+aug+18,contenttype_tv-show,language_tamil,genre_family+drama,unexposed,genre_serials,adfeature_multiplead,agegroup_26-30_years,partner_sunnxtpaidannualbasic,+2025,gender_male&tid=94dafec1-7595-4643-b3c2-56283d0f6035&pf=html5&cv=h5_2.1.22.6.0&dcid=0a5d51ff-3a72-4b8b-a551-bcb571d490f0&cf=short_form&s=tamil_tv-show&loc=COQCELROGIKZASCn3RUt7FFQQTUfhaBCOgdjaGVubmFpQgY2MDAwMjg&rnd=1277676020509233&tt=p&rbp=1&e=21, https://in-suntv.videoplaza.tv/proxy/tracker/v2?pid=0df4fe7c-3021-42a0-a95d-58401cb6872e&t=title_singappenne+-+aug+18,contenttype_tv-show,language_tamil,genre_family+drama,unexposed,genre_serials,adfeature_multiplead,agegroup_26-30_years,partner_sunnxtpaidannualbasic,+2025,gender_male&tid=94dafec1-7595-4643-b3c2-56283d0f6035&pf=html5&cv=h5_2.1.22.6.0&dcid=0a5d51ff-3a72-4b8b-a551-bcb571d490f0&cf=short_form&s=tamil_tv-show&loc=COQCELROGIKZASCn3RUt7FFQQTUfhaBCOgdjaGVubmFpQgY2MDAwMjg&rnd=3655495425990864&rbp=1&aid=37559722-25e1-4ebe-9436-12a7dcf22777&tt=p&it=0&dur=30&e=0&ua=%5Bua%5D&uc=%5Buc%5D&pf=html5&cv=h5_2.1.22.6.0, https://in-suntv.videoplaza.tv/proxy/tracker/v2?pid=0df4fe7c-3021-42a0-a95d-58401cb6872e&t=title_singappenne+-+aug+18,contenttype_tv-show,language_tamil,genre_family+drama,unexposed,genre_serials,adfeature_multiplead,agegroup_26-30_years,partner_sunnxtpaidannualbasic,+2025,gender_male&tid=94dafec1-7595-4643-b3c2-56283d0f6035&pf=html5&cv=h5_2.1.22.6.0&dcid=0a5d51ff-3a72-4b8b-a551-bcb571d490f0&cf=short_form&s=tamil_tv-show&loc=COQCELROGIKZASCn3RUt7FFQQTUfhaBCOgdjaGVubmFpQgY2MDAwMjg&rnd=9982361948389862&rbp=1&aid=37559722-25e1-4ebe-9436-12a7dcf22777&tt=p&it=0&dur=30&e=14]
2025-09-18 13:52:36 [main] INFO  PlayerControlsSunnxt - Normal video player is displayed.
2025-09-18 13:53:03 [main] INFO  PlayerControlsSunnxt -  Video is playing.
2025-09-18 13:53:03 [main] INFO  PlayerControlsSunnxt - Video validation PASSED: video is playing.
2025-09-18 13:53:03 [main] INFO  PlayerControlsSunnxt -  Video is playing.
2025-09-18 13:53:03 [main] INFO  TestBase - Applying implicit wait of 10 seconds.
2025-09-18 13:53:04 [main] INFO  TestBase - All browser sessions have been closed.
2025-09-18 14:37:43 [main] INFO  TestBase - Web Driver initiated. Launching Chrome Browser
2025-09-18 14:37:43 [main] INFO  TestBase - Launching Sun NXT.....
2025-09-18 14:37:48 [main] INFO  TC_ContentPlaybackHome - Starting playback test...
2025-09-18 14:37:49 [main] INFO  contentLanguageSelection - Tamil Language has been selected
2025-09-18 14:37:49 [main] INFO  TestBase - Applying implicit wait of 10 seconds.
2025-09-18 14:37:50 [main] INFO  HomepageSunnxt - Profile icon clicked
2025-09-18 14:37:50 [main] INFO  HomepageSunnxt - Signin button clicked
2025-09-18 14:37:50 [main] INFO  WaitUtils - Applying implicit wait of 10 seconds.
2025-09-18 14:37:54 [main] INFO  LoginPageSunnxt - Email or Mobile Number has been entered
2025-09-18 14:37:54 [main] INFO  LoginPageSunnxt - Password has been entered
2025-09-18 14:37:54 [main] INFO  LoginPageSunnxt - Login button clicked
2025-09-18 14:37:54 [main] INFO  LoginPageSunnxt - Device limit popup handled
2025-09-18 14:39:14 [main] INFO  LoginPageSunnxt - User login successful with username: 9841595069
2025-09-18 14:39:14 [main] INFO  TestBase - User login successful
2025-09-18 14:39:39 [main] INFO  HomepageSunnxt - Extracting all carousel elements...
2025-09-18 14:39:39 [main] INFO  HomepageSunnxt - Targeted carousel: Infotainment Shows
2025-09-18 14:39:40 [main] INFO  WaitUtils - Scrolling........
2025-09-18 14:39:45 [main] INFO  WaitUtils - Scrolling........
2025-09-18 14:39:50 [main] INFO  WaitUtils - Scrolling........
2025-09-18 14:39:55 [main] INFO  WaitUtils - Scrolling........
2025-09-18 14:40:00 [main] INFO  WaitUtils - Scrolling........
2025-09-18 14:40:21 [main] INFO  ContentDetailPageSunnxt - Trying to click the play button...
2025-09-18 14:40:34 [main] INFO  ContentDetailPageSunnxt - Regular play button found, clicking...
2025-09-18 14:40:34 [main] INFO  ContentDetailPageSunnxt - Targeted Content - DR. JEYARANI KAMARAJ 
2025-09-18 14:41:15 [main] WARN  PlayerControlsSunnxt - No video player found on page.
2025-09-18 14:41:25 [main] ERROR PlayerControlsSunnxt - Neither video nor subscription page found. Possible issue.
2025-09-18 14:41:27 [main] INFO  TestBase - Web Driver initiated. Launching Chrome Browser
2025-09-18 14:41:27 [main] INFO  TestBase - Launching Sun NXT.....
2025-09-18 14:41:31 [main] INFO  TC_ContentPlaybackHome - Starting playback test...
2025-09-18 14:41:32 [main] INFO  contentLanguageSelection - Tamil Language has been selected
2025-09-18 14:41:32 [main] INFO  TestBase - Applying implicit wait of 10 seconds.
2025-09-18 14:41:38 [main] INFO  HomepageSunnxt - Profile icon clicked
2025-09-18 14:41:38 [main] INFO  HomepageSunnxt - Signin button clicked
2025-09-18 14:41:38 [main] INFO  WaitUtils - Applying implicit wait of 10 seconds.
2025-09-18 14:41:39 [main] INFO  LoginPageSunnxt - Email or Mobile Number has been entered
2025-09-18 14:41:40 [main] INFO  LoginPageSunnxt - Password has been entered
2025-09-18 14:41:40 [main] INFO  LoginPageSunnxt - Login button clicked
2025-09-18 14:41:40 [main] INFO  LoginPageSunnxt - Device limit popup handled
2025-09-18 14:43:00 [main] INFO  LoginPageSunnxt - User login successful with username: 9841595069
2025-09-18 14:43:00 [main] INFO  TestBase - User login successful
2025-09-18 14:43:25 [main] INFO  HomepageSunnxt - Extracting all carousel elements...
2025-09-18 14:43:25 [main] INFO  HomepageSunnxt - Targeted carousel: Cinema By Decade
2025-09-18 14:43:26 [main] INFO  WaitUtils - Scrolling........
2025-09-18 14:43:31 [main] INFO  WaitUtils - Scrolling........
2025-09-18 14:43:36 [main] INFO  WaitUtils - Scrolling........
2025-09-18 14:43:41 [main] INFO  WaitUtils - Scrolling........
2025-09-18 14:43:46 [main] INFO  WaitUtils - Scrolling........
2025-09-18 14:43:57 [main] INFO  WaitUtils - Scrolling........
2025-09-18 14:44:02 [main] INFO  WaitUtils - Scrolling........
2025-09-18 14:44:07 [main] INFO  WaitUtils - Scrolling........
2025-09-18 14:44:28 [main] INFO  ContentDetailPageSunnxt - Trying to click the play button...
2025-09-18 14:44:41 [main] INFO  ContentDetailPageSunnxt - Regular play button found, clicking...
2025-09-18 14:44:41 [main] INFO  ContentDetailPageSunnxt - Targeted Content - Demonte Colony (Tamil) 
2025-09-18 14:44:47 [main] INFO  PlayerControlsSunnxt - Focused on player and performed context click
2025-09-18 14:44:47 [main] INFO  PlayerControlsSunnxt - Entered fullscreen mode
2025-09-18 14:44:47 [main] INFO  PlayerControlsSunnxt - Paused the content
2025-09-18 14:44:48 [main] INFO  PlayerControlsSunnxt - Volume set to: 0.5
2025-09-18 14:44:48 [main] INFO  PlayerControlsSunnxt - Seeked content to position: 60.0s
2025-09-18 14:45:08 [main] INFO  PlayerControlsSunnxt -  Video is playing.
2025-09-18 14:45:08 [main] INFO  TestBase - Applying implicit wait of 10 seconds.
2025-09-18 14:45:09 [main] INFO  TestBase - All browser sessions have been closed.
2025-09-18 14:47:50 [main] INFO  TestBase - Web Driver initiated. Launching Chrome Browser
2025-09-18 14:47:50 [main] INFO  TestBase - Launching Sun NXT.....
2025-09-18 14:47:56 [main] INFO  TC_ContentPlaybackHome - Starting playback test...
2025-09-18 14:47:56 [main] INFO  contentLanguageSelection - Tamil Language has been selected
2025-09-18 14:47:57 [main] INFO  TestBase - Applying implicit wait of 10 seconds.
2025-09-18 14:47:58 [main] INFO  HomepageSunnxt - Profile icon clicked
2025-09-18 14:47:58 [main] INFO  HomepageSunnxt - Signin button clicked
2025-09-18 14:47:58 [main] INFO  WaitUtils - Applying implicit wait of 10 seconds.
2025-09-18 14:48:01 [main] INFO  LoginPageSunnxt - Email or Mobile Number has been entered
2025-09-18 14:48:02 [main] INFO  LoginPageSunnxt - Password has been entered
2025-09-18 14:48:02 [main] INFO  LoginPageSunnxt - Login button clicked
2025-09-18 14:48:02 [main] INFO  LoginPageSunnxt - Device limit popup handled
2025-09-18 14:49:22 [main] INFO  LoginPageSunnxt - User login successful with username: 9841595069
2025-09-18 14:49:22 [main] INFO  TestBase - User login successful
2025-09-18 14:49:46 [main] INFO  HomepageSunnxt - Extracting all carousel elements...
2025-09-18 14:49:47 [main] INFO  HomepageSunnxt - Targeted carousel: Popular Channels
2025-09-18 14:49:48 [main] INFO  WaitUtils - Scrolling........
2025-09-18 14:49:53 [main] INFO  WaitUtils - Scrolling........
2025-09-18 14:49:58 [main] INFO  WaitUtils - Scrolling........
2025-09-18 14:50:03 [main] INFO  WaitUtils - Scrolling........
2025-09-18 14:50:08 [main] INFO  WaitUtils - Scrolling........
2025-09-18 14:50:29 [main] INFO  ContentDetailPageSunnxt - Trying to click the play button...
2025-09-18 14:50:32 [main] INFO  ContentDetailPageSunnxt - Live TV play button found, clicking...
2025-09-18 14:50:44 [main] INFO  TestBase - Web Driver initiated. Launching Chrome Browser
2025-09-18 14:50:44 [main] INFO  TestBase - Launching Sun NXT.....
2025-09-18 14:50:49 [main] INFO  TC_ContentPlaybackHome - Starting playback test...
2025-09-18 14:50:49 [main] INFO  contentLanguageSelection - Tamil Language has been selected
2025-09-18 14:50:49 [main] INFO  TestBase - Applying implicit wait of 10 seconds.
2025-09-18 14:50:52 [main] INFO  HomepageSunnxt - Profile icon clicked
2025-09-18 14:50:52 [main] INFO  HomepageSunnxt - Signin button clicked
2025-09-18 14:50:52 [main] INFO  WaitUtils - Applying implicit wait of 10 seconds.
2025-09-18 14:50:54 [main] INFO  LoginPageSunnxt - Email or Mobile Number has been entered
2025-09-18 14:50:54 [main] INFO  LoginPageSunnxt - Password has been entered
2025-09-18 14:50:54 [main] INFO  LoginPageSunnxt - Login button clicked
2025-09-18 14:50:54 [main] INFO  LoginPageSunnxt - Device limit popup handled
2025-09-18 14:52:14 [main] INFO  LoginPageSunnxt - User login successful with username: 9841595069
2025-09-18 14:52:14 [main] INFO  TestBase - User login successful
2025-09-18 14:52:39 [main] INFO  HomepageSunnxt - Extracting all carousel elements...
2025-09-18 14:52:39 [main] INFO  HomepageSunnxt - Targeted carousel: Popular Channels
2025-09-18 14:52:40 [main] INFO  WaitUtils - Scrolling........
2025-09-18 14:52:45 [main] INFO  WaitUtils - Scrolling........
2025-09-18 14:52:50 [main] INFO  WaitUtils - Scrolling........
2025-09-18 14:52:55 [main] INFO  WaitUtils - Scrolling........
2025-09-18 14:53:00 [main] INFO  WaitUtils - Scrolling........
2025-09-18 14:53:21 [main] INFO  ContentDetailPageSunnxt - Trying to click the play button...
2025-09-18 14:53:24 [main] INFO  ContentDetailPageSunnxt - Live TV play button found, clicking...
2025-09-18 14:53:34 [main] INFO  PlayerControlsSunnxt -  Video is playing.
2025-09-18 14:53:34 [main] INFO  TestBase - Applying implicit wait of 10 seconds.
2025-09-18 14:53:35 [main] INFO  TestBase - All browser sessions have been closed.
2025-09-18 14:54:51 [main] INFO  TestBase - Web Driver initiated. Launching Chrome Browser
2025-09-18 14:54:51 [main] INFO  TestBase - Launching Sun NXT.....
2025-09-18 14:54:54 [main] INFO  TC_ContentPlaybackHome - Starting playback test...
2025-09-18 14:54:54 [main] ERROR PlayerControlsSunnxt - Error while checking video playback.
org.openqa.selenium.NoSuchWindowException: no such window: target window already closed
from unknown error: web view not found
  (Session info: chrome=140.0.7339.186)
Build info: version: '4.35.0', revision: '1c58e5028b'
System info: os.name: 'Windows 11', os.arch: 'amd64', os.version: '10.0', java.version: '23.0.1'
Driver info: org.openqa.selenium.chrome.ChromeDriver
Command: [564d04d40e027d57a65bb16ea1a2842d, executeScript {args=[], script=var p = document.getElementById('player_html5_api');return p && !p.paused;}]
Capabilities {acceptInsecureCerts: false, browserName: chrome, browserVersion: 140.0.7339.186, chrome: {chromedriverVersion: 140.0.7339.185 (eeea00e459e..., userDataDir: C:\Users\ARUNAC~1.D\AppData...}, fedcm:accounts: true, goog:chromeOptions: {debuggerAddress: localhost:61664}, networkConnectionEnabled: false, pageLoadStrategy: eager, platformName: windows, proxy: Proxy(), se:cdp: ws://localhost:61664/devtoo..., se:cdpVersion: 140.0.7339.186, setWindowRect: true, strictFileInteractability: false, timeouts: {implicit: 0, pageLoad: 300000, script: 30000}, unhandledPromptBehavior: dismiss and notify, webauthn:extension:credBlob: true, webauthn:extension:largeBlob: true, webauthn:extension:minPinLength: true, webauthn:extension:prf: true, webauthn:virtualAuthenticators: true}
Session ID: 564d04d40e027d57a65bb16ea1a2842d
	at java.base/jdk.internal.reflect.DirectConstructorHandleAccessor.newInstance(DirectConstructorHandleAccessor.java:62) ~[?:?]
	at java.base/java.lang.reflect.Constructor.newInstanceWithCaller(Constructor.java:501) ~[?:?]
	at java.base/java.lang.reflect.Constructor.newInstance(Constructor.java:485) ~[?:?]
	at org.openqa.selenium.remote.ErrorCodec.decode(ErrorCodec.java:167) ~[selenium-remote-driver-4.35.0.jar:?]
	at org.openqa.selenium.remote.codec.w3c.W3CHttpResponseCodec.decode(W3CHttpResponseCodec.java:138) ~[selenium-remote-driver-4.35.0.jar:?]
	at org.openqa.selenium.remote.codec.w3c.W3CHttpResponseCodec.decode(W3CHttpResponseCodec.java:50) ~[selenium-remote-driver-4.35.0.jar:?]
	at org.openqa.selenium.remote.HttpCommandExecutor.execute(HttpCommandExecutor.java:215) ~[selenium-remote-driver-4.35.0.jar:?]
	at org.openqa.selenium.remote.service.DriverCommandExecutor.invokeExecute(DriverCommandExecutor.java:216) ~[selenium-remote-driver-4.35.0.jar:?]
	at org.openqa.selenium.remote.service.DriverCommandExecutor.execute(DriverCommandExecutor.java:174) ~[selenium-remote-driver-4.35.0.jar:?]
	at org.openqa.selenium.remote.RemoteWebDriver.execute(RemoteWebDriver.java:557) ~[selenium-remote-driver-4.35.0.jar:?]
	at org.openqa.selenium.remote.RemoteWebDriver.executeScript(RemoteWebDriver.java:488) ~[selenium-remote-driver-4.35.0.jar:?]
	at sunnxtPages.PlayerControlsSunnxt.lambda$0(PlayerControlsSunnxt.java:111) ~[classes/:?]
	at org.openqa.selenium.support.ui.FluentWait.until(FluentWait.java:203) ~[selenium-support-4.35.0.jar:?]
	at sunnxtPages.PlayerControlsSunnxt.isVideoPlaying(PlayerControlsSunnxt.java:107) [classes/:?]
	at premiumUserContentPlayback.TC_ContentPlaybackHome.tearDown(TC_ContentPlaybackHome.java:110) [test-classes/:?]
	at java.base/jdk.internal.reflect.DirectMethodHandleAccessor.invoke(DirectMethodHandleAccessor.java:103) ~[?:?]
	at java.base/java.lang.reflect.Method.invoke(Method.java:580) ~[?:?]
	at org.testng.internal.invokers.MethodInvocationHelper.invokeMethod(MethodInvocationHelper.java:141) [org.testng_7.10.1.r202404130807.jar:7.10.1]
	at org.testng.internal.invokers.MethodInvocationHelper.invokeMethodConsideringTimeout(MethodInvocationHelper.java:71) [org.testng_7.10.1.r202404130807.jar:7.10.1]
	at org.testng.internal.invokers.ConfigInvoker.invokeConfigurationMethod(ConfigInvoker.java:400) [org.testng_7.10.1.r202404130807.jar:7.10.1]
	at org.testng.internal.invokers.ConfigInvoker.invokeConfigurations(ConfigInvoker.java:333) [org.testng_7.10.1.r202404130807.jar:7.10.1]
	at org.testng.TestRunner.invokeTestConfigurations(TestRunner.java:655) [org.testng_7.10.1.r202404130807.jar:7.10.1]
	at org.testng.TestRunner.afterRun(TestRunner.java:818) [org.testng_7.10.1.r202404130807.jar:7.10.1]
	at org.testng.TestRunner.run(TestRunner.java:616) [org.testng_7.10.1.r202404130807.jar:7.10.1]
	at org.testng.SuiteRunner.runTest(SuiteRunner.java:421) [org.testng_7.10.1.r202404130807.jar:7.10.1]
	at org.testng.SuiteRunner.runSequentially(SuiteRunner.java:413) [org.testng_7.10.1.r202404130807.jar:7.10.1]
	at org.testng.SuiteRunner.privateRun(SuiteRunner.java:373) [org.testng_7.10.1.r202404130807.jar:7.10.1]
	at org.testng.SuiteRunner.run(SuiteRunner.java:312) [org.testng_7.10.1.r202404130807.jar:7.10.1]
	at org.testng.SuiteRunnerWorker.runSuite(SuiteRunnerWorker.java:52) [org.testng_7.10.1.r202404130807.jar:7.10.1]
	at org.testng.SuiteRunnerWorker.run(SuiteRunnerWorker.java:95) [org.testng_7.10.1.r202404130807.jar:7.10.1]
	at org.testng.TestNG.runSuitesSequentially(TestNG.java:1274) [org.testng_7.10.1.r202404130807.jar:7.10.1]
	at org.testng.TestNG.runSuitesLocally(TestNG.java:1208) [org.testng_7.10.1.r202404130807.jar:7.10.1]
	at org.testng.TestNG.runSuites(TestNG.java:1112) [org.testng_7.10.1.r202404130807.jar:7.10.1]
	at org.testng.TestNG.run(TestNG.java:1079) [org.testng_7.10.1.r202404130807.jar:7.10.1]
	at org.testng.remote.AbstractRemoteTestNG.run(AbstractRemoteTestNG.java:115) [testng-remote.jar:?]
	at org.testng.remote.RemoteTestNG.initAndRun(RemoteTestNG.java:293) [testng-remote.jar:?]
	at org.testng.remote.RemoteTestNG.main(RemoteTestNG.java:91) [testng-remote.jar:?]
2025-09-18 14:56:19 [main] INFO  TestBase - Web Driver initiated. Launching Chrome Browser
2025-09-18 14:56:20 [main] INFO  TestBase - Launching Sun NXT.....
2025-09-18 14:56:24 [main] INFO  TC_ContentPlaybackHome - Starting playback test...
2025-09-18 14:56:24 [main] INFO  contentLanguageSelection - Tamil Language has been selected
2025-09-18 14:56:24 [main] INFO  TestBase - Applying implicit wait of 10 seconds.
2025-09-18 14:56:25 [main] INFO  HomepageSunnxt - Profile icon clicked
2025-09-18 14:56:25 [main] INFO  HomepageSunnxt - Signin button clicked
2025-09-18 14:56:25 [main] INFO  WaitUtils - Applying implicit wait of 10 seconds.
2025-09-18 14:56:28 [main] INFO  LoginPageSunnxt - Email or Mobile Number has been entered
2025-09-18 14:56:28 [main] INFO  LoginPageSunnxt - Password has been entered
2025-09-18 14:56:28 [main] INFO  LoginPageSunnxt - Login button clicked
2025-09-18 14:56:28 [main] INFO  LoginPageSunnxt - Device limit popup handled
2025-09-18 14:57:48 [main] INFO  LoginPageSunnxt - User login successful with username: 9841595069
2025-09-18 14:57:48 [main] INFO  TestBase - User login successful
2025-09-18 14:58:13 [main] INFO  HomepageSunnxt - Extracting all carousel elements...
2025-09-18 14:58:13 [main] INFO  HomepageSunnxt - Targeted carousel: Iconic Evergreen Serials
2025-09-18 14:58:14 [main] INFO  WaitUtils - Scrolling........
2025-09-18 14:58:35 [main] INFO  ContentDetailPageSunnxt - Trying to click the play button...
2025-09-18 14:58:48 [main] INFO  ContentDetailPageSunnxt - Regular play button found, clicking...
2025-09-18 14:58:58 [main] INFO  PlayerControlsSunnxt -  Video is playing.
2025-09-18 14:58:58 [main] INFO  TestBase - Applying implicit wait of 10 seconds.
2025-09-18 14:58:59 [main] INFO  TestBase - All browser sessions have been closed.
2025-09-18 15:00:31 [main] INFO  TestBase - Web Driver initiated. Launching Chrome Browser
2025-09-18 15:00:31 [main] INFO  TestBase - Launching Sun NXT.....
2025-09-18 15:00:36 [main] INFO  TC_ContentPlaybackHome - Starting playback test...
2025-09-18 15:00:36 [main] INFO  contentLanguageSelection - Tamil Language has been selected
2025-09-18 15:00:36 [main] INFO  TestBase - Applying implicit wait of 10 seconds.
2025-09-18 15:00:39 [main] INFO  HomepageSunnxt - Profile icon clicked
2025-09-18 15:00:39 [main] INFO  HomepageSunnxt - Signin button clicked
2025-09-18 15:00:39 [main] INFO  WaitUtils - Applying implicit wait of 10 seconds.
2025-09-18 15:00:42 [main] INFO  LoginPageSunnxt - Email or Mobile Number has been entered
2025-09-18 15:00:42 [main] INFO  LoginPageSunnxt - Password has been entered
2025-09-18 15:00:42 [main] INFO  LoginPageSunnxt - Login button clicked
2025-09-18 15:00:43 [main] INFO  LoginPageSunnxt - Device limit popup handled
2025-09-18 15:02:03 [main] INFO  LoginPageSunnxt - User login successful with username: 9841595069
2025-09-18 15:02:03 [main] INFO  TestBase - User login successful
2025-09-18 15:02:28 [main] INFO  HomepageSunnxt - Extracting all carousel elements...
2025-09-18 15:02:28 [main] INFO  HomepageSunnxt - Targeted carousel: The Classics
2025-09-18 15:02:29 [main] INFO  WaitUtils - Scrolling........
2025-09-18 15:02:34 [main] INFO  WaitUtils - Scrolling........
2025-09-18 15:02:39 [main] INFO  WaitUtils - Scrolling........
2025-09-18 15:02:44 [main] INFO  WaitUtils - Scrolling........
2025-09-18 15:02:49 [main] INFO  WaitUtils - Scrolling........
2025-09-18 15:03:10 [main] INFO  ContentDetailPageSunnxt - Trying to click the play button...
2025-09-18 15:03:23 [main] INFO  ContentDetailPageSunnxt - Regular play button found, clicking...
2025-09-18 15:03:23 [main] INFO  ContentDetailPageSunnxt - Targeted Content - Andru Kanda Mugam 
2025-09-18 15:03:28 [main] INFO  PlayerControlsSunnxt - Focused on player and performed context click
2025-09-18 15:03:29 [main] INFO  PlayerControlsSunnxt - Entered fullscreen mode
2025-09-18 15:03:29 [main] INFO  PlayerControlsSunnxt - Paused the content
2025-09-18 15:03:29 [main] INFO  PlayerControlsSunnxt - Volume set to: 0.5
2025-09-18 15:03:29 [main] INFO  PlayerControlsSunnxt - Seeked content to position: 600.0s
2025-09-18 15:03:29 [main] INFO  PlayerControlsSunnxt - Normal video player is displayed.
2025-09-18 15:03:36 [main] INFO  PlayerControlsSunnxt -  Video is playing.
2025-09-18 15:03:36 [main] INFO  PlayerControlsSunnxt - Video validation PASSED: video is playing.
2025-09-18 15:03:36 [main] INFO  PlayerControlsSunnxt -  Video is playing.
2025-09-18 15:03:36 [main] INFO  TestBase - Applying implicit wait of 10 seconds.
2025-09-18 15:03:37 [main] INFO  TestBase - All browser sessions have been closed.
2025-09-18 15:07:31 [main] INFO  TestBase - Web Driver initiated. Launching Chrome Browser
2025-09-18 15:07:31 [main] INFO  TestBase - Launching Sun NXT.....
2025-09-18 15:07:36 [main] INFO  TC_ContentPlaybackHome - Starting playback test...
2025-09-18 15:07:36 [main] INFO  contentLanguageSelection - Tamil Language has been selected
2025-09-18 15:07:36 [main] INFO  TestBase - Applying implicit wait of 10 seconds.
2025-09-18 15:07:39 [main] WARN  HomepageSunnxt - Caught StaleElementReferenceException. Retrying...
2025-09-18 15:07:39 [main] INFO  HomepageSunnxt - Profile icon clicked
2025-09-18 15:07:39 [main] INFO  HomepageSunnxt - Signin button clicked
2025-09-18 15:07:39 [main] INFO  WaitUtils - Applying implicit wait of 10 seconds.
2025-09-18 15:07:43 [main] INFO  LoginPageSunnxt - Email or Mobile Number has been entered
2025-09-18 15:07:43 [main] INFO  LoginPageSunnxt - Password has been entered
2025-09-18 15:07:43 [main] INFO  LoginPageSunnxt - Login button clicked
2025-09-18 15:07:43 [main] INFO  LoginPageSunnxt - Device limit popup handled
2025-09-18 15:09:03 [main] INFO  LoginPageSunnxt - User login successful with username: 9841595069
2025-09-18 15:09:03 [main] INFO  TestBase - User login successful
2025-09-18 15:09:28 [main] INFO  HomepageSunnxt - Extracting all carousel elements...
2025-09-18 15:09:28 [main] INFO  HomepageSunnxt - Targeted carousel: Explore By Language
2025-09-18 15:09:29 [main] INFO  WaitUtils - Scrolling........
2025-09-18 15:09:34 [main] INFO  WaitUtils - Scrolling........
2025-09-18 15:09:39 [main] INFO  WaitUtils - Scrolling........
2025-09-18 15:09:44 [main] INFO  WaitUtils - Scrolling........
2025-09-18 15:09:49 [main] INFO  WaitUtils - Scrolling........
2025-09-18 15:09:54 [main] WARN  HomepageSunnxt - No content at given index: 7
2025-09-18 15:09:54 [main] INFO  ContentDetailPageSunnxt - Trying to click the play button...
2025-09-18 15:10:17 [main] WARN  ContentDetailPageSunnxt - No play button found on the detail page.
2025-09-18 15:11:16 [main] INFO  TestBase - Web Driver initiated. Launching Chrome Browser
2025-09-18 15:11:16 [main] INFO  TestBase - Launching Sun NXT.....
2025-09-18 15:11:21 [main] INFO  TC_ContentPlaybackHome - Starting playback test...
2025-09-18 15:11:21 [main] INFO  contentLanguageSelection - Tamil Language has been selected
2025-09-18 15:11:21 [main] INFO  TestBase - Applying implicit wait of 10 seconds.
2025-09-18 15:11:23 [main] INFO  HomepageSunnxt - Profile icon clicked
2025-09-18 15:11:23 [main] INFO  HomepageSunnxt - Signin button clicked
2025-09-18 15:11:23 [main] INFO  WaitUtils - Applying implicit wait of 10 seconds.
2025-09-18 15:11:26 [main] INFO  LoginPageSunnxt - Email or Mobile Number has been entered
2025-09-18 15:11:26 [main] INFO  LoginPageSunnxt - Password has been entered
2025-09-18 15:11:26 [main] INFO  LoginPageSunnxt - Login button clicked
2025-09-18 15:11:27 [main] INFO  LoginPageSunnxt - Device limit popup handled
2025-09-18 15:12:47 [main] INFO  LoginPageSunnxt - User login successful with username: 9841595069
2025-09-18 15:12:47 [main] INFO  TestBase - User login successful
2025-09-18 15:13:11 [main] INFO  HomepageSunnxt - Extracting all carousel elements...
2025-09-18 15:13:12 [main] INFO  HomepageSunnxt - Targeted carousel: Newly Added Movies
2025-09-18 15:13:12 [main] INFO  WaitUtils - Scrolling........
2025-09-18 15:13:34 [main] INFO  ContentDetailPageSunnxt - Trying to click the play button...
2025-09-18 15:13:47 [main] INFO  ContentDetailPageSunnxt - Regular play button found, clicking...
2025-09-18 15:13:47 [main] INFO  ContentDetailPageSunnxt - Targeted Content - Meesha (Tamil) 
2025-09-18 15:13:52 [main] INFO  PlayerControlsSunnxt - Focused on player and performed context click
2025-09-18 15:13:53 [main] INFO  PlayerControlsSunnxt - Entered fullscreen mode
2025-09-18 15:13:53 [main] INFO  PlayerControlsSunnxt - Paused the content
2025-09-18 15:13:53 [main] INFO  PlayerControlsSunnxt - Volume set to: 0.5
2025-09-18 15:13:53 [main] INFO  PlayerControlsSunnxt - Seeked content to position: 600.0s
2025-09-18 15:14:13 [main] INFO  PlayerControlsSunnxt -  Video is playing.
2025-09-18 15:14:13 [main] INFO  TestBase - Applying implicit wait of 10 seconds.
2025-09-18 15:14:13 [main] INFO  TestBase - All browser sessions have been closed.
2025-09-18 15:16:30 [main] INFO  TestBase - Web Driver initiated. Launching Chrome Browser
2025-09-18 15:16:30 [main] INFO  TestBase - Launching Sun NXT.....
2025-09-18 15:16:34 [main] INFO  TC_ContentPlaybackHome - Starting playback test...
2025-09-18 15:16:34 [main] INFO  contentLanguageSelection - Tamil Language has been selected
2025-09-18 15:16:34 [main] INFO  TestBase - Applying implicit wait of 10 seconds.
2025-09-18 15:16:36 [main] INFO  HomepageSunnxt - Profile icon clicked
2025-09-18 15:16:36 [main] INFO  HomepageSunnxt - Signin button clicked
2025-09-18 15:16:36 [main] INFO  WaitUtils - Applying implicit wait of 10 seconds.
2025-09-18 15:16:38 [main] INFO  LoginPageSunnxt - Email or Mobile Number has been entered
2025-09-18 15:16:38 [main] INFO  LoginPageSunnxt - Password has been entered
2025-09-18 15:16:38 [main] INFO  LoginPageSunnxt - Login button clicked
2025-09-18 15:16:38 [main] INFO  LoginPageSunnxt - Device limit popup handled
2025-09-18 15:17:59 [main] INFO  LoginPageSunnxt - User login successful with username: 9841595069
2025-09-18 15:17:59 [main] INFO  TestBase - User login successful
2025-09-18 15:18:23 [main] INFO  HomepageSunnxt - Extracting all carousel elements...
2025-09-18 15:18:23 [main] INFO  HomepageSunnxt - Targeted carousel: Newly Added Movies
2025-09-18 15:18:24 [main] INFO  WaitUtils - Scrolling........
2025-09-18 15:18:29 [main] INFO  WaitUtils - Scrolling........
2025-09-18 15:18:34 [main] INFO  WaitUtils - Scrolling........
2025-09-18 15:18:55 [main] INFO  ContentDetailPageSunnxt - Trying to click the play button...
2025-09-18 15:19:08 [main] INFO  ContentDetailPageSunnxt - Regular play button found, clicking...
2025-09-18 15:19:08 [main] INFO  ContentDetailPageSunnxt - Targeted Content - Kaliyugam 
2025-09-18 15:19:13 [main] INFO  PlayerControlsSunnxt - Focused on player and performed context click
2025-09-18 15:19:14 [main] INFO  PlayerControlsSunnxt - Entered fullscreen mode
2025-09-18 15:19:14 [main] INFO  PlayerControlsSunnxt - Volume set to: 0.5
2025-09-18 15:19:14 [main] INFO  PlayerControlsSunnxt - Seeked content to position: 600.0s
2025-09-18 15:19:24 [main] INFO  PlayerControlsSunnxt -  Video is playing.
2025-09-18 15:19:24 [main] INFO  TestBase - Applying implicit wait of 10 seconds.
2025-09-18 15:19:25 [main] INFO  TestBase - All browser sessions have been closed.
2025-09-18 15:38:22 [main] INFO  TestBase - Web Driver initiated. Launching Chrome Browser
2025-09-18 15:38:22 [main] INFO  TestBase - Launching Sun NXT.....
2025-09-18 15:38:26 [main] INFO  TC_ContentPlaybackHome - Starting playback test...
2025-09-18 15:38:26 [main] INFO  contentLanguageSelection - Tamil Language has been selected
2025-09-18 15:38:26 [main] INFO  TestBase - Applying implicit wait of 10 seconds.
2025-09-18 15:38:27 [main] INFO  HomepageSunnxt - Profile icon clicked
2025-09-18 15:38:27 [main] INFO  HomepageSunnxt - Signin button clicked
2025-09-18 15:38:28 [main] INFO  WaitUtils - Applying implicit wait of 10 seconds.
2025-09-18 15:38:29 [main] INFO  LoginPageSunnxt - Email or Mobile Number has been entered
2025-09-18 15:38:29 [main] INFO  LoginPageSunnxt - Password has been entered
2025-09-18 15:38:29 [main] INFO  LoginPageSunnxt - Login button clicked
2025-09-18 15:38:29 [main] INFO  LoginPageSunnxt - Device limit popup handled
2025-09-18 15:39:49 [main] INFO  LoginPageSunnxt - User login successful with username: 9841595069
2025-09-18 15:39:49 [main] INFO  TestBase - User login successful
2025-09-18 15:40:14 [main] INFO  HomepageSunnxt - Extracting all carousel elements...
2025-09-18 15:40:14 [main] INFO  HomepageSunnxt - Targeted carousel: Newly Added Movies
2025-09-18 15:40:15 [main] INFO  WaitUtils - Scrolling........
2025-09-18 15:40:36 [main] INFO  ContentDetailPageSunnxt - Trying to click the play button...
2025-09-18 15:40:50 [main] INFO  ContentDetailPageSunnxt - Regular play button found, clicking...
2025-09-18 15:40:50 [main] INFO  ContentDetailPageSunnxt - Targeted Content - Ten Hours 
2025-09-18 15:40:55 [main] INFO  PlayerControlsSunnxt - Focused on player and performed context click
2025-09-18 15:40:55 [main] INFO  PlayerControlsSunnxt - Entered fullscreen mode
2025-09-18 15:40:56 [main] INFO  PlayerControlsSunnxt - Paused the content
2025-09-18 15:40:56 [main] INFO  PlayerControlsSunnxt - Volume set to: 0.5
2025-09-18 15:40:56 [main] INFO  PlayerControlsSunnxt - Seeked content to position: 600.0s
2025-09-18 15:41:23 [main] INFO  PlayerControlsSunnxt -  Video is playing.
2025-09-18 15:41:23 [main] INFO  TestBase - Applying implicit wait of 10 seconds.
2025-09-18 15:41:23 [main] INFO  TestBase - All browser sessions have been closed.
2025-09-18 15:44:04 [main] INFO  TestBase - Web Driver initiated. Launching Chrome Browser
2025-09-18 15:44:04 [main] INFO  TestBase - Launching Sun NXT.....
2025-09-18 15:44:10 [main] INFO  TC_ContentPlaybackHome - Starting playback test...
2025-09-18 15:44:10 [main] INFO  contentLanguageSelection - Tamil Language has been selected
2025-09-18 15:44:10 [main] INFO  TestBase - Applying implicit wait of 10 seconds.
2025-09-18 15:44:12 [main] WARN  HomepageSunnxt - Caught StaleElementReferenceException. Retrying...
2025-09-18 15:44:12 [main] INFO  HomepageSunnxt - Profile icon clicked
2025-09-18 15:44:12 [main] INFO  HomepageSunnxt - Signin button clicked
2025-09-18 15:44:12 [main] INFO  WaitUtils - Applying implicit wait of 10 seconds.
2025-09-18 15:44:15 [main] INFO  LoginPageSunnxt - Email or Mobile Number has been entered
2025-09-18 15:44:15 [main] INFO  LoginPageSunnxt - Password has been entered
2025-09-18 15:44:15 [main] INFO  LoginPageSunnxt - Login button clicked
2025-09-18 15:44:15 [main] INFO  LoginPageSunnxt - Device limit popup handled
2025-09-18 15:45:35 [main] INFO  LoginPageSunnxt - User login successful with username: 9841595069
2025-09-18 15:45:35 [main] INFO  TestBase - User login successful
2025-09-18 15:46:00 [main] INFO  HomepageSunnxt - Extracting all carousel elements...
2025-09-18 15:46:00 [main] INFO  HomepageSunnxt - Targeted carousel: Newly Added Movies
2025-09-18 15:46:01 [main] INFO  WaitUtils - Scrolling........
2025-09-18 15:46:22 [main] INFO  ContentDetailPageSunnxt - Trying to click the play button...
2025-09-18 15:46:35 [main] INFO  ContentDetailPageSunnxt - Regular play button found, clicking...
2025-09-18 15:46:35 [main] INFO  ContentDetailPageSunnxt - Targeted Content - Jinn - The Pet 
2025-09-18 15:46:40 [main] INFO  PlayerControlsSunnxt - Focused on player and performed context click
2025-09-18 15:46:41 [main] INFO  PlayerControlsSunnxt - Entered fullscreen mode
2025-09-18 15:46:41 [main] INFO  PlayerControlsSunnxt - Paused the content
2025-09-18 15:46:41 [main] INFO  PlayerControlsSunnxt - Volume set to: 0.5
2025-09-18 15:46:41 [main] INFO  PlayerControlsSunnxt - Seeked content to position: 600.0s
2025-09-18 15:46:41 [main] INFO  PlayerControlsSunnxt - Paused the content
2025-09-18 15:46:41 [main] INFO  PlayerControlsSunnxt - Normal video player is displayed.
2025-09-18 15:46:41 [main] INFO  PlayerControlsSunnxt -  Video is playing.
2025-09-18 15:46:41 [main] INFO  PlayerControlsSunnxt - Video validation PASSED: video is playing.
2025-09-18 15:46:41 [main] INFO  PlayerControlsSunnxt -  Video is playing.
2025-09-18 15:46:41 [main] INFO  TestBase - Applying implicit wait of 10 seconds.
2025-09-18 15:46:42 [main] INFO  TestBase - All browser sessions have been closed.
2025-09-18 15:48:51 [main] INFO  TestBase - Web Driver initiated. Launching Chrome Browser
2025-09-18 15:48:51 [main] INFO  TestBase - Launching Sun NXT.....
2025-09-18 15:48:55 [main] INFO  TC_ContentPlaybackHome - Starting playback test...
2025-09-18 15:48:55 [main] INFO  contentLanguageSelection - Tamil Language has been selected
2025-09-18 15:48:55 [main] INFO  TestBase - Applying implicit wait of 10 seconds.
2025-09-18 15:48:56 [main] INFO  HomepageSunnxt - Profile icon clicked
2025-09-18 15:48:56 [main] INFO  HomepageSunnxt - Signin button clicked
2025-09-18 15:48:56 [main] INFO  WaitUtils - Applying implicit wait of 10 seconds.
2025-09-18 15:48:59 [main] INFO  LoginPageSunnxt - Email or Mobile Number has been entered
2025-09-18 15:48:59 [main] INFO  LoginPageSunnxt - Password has been entered
2025-09-18 15:49:00 [main] INFO  LoginPageSunnxt - Login button clicked
2025-09-18 15:49:00 [main] INFO  LoginPageSunnxt - Device limit popup handled
2025-09-18 15:50:20 [main] INFO  LoginPageSunnxt - User login successful with username: 9841595069
2025-09-18 15:50:20 [main] INFO  TestBase - User login successful
2025-09-18 15:50:44 [main] INFO  HomepageSunnxt - Extracting all carousel elements...
2025-09-18 15:50:45 [main] INFO  HomepageSunnxt - Targeted carousel: Newly Added Movies
2025-09-18 15:50:46 [main] INFO  WaitUtils - Scrolling........
2025-09-18 15:51:07 [main] INFO  ContentDetailPageSunnxt - Trying to click the play button...
2025-09-18 15:51:21 [main] INFO  ContentDetailPageSunnxt - Regular play button found, clicking...
2025-09-18 15:51:21 [main] INFO  ContentDetailPageSunnxt - Targeted Content - Surrender 
2025-09-18 15:51:26 [main] INFO  PlayerControlsSunnxt - Focused on player and performed context click
2025-09-18 15:51:26 [main] INFO  PlayerControlsSunnxt - Entered fullscreen mode
2025-09-18 15:51:27 [main] INFO  PlayerControlsSunnxt - Captions button clicked
2025-09-18 15:51:27 [main] INFO  PlayerControlsSunnxt - Captions disabled
2025-09-18 15:51:27 [main] INFO  PlayerControlsSunnxt - Normal video player is displayed.
2025-09-18 15:51:27 [main] INFO  PlayerControlsSunnxt -  Video is playing.
2025-09-18 15:51:27 [main] INFO  PlayerControlsSunnxt - Video validation PASSED: video is playing.
2025-09-18 15:51:27 [main] INFO  PlayerControlsSunnxt -  Video is playing.
2025-09-18 15:51:27 [main] INFO  TestBase - Applying implicit wait of 10 seconds.
2025-09-18 15:51:28 [main] INFO  TestBase - All browser sessions have been closed.
2025-09-22 10:36:54 [main] INFO  TestBase - Web Driver initiated. Launching Chrome Browser
2025-09-22 10:36:54 [main] INFO  TestBase - Launching Sun NXT.....
2025-09-22 10:36:59 [main] INFO  TC_ContentPlaybackHomeBasic - Starting playback testing for Live TV
2025-09-22 10:37:00 [main] INFO  contentLanguageSelection - Tamil Language has been selected
2025-09-22 10:37:00 [main] INFO  TestBase - Applying implicit wait of 10 seconds.
2025-09-22 10:37:02 [main] INFO  HomepageSunnxt - Profile icon clicked
2025-09-22 10:37:02 [main] INFO  HomepageSunnxt - Signin button clicked
2025-09-22 10:37:02 [main] INFO  WaitUtils - Applying implicit wait of 10 seconds.
2025-09-22 10:37:08 [main] INFO  LoginPageSunnxt - Email or Mobile Number has been entered
2025-09-22 10:37:08 [main] INFO  LoginPageSunnxt - Password has been entered
2025-09-22 10:37:08 [main] INFO  LoginPageSunnxt - Login button clicked
2025-09-22 10:38:49 [main] INFO  LoginPageSunnxt - User login successful with username: sunnxtq@gmail.com
2025-09-22 10:38:49 [main] INFO  TestBase - Applying implicit wait of 30 seconds.
2025-09-22 10:38:50 [main] INFO  LiveTVPageSunnxt - Targeted carousel name: Malayalam
2025-09-22 10:38:50 [main] INFO  LiveTVPageSunnxt - Targeted channel name: Sun TV HD
2025-09-22 10:38:50 [main] INFO  ContentDetailPageSunnxt - Trying to click the play button...
2025-09-22 10:38:53 [main] INFO  ContentDetailPageSunnxt - Live TV play button found, clicking...
2025-09-22 10:40:54 [main] WARN  PlayerControlsSunnxt - No video player found on page.
2025-09-22 10:40:54 [main] INFO  PlayerControlsSunnxt - Redirected to subscription page.
2025-09-22 10:43:19 [main] INFO  TestBase - Web Driver initiated. Launching Chrome Browser
2025-09-22 10:43:19 [main] INFO  TestBase - Launching Sun NXT.....
2025-09-22 10:43:26 [main] INFO  TC_ContentPlaybackHomeBasic - Starting playback testing for Live TV
2025-09-22 10:43:27 [main] INFO  contentLanguageSelection - Tamil Language has been selected
2025-09-22 10:43:27 [main] INFO  TestBase - Applying implicit wait of 10 seconds.
2025-09-22 10:43:32 [main] INFO  HomepageSunnxt - Profile icon clicked
2025-09-22 10:43:32 [main] INFO  HomepageSunnxt - Signin button clicked
2025-09-22 10:43:32 [main] INFO  WaitUtils - Applying implicit wait of 10 seconds.
2025-09-22 10:43:35 [main] INFO  LoginPageSunnxt - Email or Mobile Number has been entered
2025-09-22 10:43:35 [main] INFO  LoginPageSunnxt - Password has been entered
2025-09-22 10:43:35 [main] INFO  LoginPageSunnxt - Login button clicked
2025-09-22 10:43:35 [main] INFO  LoginPageSunnxt - Device limit popup handled
2025-09-22 10:44:55 [main] INFO  LoginPageSunnxt - User login successful with username: sunnxtq@gmail.com
2025-09-22 10:44:55 [main] INFO  TestBase - Applying implicit wait of 30 seconds.
2025-09-22 10:44:56 [main] INFO  LiveTVPageSunnxt - Targeted carousel name: Malayalam
2025-09-22 10:47:57 [main] ERROR PlayerControlsSunnxt - Error while checking video playback.
org.openqa.selenium.TimeoutException: Expected condition failed: waiting for sunnxtPages.PlayerControlsSunnxt$$Lambda/0x00000150b33dc538@6c56fff (tried for 180 second(s) with 500 milliseconds interval)
Build info: version: '4.35.0', revision: '1c58e5028b'
System info: os.name: 'Windows 11', os.arch: 'amd64', os.version: '10.0', java.version: '23.0.1'
Driver info: driver.version: unknown
	at org.openqa.selenium.support.ui.FluentWait.timeoutException(FluentWait.java:265) ~[selenium-support-4.35.0.jar:?]
	at org.openqa.selenium.support.ui.FluentWait.until(FluentWait.java:228) ~[selenium-support-4.35.0.jar:?]
	at sunnxtPages.PlayerControlsSunnxt.isVideoPlaying(PlayerControlsSunnxt.java:113) [classes/:?]
	at basicUserContentPlayback.TC_ContentPlaybackHomeBasic.tearDown(TC_ContentPlaybackHomeBasic.java:65) [test-classes/:?]
	at java.base/jdk.internal.reflect.DirectMethodHandleAccessor.invoke(DirectMethodHandleAccessor.java:103) ~[?:?]
	at java.base/java.lang.reflect.Method.invoke(Method.java:580) ~[?:?]
	at org.testng.internal.invokers.MethodInvocationHelper.invokeMethod(MethodInvocationHelper.java:141) [org.testng_7.10.1.r202404130807.jar:7.10.1]
	at org.testng.internal.invokers.MethodInvocationHelper.invokeMethodConsideringTimeout(MethodInvocationHelper.java:71) [org.testng_7.10.1.r202404130807.jar:7.10.1]
	at org.testng.internal.invokers.ConfigInvoker.invokeConfigurationMethod(ConfigInvoker.java:400) [org.testng_7.10.1.r202404130807.jar:7.10.1]
	at org.testng.internal.invokers.ConfigInvoker.invokeConfigurations(ConfigInvoker.java:333) [org.testng_7.10.1.r202404130807.jar:7.10.1]
	at org.testng.TestRunner.invokeTestConfigurations(TestRunner.java:655) [org.testng_7.10.1.r202404130807.jar:7.10.1]
	at org.testng.TestRunner.afterRun(TestRunner.java:818) [org.testng_7.10.1.r202404130807.jar:7.10.1]
	at org.testng.TestRunner.run(TestRunner.java:616) [org.testng_7.10.1.r202404130807.jar:7.10.1]
	at org.testng.SuiteRunner.runTest(SuiteRunner.java:421) [org.testng_7.10.1.r202404130807.jar:7.10.1]
	at org.testng.SuiteRunner.runSequentially(SuiteRunner.java:413) [org.testng_7.10.1.r202404130807.jar:7.10.1]
	at org.testng.SuiteRunner.privateRun(SuiteRunner.java:373) [org.testng_7.10.1.r202404130807.jar:7.10.1]
	at org.testng.SuiteRunner.run(SuiteRunner.java:312) [org.testng_7.10.1.r202404130807.jar:7.10.1]
	at org.testng.SuiteRunnerWorker.runSuite(SuiteRunnerWorker.java:52) [org.testng_7.10.1.r202404130807.jar:7.10.1]
	at org.testng.SuiteRunnerWorker.run(SuiteRunnerWorker.java:95) [org.testng_7.10.1.r202404130807.jar:7.10.1]
	at org.testng.TestNG.runSuitesSequentially(TestNG.java:1274) [org.testng_7.10.1.r202404130807.jar:7.10.1]
	at org.testng.TestNG.runSuitesLocally(TestNG.java:1208) [org.testng_7.10.1.r202404130807.jar:7.10.1]
	at org.testng.TestNG.runSuites(TestNG.java:1112) [org.testng_7.10.1.r202404130807.jar:7.10.1]
	at org.testng.TestNG.run(TestNG.java:1079) [org.testng_7.10.1.r202404130807.jar:7.10.1]
	at org.testng.remote.AbstractRemoteTestNG.run(AbstractRemoteTestNG.java:115) [testng-remote.jar:?]
	at org.testng.remote.RemoteTestNG.initAndRun(RemoteTestNG.java:293) [testng-remote.jar:?]
	at org.testng.remote.RemoteTestNG.main(RemoteTestNG.java:91) [testng-remote.jar:?]
2025-09-22 10:49:37 [main] INFO  TestBase - Web Driver initiated. Launching Chrome Browser
2025-09-22 10:49:37 [main] INFO  TestBase - Launching Sun NXT.....
2025-09-22 10:49:42 [main] INFO  TC_ContentPlaybackHomeBasic - Starting playback testing for Live TV
2025-09-22 10:49:42 [main] INFO  contentLanguageSelection - Tamil Language has been selected
2025-09-22 10:49:43 [main] INFO  TestBase - Applying implicit wait of 10 seconds.
2025-09-22 10:49:44 [main] INFO  HomepageSunnxt - Profile icon clicked
2025-09-22 10:49:44 [main] INFO  HomepageSunnxt - Signin button clicked
2025-09-22 10:49:44 [main] INFO  WaitUtils - Applying implicit wait of 10 seconds.
2025-09-22 10:49:50 [main] INFO  LoginPageSunnxt - Email or Mobile Number has been entered
2025-09-22 10:49:50 [main] INFO  LoginPageSunnxt - Password has been entered
2025-09-22 10:49:50 [main] INFO  LoginPageSunnxt - Login button clicked
2025-09-22 10:51:31 [main] WARN  LoginPageSunnxt - Incorrect password: Kindly verify your user id or password and try again.
2025-09-22 10:51:31 [main] ERROR PlayerControlsSunnxt - Error while checking video playback.
org.openqa.selenium.NoSuchSessionException: Session ID is null. Using WebDriver after calling quit()?
Build info: version: '4.35.0', revision: '1c58e5028b'
System info: os.name: 'Windows 11', os.arch: 'amd64', os.version: '10.0', java.version: '23.0.1'
Driver info: org.openqa.selenium.chrome.ChromeDriver
Command: [null, executeScript {args=[], script=var p = document.getElementById('player_html5_api');return p && !p.paused;}]
Capabilities {acceptInsecureCerts: false, browserName: chrome, browserVersion: 140.0.7339.186, chrome: {chromedriverVersion: 140.0.7339.185 (eeea00e459e..., userDataDir: C:\Users\ARUNAC~1.D\AppData...}, fedcm:accounts: true, goog:chromeOptions: {debuggerAddress: localhost:50676}, networkConnectionEnabled: false, pageLoadStrategy: eager, platformName: windows, proxy: Proxy(), se:cdp: ws://localhost:50676/devtoo..., se:cdpVersion: 140.0.7339.186, setWindowRect: true, strictFileInteractability: false, timeouts: {implicit: 0, pageLoad: 300000, script: 30000}, unhandledPromptBehavior: dismiss and notify, webauthn:extension:credBlob: true, webauthn:extension:largeBlob: true, webauthn:extension:minPinLength: true, webauthn:extension:prf: true, webauthn:virtualAuthenticators: true}
	at org.openqa.selenium.remote.HttpCommandExecutor.execute(HttpCommandExecutor.java:176) ~[selenium-remote-driver-4.35.0.jar:?]
	at org.openqa.selenium.remote.service.DriverCommandExecutor.invokeExecute(DriverCommandExecutor.java:216) ~[selenium-remote-driver-4.35.0.jar:?]
	at org.openqa.selenium.remote.service.DriverCommandExecutor.execute(DriverCommandExecutor.java:174) ~[selenium-remote-driver-4.35.0.jar:?]
	at org.openqa.selenium.remote.RemoteWebDriver.execute(RemoteWebDriver.java:557) ~[selenium-remote-driver-4.35.0.jar:?]
	at org.openqa.selenium.remote.RemoteWebDriver.executeScript(RemoteWebDriver.java:488) ~[selenium-remote-driver-4.35.0.jar:?]
	at sunnxtPages.PlayerControlsSunnxt.lambda$0(PlayerControlsSunnxt.java:117) ~[classes/:?]
	at org.openqa.selenium.support.ui.FluentWait.until(FluentWait.java:203) ~[selenium-support-4.35.0.jar:?]
	at sunnxtPages.PlayerControlsSunnxt.isVideoPlaying(PlayerControlsSunnxt.java:113) [classes/:?]
	at basicUserContentPlayback.TC_ContentPlaybackHomeBasic.tearDown(TC_ContentPlaybackHomeBasic.java:63) [test-classes/:?]
	at java.base/jdk.internal.reflect.DirectMethodHandleAccessor.invoke(DirectMethodHandleAccessor.java:103) ~[?:?]
	at java.base/java.lang.reflect.Method.invoke(Method.java:580) ~[?:?]
	at org.testng.internal.invokers.MethodInvocationHelper.invokeMethod(MethodInvocationHelper.java:141) [org.testng_7.10.1.r202404130807.jar:7.10.1]
	at org.testng.internal.invokers.MethodInvocationHelper.invokeMethodConsideringTimeout(MethodInvocationHelper.java:71) [org.testng_7.10.1.r202404130807.jar:7.10.1]
	at org.testng.internal.invokers.ConfigInvoker.invokeConfigurationMethod(ConfigInvoker.java:400) [org.testng_7.10.1.r202404130807.jar:7.10.1]
	at org.testng.internal.invokers.ConfigInvoker.invokeConfigurations(ConfigInvoker.java:333) [org.testng_7.10.1.r202404130807.jar:7.10.1]
	at org.testng.TestRunner.invokeTestConfigurations(TestRunner.java:655) [org.testng_7.10.1.r202404130807.jar:7.10.1]
	at org.testng.TestRunner.afterRun(TestRunner.java:818) [org.testng_7.10.1.r202404130807.jar:7.10.1]
	at org.testng.TestRunner.run(TestRunner.java:616) [org.testng_7.10.1.r202404130807.jar:7.10.1]
	at org.testng.SuiteRunner.runTest(SuiteRunner.java:421) [org.testng_7.10.1.r202404130807.jar:7.10.1]
	at org.testng.SuiteRunner.runSequentially(SuiteRunner.java:413) [org.testng_7.10.1.r202404130807.jar:7.10.1]
	at org.testng.SuiteRunner.privateRun(SuiteRunner.java:373) [org.testng_7.10.1.r202404130807.jar:7.10.1]
	at org.testng.SuiteRunner.run(SuiteRunner.java:312) [org.testng_7.10.1.r202404130807.jar:7.10.1]
	at org.testng.SuiteRunnerWorker.runSuite(SuiteRunnerWorker.java:52) [org.testng_7.10.1.r202404130807.jar:7.10.1]
	at org.testng.SuiteRunnerWorker.run(SuiteRunnerWorker.java:95) [org.testng_7.10.1.r202404130807.jar:7.10.1]
	at org.testng.TestNG.runSuitesSequentially(TestNG.java:1274) [org.testng_7.10.1.r202404130807.jar:7.10.1]
	at org.testng.TestNG.runSuitesLocally(TestNG.java:1208) [org.testng_7.10.1.r202404130807.jar:7.10.1]
	at org.testng.TestNG.runSuites(TestNG.java:1112) [org.testng_7.10.1.r202404130807.jar:7.10.1]
	at org.testng.TestNG.run(TestNG.java:1079) [org.testng_7.10.1.r202404130807.jar:7.10.1]
	at org.testng.remote.AbstractRemoteTestNG.run(AbstractRemoteTestNG.java:115) [testng-remote.jar:?]
	at org.testng.remote.RemoteTestNG.initAndRun(RemoteTestNG.java:293) [testng-remote.jar:?]
	at org.testng.remote.RemoteTestNG.main(RemoteTestNG.java:91) [testng-remote.jar:?]
2025-09-22 10:57:37 [main] INFO  TestBase - Web Driver initiated. Launching Chrome Browser
2025-09-22 10:57:37 [main] INFO  TestBase - Launching Sun NXT.....
2025-09-22 10:57:43 [main] INFO  TC_ContentPlaybackHomeBasic - Starting playback testing for Live TV
2025-09-22 10:57:43 [main] INFO  contentLanguageSelection - Tamil Language has been selected
2025-09-22 10:57:43 [main] INFO  TestBase - Applying implicit wait of 10 seconds.
2025-09-22 10:57:48 [main] INFO  HomepageSunnxt - Profile icon clicked
2025-09-22 10:57:48 [main] INFO  HomepageSunnxt - Signin button clicked
2025-09-22 10:57:48 [main] INFO  WaitUtils - Applying implicit wait of 10 seconds.
2025-09-22 10:57:50 [main] INFO  LoginPageSunnxt - Email or Mobile Number has been entered
2025-09-22 10:57:51 [main] INFO  LoginPageSunnxt - Password has been entered
2025-09-22 10:57:51 [main] INFO  LoginPageSunnxt - Login button clicked
2025-09-22 10:57:51 [main] INFO  LoginPageSunnxt - Device limit popup handled
2025-09-22 10:59:11 [main] INFO  LoginPageSunnxt - User login successful with username: sunnxtq@gmail.com
2025-09-22 10:59:11 [main] INFO  TestBase - User login successful
2025-09-22 10:59:36 [main] INFO  HomepageSunnxt - Extracting all carousel elements...
2025-09-22 10:59:37 [main] INFO  HomepageSunnxt - Targeted carousel: Monsoon Movie Collection
2025-09-22 10:59:41 [main] INFO  WaitUtils - Scrolling........
2025-09-22 10:59:46 [main] INFO  WaitUtils - Scrolling........
2025-09-22 10:59:51 [main] INFO  WaitUtils - Scrolling........
2025-09-22 10:59:56 [main] INFO  WaitUtils - Scrolling........
2025-09-22 11:00:01 [main] INFO  WaitUtils - Scrolling........
2025-09-22 11:00:22 [main] INFO  ContentDetailPageSunnxt - Trying to click the play button...
2025-09-22 11:00:35 [main] INFO  ContentDetailPageSunnxt - Regular play button found, clicking...
2025-09-22 11:01:16 [main] WARN  PlayerControlsSunnxt - No video player found on page.
2025-09-22 11:01:16 [main] INFO  PlayerControlsSunnxt - Redirected to subscription page.
2025-09-22 11:04:16 [main] ERROR PlayerControlsSunnxt - Error while checking video playback.
org.openqa.selenium.TimeoutException: Expected condition failed: waiting for sunnxtPages.PlayerControlsSunnxt$$Lambda/0x000002499f3dd130@6c2f8ecb (tried for 180 second(s) with 500 milliseconds interval)
Build info: version: '4.35.0', revision: '1c58e5028b'
System info: os.name: 'Windows 11', os.arch: 'amd64', os.version: '10.0', java.version: '23.0.1'
Driver info: driver.version: unknown
	at org.openqa.selenium.support.ui.FluentWait.timeoutException(FluentWait.java:265) ~[selenium-support-4.35.0.jar:?]
	at org.openqa.selenium.support.ui.FluentWait.until(FluentWait.java:228) ~[selenium-support-4.35.0.jar:?]
	at sunnxtPages.PlayerControlsSunnxt.isVideoPlaying(PlayerControlsSunnxt.java:113) [classes/:?]
	at basicUserContentPlayback.TC_ContentPlaybackHomeBasic.tearDown(TC_ContentPlaybackHomeBasic.java:63) [test-classes/:?]
	at java.base/jdk.internal.reflect.DirectMethodHandleAccessor.invoke(DirectMethodHandleAccessor.java:103) ~[?:?]
	at java.base/java.lang.reflect.Method.invoke(Method.java:580) ~[?:?]
	at org.testng.internal.invokers.MethodInvocationHelper.invokeMethod(MethodInvocationHelper.java:141) [org.testng_7.10.1.r202404130807.jar:7.10.1]
	at org.testng.internal.invokers.MethodInvocationHelper.invokeMethodConsideringTimeout(MethodInvocationHelper.java:71) [org.testng_7.10.1.r202404130807.jar:7.10.1]
	at org.testng.internal.invokers.ConfigInvoker.invokeConfigurationMethod(ConfigInvoker.java:400) [org.testng_7.10.1.r202404130807.jar:7.10.1]
	at org.testng.internal.invokers.ConfigInvoker.invokeConfigurations(ConfigInvoker.java:333) [org.testng_7.10.1.r202404130807.jar:7.10.1]
	at org.testng.TestRunner.invokeTestConfigurations(TestRunner.java:655) [org.testng_7.10.1.r202404130807.jar:7.10.1]
	at org.testng.TestRunner.afterRun(TestRunner.java:818) [org.testng_7.10.1.r202404130807.jar:7.10.1]
	at org.testng.TestRunner.run(TestRunner.java:616) [org.testng_7.10.1.r202404130807.jar:7.10.1]
	at org.testng.SuiteRunner.runTest(SuiteRunner.java:421) [org.testng_7.10.1.r202404130807.jar:7.10.1]
	at org.testng.SuiteRunner.runSequentially(SuiteRunner.java:413) [org.testng_7.10.1.r202404130807.jar:7.10.1]
	at org.testng.SuiteRunner.privateRun(SuiteRunner.java:373) [org.testng_7.10.1.r202404130807.jar:7.10.1]
	at org.testng.SuiteRunner.run(SuiteRunner.java:312) [org.testng_7.10.1.r202404130807.jar:7.10.1]
	at org.testng.SuiteRunnerWorker.runSuite(SuiteRunnerWorker.java:52) [org.testng_7.10.1.r202404130807.jar:7.10.1]
	at org.testng.SuiteRunnerWorker.run(SuiteRunnerWorker.java:95) [org.testng_7.10.1.r202404130807.jar:7.10.1]
	at org.testng.TestNG.runSuitesSequentially(TestNG.java:1274) [org.testng_7.10.1.r202404130807.jar:7.10.1]
	at org.testng.TestNG.runSuitesLocally(TestNG.java:1208) [org.testng_7.10.1.r202404130807.jar:7.10.1]
	at org.testng.TestNG.runSuites(TestNG.java:1112) [org.testng_7.10.1.r202404130807.jar:7.10.1]
	at org.testng.TestNG.run(TestNG.java:1079) [org.testng_7.10.1.r202404130807.jar:7.10.1]
	at org.testng.remote.AbstractRemoteTestNG.run(AbstractRemoteTestNG.java:115) [testng-remote.jar:?]
	at org.testng.remote.RemoteTestNG.initAndRun(RemoteTestNG.java:293) [testng-remote.jar:?]
	at org.testng.remote.RemoteTestNG.main(RemoteTestNG.java:91) [testng-remote.jar:?]
2025-09-22 11:04:16 [main] INFO  TestBase - Applying implicit wait of 10 seconds.
2025-09-22 11:04:20 [main] INFO  TestBase - All browser sessions have been closed.
2025-09-22 11:10:00 [main] INFO  TestBase - Web Driver initiated. Launching Chrome Browser
2025-09-22 11:10:00 [main] INFO  TestBase - Launching Sun NXT.....
2025-09-22 11:10:05 [main] INFO  TC_ContentPlaybackHomeBasic - Starting playback testing for Live TV
2025-09-22 11:10:05 [main] INFO  contentLanguageSelection - Tamil Language has been selected
2025-09-22 11:10:05 [main] INFO  TestBase - Applying implicit wait of 10 seconds.
2025-09-22 11:10:07 [main] INFO  HomepageSunnxt - Profile icon clicked
2025-09-22 11:10:07 [main] INFO  HomepageSunnxt - Signin button clicked
2025-09-22 11:10:07 [main] INFO  WaitUtils - Applying implicit wait of 10 seconds.
2025-09-22 11:10:11 [main] INFO  LoginPageSunnxt - Email or Mobile Number has been entered
2025-09-22 11:10:11 [main] INFO  LoginPageSunnxt - Password has been entered
2025-09-22 11:10:11 [main] INFO  LoginPageSunnxt - Login button clicked
2025-09-22 11:10:11 [main] INFO  LoginPageSunnxt - Device limit popup handled
2025-09-22 11:11:32 [main] INFO  LoginPageSunnxt - User login successful with username: sunnxtq@gmail.com
2025-09-22 11:11:32 [main] INFO  TestBase - User login successful
2025-09-22 11:11:56 [main] INFO  HomepageSunnxt - Extracting all carousel elements...
2025-09-22 11:11:57 [main] INFO  HomepageSunnxt - Targeted carousel: Monsoon Movie Collection
2025-09-22 11:11:58 [main] INFO  WaitUtils - Scrolling........
2025-09-22 11:12:03 [main] INFO  WaitUtils - Scrolling........
2025-09-22 11:12:08 [main] INFO  WaitUtils - Scrolling........
2025-09-22 11:12:13 [main] INFO  WaitUtils - Scrolling........
2025-09-22 11:12:18 [main] INFO  WaitUtils - Scrolling........
2025-09-22 11:12:39 [main] INFO  ContentDetailPageSunnxt - Trying to click the play button...
2025-09-22 11:12:52 [main] INFO  ContentDetailPageSunnxt - Regular play button found, clicking...
2025-09-22 11:13:33 [main] WARN  PlayerControlsSunnxt - No video player found on page.
2025-09-22 11:13:33 [main] INFO  PlayerControlsSunnxt - Redirected to subscription page.
2025-09-22 11:13:33 [main] INFO  TestBase - Applying implicit wait of 10 seconds.
2025-09-22 11:13:33 [main] INFO  TestBase - All browser sessions have been closed.
2025-09-22 11:17:33 [main] INFO  TestBase - Web Driver initiated. Launching Chrome Browser
2025-09-22 11:17:33 [main] INFO  TestBase - Launching Sun NXT.....
2025-09-22 11:17:40 [main] INFO  TC_ContentPlaybackHomeBasic - Starting playback testing for Live TV
2025-09-22 11:17:40 [main] INFO  contentLanguageSelection - Tamil Language has been selected
2025-09-22 11:17:40 [main] INFO  TestBase - Applying implicit wait of 10 seconds.
2025-09-22 11:17:42 [main] INFO  HomepageSunnxt - Profile icon clicked
2025-09-22 11:17:42 [main] INFO  HomepageSunnxt - Signin button clicked
2025-09-22 11:17:42 [main] INFO  WaitUtils - Applying implicit wait of 10 seconds.
2025-09-22 11:17:48 [main] INFO  LoginPageSunnxt - Email or Mobile Number has been entered
2025-09-22 11:17:48 [main] INFO  LoginPageSunnxt - Password has been entered
2025-09-22 11:17:48 [main] INFO  LoginPageSunnxt - Login button clicked
2025-09-22 11:17:48 [main] INFO  LoginPageSunnxt - Device limit popup handled
2025-09-22 11:19:09 [main] INFO  LoginPageSunnxt - User login successful with username: sunnxtq@gmail.com
2025-09-22 11:19:09 [main] INFO  TestBase - User login successful
2025-09-22 11:19:34 [main] INFO  HomepageSunnxt - Extracting all carousel elements...
2025-09-22 11:19:34 [main] INFO  HomepageSunnxt - Targeted carousel: Fresh Episodes
2025-09-22 11:19:35 [main] INFO  WaitUtils - Scrolling........
2025-09-22 11:19:56 [main] INFO  ContentDetailPageSunnxt - Trying to click the play button...
2025-09-22 11:20:09 [main] INFO  ContentDetailPageSunnxt - Regular play button found, clicking...
2025-09-22 11:20:09 [main] INFO  PlayerControlsSunnxt - Normal video player is displayed.
2025-09-22 11:20:42 [main] INFO  PlayerControlsSunnxt -  Video is playing.
2025-09-22 11:20:42 [main] INFO  PlayerControlsSunnxt - Video validation PASSED: video is playing.
2025-09-22 11:20:52 [main] INFO  PlayerControlsSunnxt -  Video is playing.
2025-09-22 11:20:52 [main] INFO  TestBase - Applying implicit wait of 10 seconds.
2025-09-22 11:20:52 [main] INFO  TestBase - All browser sessions have been closed.
2025-09-22 11:22:29 [main] INFO  TestBase - Web Driver initiated. Launching Chrome Browser
2025-09-22 11:22:29 [main] INFO  TestBase - Launching Sun NXT.....
2025-09-22 11:22:35 [main] INFO  TC_ContentPlaybackHomeBasic - Starting playback testing for Live TV
2025-09-22 11:22:35 [main] INFO  contentLanguageSelection - Tamil Language has been selected
2025-09-22 11:22:35 [main] INFO  TestBase - Applying implicit wait of 10 seconds.
2025-09-22 11:22:36 [main] INFO  HomepageSunnxt - Profile icon clicked
2025-09-22 11:22:36 [main] INFO  HomepageSunnxt - Signin button clicked
2025-09-22 11:22:36 [main] INFO  WaitUtils - Applying implicit wait of 10 seconds.
2025-09-22 11:22:40 [main] INFO  LoginPageSunnxt - Email or Mobile Number has been entered
2025-09-22 11:22:40 [main] INFO  LoginPageSunnxt - Password has been entered
2025-09-22 11:22:40 [main] INFO  LoginPageSunnxt - Login button clicked
2025-09-22 11:22:41 [main] INFO  LoginPageSunnxt - Device limit popup handled
2025-09-22 11:24:01 [main] INFO  LoginPageSunnxt - User login successful with username: sunnxtq@gmail.com
2025-09-22 11:24:01 [main] INFO  TestBase - User login successful
2025-09-22 11:24:26 [main] INFO  HomepageSunnxt - Extracting all carousel elements...
2025-09-22 11:24:26 [main] INFO  HomepageSunnxt - Targeted carousel: Fresh Episodes
2025-09-22 11:24:27 [main] INFO  WaitUtils - Scrolling........
2025-09-22 11:24:48 [main] INFO  ContentDetailPageSunnxt - Trying to click the play button...
2025-09-22 11:25:02 [main] INFO  ContentDetailPageSunnxt - Regular play button found, clicking...
2025-09-22 11:25:07 [main] INFO  TC_ContentPlaybackHomeBasic - ✅ Ad request detected: [https://in-suntv.videoplaza.tv/proxy/bwtest.jpg, https://in-suntv.videoplaza.tv/proxy/distributor/v2?rt=vp_3.0&pf=html5&cv=h5_2.1.22.6.0&t=title_varuthapadatha%20sangam%20-%20sep%2021%2C%202025%2Ccontenttype_tv-show%2Clanguage_tamil%2Cgenre_talk%20show%2Cgender_male%2Cagegroup_26-30_years%2Cpartner_sunnxtpaidannualbasic%2Cadfeature_multiplead%2Cunexposed%2C&s=tamil_tv-show&vwt=1047.75&vht=589.359&vbw=140&bp=300%2C600%2C900%2C1500%2C2400%2C3300%2C4800%2C6300&xpb=1&st=20:1&rnd=6172696429571343, https://in-suntv.videoplaza.tv/proxy/tracker/v2?pid=c1b3c11b-3d0a-43e0-8d73-99d1da77d158&t=title_varuthapadatha+sangam+-+sep+21,contenttype_tv-show,language_tamil,genre_talk+show,unexposed,adfeature_multiplead,agegroup_26-30_years,partner_sunnxtpaidannualbasic,+2025,gender_male&tid=f9c080df-5d96-44de-b832-cd1416b2fe19&pf=html5&cv=h5_2.1.22.6.0&dcid=0a5d51ff-3a72-4b8b-a551-bcb571d490f0&cf=short_form&s=tamil_tv-show&loc=COQCELROGIKZASCn3RUt7FFQQTUfhaBCOgdjaGVubmFpQgY2MDAwMjg&rnd=1626020624226668&tt=p&rbp=1&e=21, https://in-suntv.videoplaza.tv/proxy/tracker/v2?pid=c1b3c11b-3d0a-43e0-8d73-99d1da77d158&t=title_varuthapadatha+sangam+-+sep+21,contenttype_tv-show,language_tamil,genre_talk+show,unexposed,adfeature_multiplead,agegroup_26-30_years,partner_sunnxtpaidannualbasic,+2025,gender_male&tid=f9c080df-5d96-44de-b832-cd1416b2fe19&pf=html5&cv=h5_2.1.22.6.0&dcid=0a5d51ff-3a72-4b8b-a551-bcb571d490f0&cf=short_form&s=tamil_tv-show&loc=COQCELROGIKZASCn3RUt7FFQQTUfhaBCOgdjaGVubmFpQgY2MDAwMjg&rnd=4054639032179269&rbp=1&aid=e766ca20-78e2-46cb-8a98-1785e76d3d7a&tt=p&it=0&dur=30&e=0&ua=%5Bua%5D&uc=%5Buc%5D&pf=html5&cv=h5_2.1.22.6.0, https://in-suntv.videoplaza.tv/proxy/tracker/v2?pid=c1b3c11b-3d0a-43e0-8d73-99d1da77d158&t=title_varuthapadatha+sangam+-+sep+21,contenttype_tv-show,language_tamil,genre_talk+show,unexposed,adfeature_multiplead,agegroup_26-30_years,partner_sunnxtpaidannualbasic,+2025,gender_male&tid=f9c080df-5d96-44de-b832-cd1416b2fe19&pf=html5&cv=h5_2.1.22.6.0&dcid=0a5d51ff-3a72-4b8b-a551-bcb571d490f0&cf=short_form&s=tamil_tv-show&loc=COQCELROGIKZASCn3RUt7FFQQTUfhaBCOgdjaGVubmFpQgY2MDAwMjg&rnd=1895903045822748&rbp=1&aid=e766ca20-78e2-46cb-8a98-1785e76d3d7a&tt=p&it=0&dur=30&e=14]
2025-09-22 11:25:07 [main] INFO  PlayerControlsSunnxt - Normal video player is displayed.
2025-09-22 11:25:37 [main] INFO  PlayerControlsSunnxt -  Video is playing.
2025-09-22 11:25:37 [main] INFO  PlayerControlsSunnxt - Video validation PASSED: video is playing.
2025-09-22 11:26:39 [main] INFO  TestBase - Web Driver initiated. Launching Chrome Browser
2025-09-22 11:26:39 [main] INFO  TestBase - Launching Sun NXT.....
2025-09-22 11:26:48 [main] INFO  TC_ContentPlaybackHomeBasic - Starting playback testing for Live TV
2025-09-22 11:26:49 [main] INFO  contentLanguageSelection - Tamil Language has been selected
2025-09-22 11:26:49 [main] INFO  TestBase - Applying implicit wait of 10 seconds.
2025-09-22 11:26:50 [main] INFO  HomepageSunnxt - Profile icon clicked
2025-09-22 11:26:50 [main] INFO  HomepageSunnxt - Signin button clicked
2025-09-22 11:26:50 [main] INFO  WaitUtils - Applying implicit wait of 10 seconds.
2025-09-22 11:26:54 [main] INFO  LoginPageSunnxt - Email or Mobile Number has been entered
2025-09-22 11:26:54 [main] INFO  LoginPageSunnxt - Password has been entered
2025-09-22 11:26:54 [main] INFO  LoginPageSunnxt - Login button clicked
2025-09-22 11:26:54 [main] INFO  LoginPageSunnxt - Device limit popup handled
2025-09-22 11:28:14 [main] INFO  LoginPageSunnxt - User login successful with username: sunnxtq@gmail.com
2025-09-22 11:28:14 [main] INFO  TestBase - User login successful
2025-09-22 11:28:39 [main] INFO  HomepageSunnxt - Extracting all carousel elements...
2025-09-22 11:28:40 [main] INFO  HomepageSunnxt - Targeted carousel: Fresh Episodes
2025-09-22 11:28:40 [main] INFO  WaitUtils - Scrolling........
2025-09-22 11:29:01 [main] INFO  ContentDetailPageSunnxt - Trying to click the play button...
2025-09-22 11:29:15 [main] INFO  ContentDetailPageSunnxt - Regular play button found, clicking...
2025-09-22 11:29:20 [main] INFO  TC_ContentPlaybackHomeBasic - ✅ Ad request detected: [https://in-suntv.videoplaza.tv/proxy/bwtest.jpg, https://in-suntv.videoplaza.tv/proxy/distributor/v2?rt=vp_3.0&pf=html5&cv=h5_2.1.22.6.0&t=title_naattu%20maruthuvam%20-%20sep%2022%2C%202025%2Ccontenttype_tv-show%2Clanguage_tamil%2Cgenre_lifestyle%2Cgender_male%2Cagegroup_26-30_years%2Cpartner_sunnxtpaidannualbasic%2Cadfeature_multiplead%2Cunexposed%2C&s=tamil_tv-show&vwt=1047.75&vht=589.359&vbw=1502&bp=300%2C600%2C900%2C1500%2C2400%2C3300%2C4800%2C6300&xpb=1&st=20:1&rnd=7976854485446466, https://in-suntv.videoplaza.tv/proxy/tracker/v2?pid=f49d6128-a646-4e16-bdd7-74fd48dad165&t=contenttype_tv-show,language_tamil,unexposed,adfeature_multiplead,agegroup_26-30_years,partner_sunnxtpaidannualbasic,+2025,gender_male,title_naattu+maruthuvam+-+sep+22,genre_lifestyle&tid=a45f2749-b37b-413a-8fbf-8f0b7632048a&pf=html5&cv=h5_2.1.22.6.0&dcid=0a5d51ff-3a72-4b8b-a551-bcb571d490f0&cf=short_form&s=tamil_tv-show&loc=COQCELROGIKZASCn3RUt7FFQQTUfhaBCOgdjaGVubmFpQgY2MDAwMjg&rnd=8881186601686891&rbp=1&aid=e766ca20-78e2-46cb-8a98-1785e76d3d7a&tt=p&it=0&dur=30&e=0&ua=%5Bua%5D&uc=%5Buc%5D&pf=html5&cv=h5_2.1.22.6.0, https://in-suntv.videoplaza.tv/proxy/tracker/v2?pid=f49d6128-a646-4e16-bdd7-74fd48dad165&t=contenttype_tv-show,language_tamil,unexposed,adfeature_multiplead,agegroup_26-30_years,partner_sunnxtpaidannualbasic,+2025,gender_male,title_naattu+maruthuvam+-+sep+22,genre_lifestyle&tid=a45f2749-b37b-413a-8fbf-8f0b7632048a&pf=html5&cv=h5_2.1.22.6.0&dcid=0a5d51ff-3a72-4b8b-a551-bcb571d490f0&cf=short_form&s=tamil_tv-show&loc=COQCELROGIKZASCn3RUt7FFQQTUfhaBCOgdjaGVubmFpQgY2MDAwMjg&rnd=3093860415274121&tt=p&rbp=1&e=21, https://in-suntv.videoplaza.tv/proxy/tracker/v2?pid=f49d6128-a646-4e16-bdd7-74fd48dad165&t=contenttype_tv-show,language_tamil,unexposed,adfeature_multiplead,agegroup_26-30_years,partner_sunnxtpaidannualbasic,+2025,gender_male,title_naattu+maruthuvam+-+sep+22,genre_lifestyle&tid=a45f2749-b37b-413a-8fbf-8f0b7632048a&pf=html5&cv=h5_2.1.22.6.0&dcid=0a5d51ff-3a72-4b8b-a551-bcb571d490f0&cf=short_form&s=tamil_tv-show&loc=COQCELROGIKZASCn3RUt7FFQQTUfhaBCOgdjaGVubmFpQgY2MDAwMjg&rnd=8648536282315765&rbp=1&aid=e766ca20-78e2-46cb-8a98-1785e76d3d7a&tt=p&it=0&dur=30&e=14]
2025-09-22 11:29:20 [main] INFO  PlayerControlsSunnxt - Normal video player is displayed.
2025-09-22 11:29:47 [main] INFO  PlayerControlsSunnxt -  Video is playing.
2025-09-22 11:29:47 [main] INFO  PlayerControlsSunnxt - Video validation PASSED: video is playing.
2025-09-22 11:50:23 [main] INFO  TestBase - Web Driver initiated. Launching Chrome Browser
2025-09-22 11:50:23 [main] INFO  TestBase - Launching Sun NXT.....
2025-09-22 11:50:28 [main] INFO  TC_ContentPlaybackHomeBasic - Starting playback testing for Live TV
2025-09-22 11:50:28 [main] INFO  contentLanguageSelection - Tamil Language has been selected
2025-09-22 11:50:28 [main] INFO  TestBase - Applying implicit wait of 10 seconds.
2025-09-22 11:50:30 [main] INFO  HomepageSunnxt - Profile icon clicked
2025-09-22 11:50:30 [main] INFO  HomepageSunnxt - Signin button clicked
2025-09-22 11:50:30 [main] INFO  WaitUtils - Applying implicit wait of 10 seconds.
2025-09-22 11:50:34 [main] INFO  LoginPageSunnxt - Email or Mobile Number has been entered
2025-09-22 11:50:34 [main] INFO  LoginPageSunnxt - Password has been entered
2025-09-22 11:50:34 [main] INFO  LoginPageSunnxt - Login button clicked
2025-09-22 11:50:34 [main] INFO  LoginPageSunnxt - Device limit popup handled
2025-09-22 11:51:54 [main] INFO  LoginPageSunnxt - User login successful with username: sunnxtq@gmail.com
2025-09-22 11:51:54 [main] INFO  TestBase - User login successful
2025-09-22 11:52:19 [main] INFO  HomepageSunnxt - Extracting all carousel elements...
2025-09-22 11:52:20 [main] INFO  HomepageSunnxt - Targeted carousel: Fresh Episodes
2025-09-22 11:52:22 [main] INFO  WaitUtils - Scrolling........
2025-09-22 11:52:43 [main] INFO  ContentDetailPageSunnxt - Trying to click the play button...
2025-09-22 11:52:56 [main] INFO  ContentDetailPageSunnxt - Regular play button found, clicking...
2025-09-22 11:53:01 [main] INFO  TC_ContentPlaybackHomeBasic - ✅ Ad request detected: [https://in-suntv.videoplaza.tv/proxy/bwtest.jpg, https://in-suntv.videoplaza.tv/proxy/distributor/v2?rt=vp_3.0&pf=html5&cv=h5_2.1.22.6.0&t=title_annam%20-%20kayal%20-%20marumagal%20megasangamam%20-%20sep%2019%2C%202025%2Ccontenttype_tv-show%2Clanguage_tamil%2Cgenre_serials%2Cgenre_family%20drama%2Cgender_male%2Cagegroup_26-30_years%2Cpartner_sunnxtpaidannualbasic%2Cadfeature_multiplead%2Cunexposed%2C&s=tamil_tv-show&vwt=1047.75&vht=589.359&vbw=1530&bp=300%2C600%2C900%2C1500%2C2400%2C3300%2C4800%2C6300&xpb=1&st=20:1&rnd=9103839888765038, https://in-suntv.videoplaza.tv/proxy/tracker/v2?pid=5ed1cf2d-84f6-4c41-a63c-9bc2dde1eb62&t=contenttype_tv-show,language_tamil,genre_family+drama,unexposed,genre_serials,adfeature_multiplead,agegroup_26-30_years,partner_sunnxtpaidannualbasic,title_annam+-+kayal+-+marumagal+megasangamam+-+sep+19,+2025,gender_male&tid=19006651-fc45-460d-be04-b2008edf2911&pf=html5&cv=h5_2.1.22.6.0&dcid=0a5d51ff-3a72-4b8b-a551-bcb571d490f0&cf=short_form&s=tamil_tv-show&loc=COQCELROGIKZASCn3RUt7FFQQTUfhaBCOgdjaGVubmFpQgY2MDAwMjg&rnd=5956239154385358&tt=p&rbp=1&e=21, https://in-suntv.videoplaza.tv/proxy/tracker/v2?pid=5ed1cf2d-84f6-4c41-a63c-9bc2dde1eb62&t=contenttype_tv-show,language_tamil,genre_family+drama,unexposed,genre_serials,adfeature_multiplead,agegroup_26-30_years,partner_sunnxtpaidannualbasic,title_annam+-+kayal+-+marumagal+megasangamam+-+sep+19,+2025,gender_male&tid=19006651-fc45-460d-be04-b2008edf2911&pf=html5&cv=h5_2.1.22.6.0&dcid=0a5d51ff-3a72-4b8b-a551-bcb571d490f0&cf=short_form&s=tamil_tv-show&loc=COQCELROGIKZASCn3RUt7FFQQTUfhaBCOgdjaGVubmFpQgY2MDAwMjg&rnd=2573278404843144&rbp=1&aid=e766ca20-78e2-46cb-8a98-1785e76d3d7a&tt=p&it=0&dur=30&e=0&ua=%5Bua%5D&uc=%5Buc%5D&pf=html5&cv=h5_2.1.22.6.0, https://in-suntv.videoplaza.tv/proxy/tracker/v2?pid=5ed1cf2d-84f6-4c41-a63c-9bc2dde1eb62&t=contenttype_tv-show,language_tamil,genre_family+drama,unexposed,genre_serials,adfeature_multiplead,agegroup_26-30_years,partner_sunnxtpaidannualbasic,title_annam+-+kayal+-+marumagal+megasangamam+-+sep+19,+2025,gender_male&tid=19006651-fc45-460d-be04-b2008edf2911&pf=html5&cv=h5_2.1.22.6.0&dcid=0a5d51ff-3a72-4b8b-a551-bcb571d490f0&cf=short_form&s=tamil_tv-show&loc=COQCELROGIKZASCn3RUt7FFQQTUfhaBCOgdjaGVubmFpQgY2MDAwMjg&rnd=3268204695473403&rbp=1&aid=e766ca20-78e2-46cb-8a98-1785e76d3d7a&tt=p&it=0&dur=30&e=14]
2025-09-22 11:53:01 [main] INFO  PlayerControlsSunnxt - Normal video player is displayed.
2025-09-22 11:53:31 [main] INFO  PlayerControlsSunnxt -  Video is playing.
2025-09-22 11:53:31 [main] INFO  PlayerControlsSunnxt - Video validation PASSED: video is playing.
2025-09-22 11:59:17 [main] INFO  TestBase - Web Driver initiated. Launching Chrome Browser
2025-09-22 11:59:17 [main] INFO  TestBase - Launching Sun NXT.....
2025-09-22 11:59:24 [main] INFO  TC_ContentPlaybackTvShowsBasic - Starting playback testing for TV Shows Section- Basic User
2025-09-22 11:59:24 [main] INFO  contentLanguageSelection - Tamil Language has been selected
2025-09-22 11:59:24 [main] INFO  TestBase - Applying implicit wait of 10 seconds.
2025-09-22 11:59:27 [main] INFO  HomepageSunnxt - Profile icon clicked
2025-09-22 11:59:27 [main] INFO  HomepageSunnxt - Signin button clicked
2025-09-22 11:59:27 [main] INFO  WaitUtils - Applying implicit wait of 10 seconds.
2025-09-22 11:59:30 [main] INFO  LoginPageSunnxt - Email or Mobile Number has been entered
2025-09-22 11:59:30 [main] INFO  LoginPageSunnxt - Password has been entered
2025-09-22 11:59:30 [main] INFO  LoginPageSunnxt - Login button clicked
2025-09-22 11:59:30 [main] INFO  LoginPageSunnxt - Device limit popup handled
2025-09-22 12:00:51 [main] INFO  LoginPageSunnxt - User login successful with username: sunnxtq@gmail.com
2025-09-22 12:00:51 [main] INFO  TestBase - Applying implicit wait of 30 seconds.
2025-09-22 12:01:16 [main] INFO  HomepageSunnxt - Extracting all carousel elements...
2025-09-22 12:01:16 [main] INFO  HomepageSunnxt - Targeted carousel: Trending TV Shows
2025-09-22 12:01:17 [main] INFO  WaitUtils - Scrolling........
2025-09-22 12:01:22 [main] INFO  WaitUtils - Scrolling........
2025-09-22 12:01:27 [main] INFO  WaitUtils - Scrolling........
2025-09-22 12:01:32 [main] INFO  WaitUtils - Scrolling........
2025-09-22 12:01:37 [main] INFO  WaitUtils - Scrolling........
2025-09-22 12:02:18 [main] INFO  ContentDetailPageSunnxt - Targeted Content - Top Cooku Dupe Cooku - Season 2 - Sep 21, 2025 
2025-09-22 12:02:18 [main] INFO  ContentDetailPageSunnxt - Trying to click the play button...
2025-09-22 12:02:51 [main] INFO  ContentDetailPageSunnxt - Regular play button found, clicking...
2025-09-22 12:02:56 [main] INFO  TC_ContentPlaybackTvShowsBasic - ✅ Ad request detected: [https://in-suntv.videoplaza.tv/proxy/bwtest.jpg, https://in-suntv.videoplaza.tv/proxy/distributor/v2?rt=vp_3.0&pf=html5&cv=h5_2.1.22.6.0&t=title_top%20cooku%20dupe%20cooku%20-%20season%202%20-%20sep%2021%2C%202025%2Ccontenttype_tv-show%2Clanguage_tamil%2Cgenre_cookery%2Cgender_male%2Cagegroup_26-30_years%2Cpartner_sunnxtpaidannualbasic%2Cadfeature_multiplead%2Cunexposed%2C&s=tamil_tv-show&vwt=1047.75&vht=589.359&vbw=2103&bp=300%2C600%2C900%2C1500%2C2400%2C3300%2C4800%2C6300&xpb=1&st=20:1&rnd=5246540443726907, https://in-suntv.videoplaza.tv/proxy/tracker/v2?pid=aa56222e-3c1b-446e-8e7e-db2fe98ee631&t=title_top+cooku+dupe+cooku+-+season+2+-+sep+21,contenttype_tv-show,language_tamil,unexposed,adfeature_multiplead,agegroup_26-30_years,partner_sunnxtpaidannualbasic,+2025,gender_male,genre_cookery&tid=88972081-1585-422f-8396-0dbb8977ea18&pf=html5&cv=h5_2.1.22.6.0&dcid=0a5d51ff-3a72-4b8b-a551-bcb571d490f0&cf=short_form&s=tamil_tv-show&loc=COQCELROGIKZASCn3RUt7FFQQTUfhaBCOgdjaGVubmFpQgY2MDAwMjg&rnd=7611797659951350&rbp=1&aid=e766ca20-78e2-46cb-8a98-1785e76d3d7a&tt=p&it=0&dur=30&e=0&ua=%5Bua%5D&uc=%5Buc%5D&pf=html5&cv=h5_2.1.22.6.0, https://in-suntv.videoplaza.tv/proxy/tracker/v2?pid=aa56222e-3c1b-446e-8e7e-db2fe98ee631&t=title_top+cooku+dupe+cooku+-+season+2+-+sep+21,contenttype_tv-show,language_tamil,unexposed,adfeature_multiplead,agegroup_26-30_years,partner_sunnxtpaidannualbasic,+2025,gender_male,genre_cookery&tid=88972081-1585-422f-8396-0dbb8977ea18&pf=html5&cv=h5_2.1.22.6.0&dcid=0a5d51ff-3a72-4b8b-a551-bcb571d490f0&cf=short_form&s=tamil_tv-show&loc=COQCELROGIKZASCn3RUt7FFQQTUfhaBCOgdjaGVubmFpQgY2MDAwMjg&rnd=1545367132371290&tt=p&rbp=1&e=21, https://in-suntv.videoplaza.tv/proxy/tracker/v2?pid=aa56222e-3c1b-446e-8e7e-db2fe98ee631&t=title_top+cooku+dupe+cooku+-+season+2+-+sep+21,contenttype_tv-show,language_tamil,unexposed,adfeature_multiplead,agegroup_26-30_years,partner_sunnxtpaidannualbasic,+2025,gender_male,genre_cookery&tid=88972081-1585-422f-8396-0dbb8977ea18&pf=html5&cv=h5_2.1.22.6.0&dcid=0a5d51ff-3a72-4b8b-a551-bcb571d490f0&cf=short_form&s=tamil_tv-show&loc=COQCELROGIKZASCn3RUt7FFQQTUfhaBCOgdjaGVubmFpQgY2MDAwMjg&rnd=7863020067110439&rbp=1&aid=e766ca20-78e2-46cb-8a98-1785e76d3d7a&tt=p&it=0&dur=30&e=14]
2025-09-22 12:02:56 [main] INFO  PlayerControlsSunnxt - Normal video player is displayed.
2025-09-22 12:03:23 [main] INFO  PlayerControlsSunnxt -  Video is playing.
2025-09-22 12:03:23 [main] INFO  PlayerControlsSunnxt - Video validation PASSED: video is playing.
2025-09-22 12:03:23 [main] INFO  PlayerControlsSunnxt -  Video is playing.
2025-09-22 12:03:23 [main] INFO  TestBase - Applying implicit wait of 10 seconds.
2025-09-22 12:03:24 [main] INFO  TestBase - All browser sessions have been closed.
2025-09-22 12:03:50 [main] INFO  TestBase - Web Driver initiated. Launching Chrome Browser
2025-09-22 12:03:50 [main] INFO  TestBase - Launching Sun NXT.....
2025-09-22 12:03:55 [main] INFO  TC_ContentPlaybackLiveTV - Starting playback testing for Live TV
2025-09-22 12:03:55 [main] INFO  contentLanguageSelection - Tamil Language has been selected
2025-09-22 12:03:56 [main] INFO  TestBase - Applying implicit wait of 10 seconds.
2025-09-22 12:03:58 [main] INFO  HomepageSunnxt - Profile icon clicked
2025-09-22 12:03:58 [main] INFO  HomepageSunnxt - Signin button clicked
2025-09-22 12:03:58 [main] INFO  WaitUtils - Applying implicit wait of 10 seconds.
2025-09-22 12:04:01 [main] INFO  LoginPageSunnxt - Email or Mobile Number has been entered
2025-09-22 12:04:01 [main] INFO  LoginPageSunnxt - Password has been entered
2025-09-22 12:04:01 [main] INFO  LoginPageSunnxt - Login button clicked
2025-09-22 12:04:26 [main] INFO  TestBase - Web Driver initiated. Launching Chrome Browser
2025-09-22 12:04:26 [main] INFO  TestBase - Launching Sun NXT.....
2025-09-22 12:04:31 [main] INFO  TC_ContentPlaybackLiveTV - Starting playback testing for Live TV
2025-09-22 12:04:31 [main] INFO  contentLanguageSelection - Tamil Language has been selected
2025-09-22 12:04:31 [main] INFO  TestBase - Applying implicit wait of 10 seconds.
2025-09-22 12:04:33 [main] INFO  HomepageSunnxt - Profile icon clicked
2025-09-22 12:04:34 [main] INFO  HomepageSunnxt - Signin button clicked
2025-09-22 12:04:34 [main] INFO  WaitUtils - Applying implicit wait of 10 seconds.
2025-09-22 12:04:37 [main] INFO  LoginPageSunnxt - Email or Mobile Number has been entered
2025-09-22 12:04:37 [main] INFO  LoginPageSunnxt - Password has been entered
2025-09-22 12:04:37 [main] INFO  LoginPageSunnxt - Login button clicked
2025-09-22 12:04:37 [main] INFO  LoginPageSunnxt - Device limit popup handled
2025-09-22 12:05:58 [main] INFO  LoginPageSunnxt - User login successful with username: sunnxtq@gmail.com
2025-09-22 12:05:58 [main] INFO  TestBase - Applying implicit wait of 30 seconds.
2025-09-22 12:05:59 [main] INFO  LiveTVPageSunnxt - Targeted carousel name: Bengali
2025-09-22 12:05:59 [main] INFO  LiveTVPageSunnxt - Targeted channel name: Sun Bangla
2025-09-22 12:05:59 [main] INFO  ContentDetailPageSunnxt - Trying to click the play button...
2025-09-22 12:06:02 [main] INFO  ContentDetailPageSunnxt - Live TV play button found, clicking...
2025-09-22 12:08:02 [main] WARN  PlayerControlsSunnxt - No video player found on page.
2025-09-22 12:08:02 [main] INFO  PlayerControlsSunnxt - Redirected to subscription page.
2025-09-22 12:09:38 [main] INFO  TestBase - Web Driver initiated. Launching Chrome Browser
2025-09-22 12:09:38 [main] INFO  TestBase - Launching Sun NXT.....
2025-09-22 12:09:43 [main] INFO  TC_ContentPlaybackLiveTV - Starting playback testing for Live TV
2025-09-22 12:09:44 [main] INFO  contentLanguageSelection - Tamil Language has been selected
2025-09-22 12:09:44 [main] INFO  TestBase - Applying implicit wait of 10 seconds.
2025-09-22 12:09:46 [main] WARN  HomepageSunnxt - Caught StaleElementReferenceException. Retrying...
2025-09-22 12:09:46 [main] INFO  HomepageSunnxt - Profile icon clicked
2025-09-22 12:09:46 [main] INFO  HomepageSunnxt - Signin button clicked
2025-09-22 12:09:46 [main] INFO  WaitUtils - Applying implicit wait of 10 seconds.
2025-09-22 12:09:49 [main] INFO  LoginPageSunnxt - Email or Mobile Number has been entered
2025-09-22 12:09:49 [main] INFO  LoginPageSunnxt - Password has been entered
2025-09-22 12:09:49 [main] INFO  LoginPageSunnxt - Login button clicked
2025-09-22 12:09:50 [main] INFO  LoginPageSunnxt - Device limit popup handled
2025-09-22 12:11:10 [main] INFO  LoginPageSunnxt - User login successful with username: sunnxtq@gmail.com
2025-09-22 12:11:10 [main] INFO  TestBase - Applying implicit wait of 30 seconds.
2025-09-22 12:11:11 [main] INFO  LiveTVPageSunnxt - Targeted carousel name: Marathi
2025-09-22 12:11:11 [main] INFO  LiveTVPageSunnxt - Targeted channel name: Sun Marathi
2025-09-22 12:11:11 [main] INFO  ContentDetailPageSunnxt - Trying to click the play button...
2025-09-22 12:11:14 [main] INFO  ContentDetailPageSunnxt - Live TV play button found, clicking...
2025-09-22 12:12:14 [main] INFO  PlayerControlsSunnxt - Shaka video player is displayed.
2025-09-22 12:12:14 [main] INFO  PlayerControlsSunnxt -  Video is playing.
2025-09-22 12:12:14 [main] INFO  PlayerControlsSunnxt - Video validation PASSED: video is playing.
2025-09-22 12:27:39 [main] INFO  TestBase - Web Driver initiated. Launching Chrome Browser
2025-09-22 12:27:39 [main] INFO  TestBase - Launching Sun NXT.....
2025-09-22 12:27:45 [main] INFO  TC_ContentPlaybackLiveTV - Starting playback testing for Live TV
2025-09-22 12:27:45 [main] INFO  contentLanguageSelection - Tamil Language has been selected
2025-09-22 12:27:46 [main] INFO  TestBase - Applying implicit wait of 10 seconds.
2025-09-22 12:27:47 [main] INFO  HomepageSunnxt - Profile icon clicked
2025-09-22 12:27:47 [main] INFO  HomepageSunnxt - Signin button clicked
2025-09-22 12:27:47 [main] INFO  WaitUtils - Applying implicit wait of 10 seconds.
2025-09-22 12:27:49 [main] INFO  LoginPageSunnxt - Email or Mobile Number has been entered
2025-09-22 12:27:49 [main] INFO  LoginPageSunnxt - Password has been entered
2025-09-22 12:27:49 [main] INFO  LoginPageSunnxt - Login button clicked
2025-09-22 12:27:50 [main] INFO  LoginPageSunnxt - Device limit popup handled
2025-09-22 12:29:10 [main] INFO  LoginPageSunnxt - User login successful with username: sunnxtq@gmail.com
2025-09-22 12:29:10 [main] INFO  TestBase - Applying implicit wait of 30 seconds.
2025-09-22 12:29:11 [main] INFO  LiveTVPageSunnxt - Targeted carousel name: English
2025-09-22 12:29:41 [main] INFO  TestBase - Neither subscription screen nor video playback detected. Closing browser.
2025-09-22 12:29:41 [main] INFO  TestBase - Applying implicit wait of 10 seconds.
2025-09-22 12:29:42 [main] INFO  TestBase - All browser sessions have been closed.
2025-09-22 12:30:59 [main] INFO  TestBase - Web Driver initiated. Launching Chrome Browser
2025-09-22 12:30:59 [main] INFO  TestBase - Launching Sun NXT.....
2025-09-22 12:31:05 [main] INFO  TC_ContentPlaybackLiveTV - Starting playback testing for Live TV
2025-09-22 12:31:05 [main] INFO  contentLanguageSelection - Tamil Language has been selected
2025-09-22 12:31:05 [main] INFO  TestBase - Applying implicit wait of 10 seconds.
2025-09-22 12:31:08 [main] INFO  HomepageSunnxt - Profile icon clicked
2025-09-22 12:31:08 [main] INFO  HomepageSunnxt - Signin button clicked
2025-09-22 12:31:08 [main] INFO  WaitUtils - Applying implicit wait of 10 seconds.
2025-09-22 12:31:10 [main] INFO  LoginPageSunnxt - Email or Mobile Number has been entered
2025-09-22 12:31:10 [main] INFO  LoginPageSunnxt - Password has been entered
2025-09-22 12:31:10 [main] INFO  LoginPageSunnxt - Login button clicked
2025-09-22 12:31:10 [main] INFO  LoginPageSunnxt - Device limit popup handled
2025-09-22 12:32:31 [main] INFO  LoginPageSunnxt - User login successful with username: sunnxtq@gmail.com
2025-09-22 12:32:31 [main] INFO  TestBase - Applying implicit wait of 30 seconds.
2025-09-22 12:32:32 [main] INFO  LiveTVPageSunnxt - Targeted carousel name: Telugu
2025-09-22 12:32:32 [main] WARN  LiveTVPageSunnxt - Provided Channel isn't listed here: Gemini TV HD - Dolby Vision
2025-09-22 12:32:32 [main] INFO  ContentDetailPageSunnxt - Trying to click the play button...
2025-09-22 12:32:35 [main] INFO  ContentDetailPageSunnxt - Live TV play button found, clicking...
2025-09-22 12:34:35 [main] WARN  PlayerControlsSunnxt - No video player found on page.
2025-09-22 12:34:35 [main] INFO  PlayerControlsSunnxt - Redirected to subscription page.
2025-09-22 12:34:36 [main] INFO  TestBase - Subscription screen detected. Closing browser.
2025-09-22 12:34:36 [main] INFO  TestBase - Applying implicit wait of 10 seconds.
2025-09-22 12:34:36 [main] INFO  TestBase - All browser sessions have been closed.
2025-09-22 12:36:18 [main] INFO  TestBase - Web Driver initiated. Launching Chrome Browser
2025-09-22 12:36:18 [main] INFO  TestBase - Launching Sun NXT.....
2025-09-22 12:36:22 [main] INFO  TC_ContentPlaybackHomeBasic - Starting playback testing for Live TV
2025-09-22 12:36:22 [main] INFO  contentLanguageSelection - Tamil Language has been selected
2025-09-22 12:36:22 [main] INFO  TestBase - Applying implicit wait of 10 seconds.
2025-09-22 12:36:24 [main] INFO  HomepageSunnxt - Profile icon clicked
2025-09-22 12:36:24 [main] INFO  HomepageSunnxt - Signin button clicked
2025-09-22 12:36:24 [main] INFO  WaitUtils - Applying implicit wait of 10 seconds.
2025-09-22 12:36:29 [main] INFO  LoginPageSunnxt - Email or Mobile Number has been entered
2025-09-22 12:36:29 [main] INFO  LoginPageSunnxt - Password has been entered
2025-09-22 12:36:29 [main] INFO  LoginPageSunnxt - Login button clicked
2025-09-22 12:36:29 [main] INFO  LoginPageSunnxt - Device limit popup handled
2025-09-22 12:37:50 [main] INFO  LoginPageSunnxt - User login successful with username: sunnxtq@gmail.com
2025-09-22 12:37:50 [main] INFO  TestBase - User login successful
2025-09-22 12:38:15 [main] INFO  HomepageSunnxt - Extracting all carousel elements...
2025-09-22 12:38:15 [main] INFO  HomepageSunnxt - Targeted carousel: Fresh Episodes
2025-09-22 12:38:16 [main] INFO  WaitUtils - Scrolling........
2025-09-22 12:38:37 [main] INFO  ContentDetailPageSunnxt - Trying to click the play button...
2025-09-22 12:38:50 [main] INFO  ContentDetailPageSunnxt - Regular play button found, clicking...
2025-09-22 12:38:55 [main] INFO  TC_ContentPlaybackHomeBasic - ✅ Ad request detected: [https://in-suntv.videoplaza.tv/proxy/bwtest.jpg, https://in-suntv.videoplaza.tv/proxy/distributor/v2?rt=vp_3.0&pf=html5&cv=h5_2.1.22.6.0&t=title_nalla%20kaalam%20pirakuthu%20-%20sep%2021%2C%202025%2Ccontenttype_tv-show%2Clanguage_tamil%2Cgenre_astrology%2Cgender_male%2Cagegroup_26-30_years%2Cpartner_sunnxtpaidannualbasic%2Cadfeature_multiplead%2Cunexposed%2C&s=tamil_tv-show&vwt=1047.75&vht=589.359&vbw=1199&bp=300%2C600%2C900%2C1500%2C2400%2C3300%2C4800%2C6300&xpb=1&st=20:1&rnd=952068612572404, https://in-suntv.videoplaza.tv/proxy/tracker/v2?pid=790ca704-314e-4d76-8c1d-1a113b705620&t=contenttype_tv-show,genre_astrology,title_nalla+kaalam+pirakuthu+-+sep+21,language_tamil,unexposed,adfeature_multiplead,agegroup_26-30_years,partner_sunnxtpaidannualbasic,+2025,gender_male&tid=022b03b5-8542-4c91-8623-641e71a16426&pf=html5&cv=h5_2.1.22.6.0&dcid=0a5d51ff-3a72-4b8b-a551-bcb571d490f0&cf=short_form&s=tamil_tv-show&loc=COQCELROGIKZASCn3RUt7FFQQTUfhaBCOgdjaGVubmFpQgY2MDAwMjg&rnd=2135319876983278&tt=p&rbp=1&e=21, https://in-suntv.videoplaza.tv/proxy/tracker/v2?pid=790ca704-314e-4d76-8c1d-1a113b705620&t=contenttype_tv-show,genre_astrology,title_nalla+kaalam+pirakuthu+-+sep+21,language_tamil,unexposed,adfeature_multiplead,agegroup_26-30_years,partner_sunnxtpaidannualbasic,+2025,gender_male&tid=022b03b5-8542-4c91-8623-641e71a16426&pf=html5&cv=h5_2.1.22.6.0&dcid=0a5d51ff-3a72-4b8b-a551-bcb571d490f0&cf=short_form&s=tamil_tv-show&loc=COQCELROGIKZASCn3RUt7FFQQTUfhaBCOgdjaGVubmFpQgY2MDAwMjg&rnd=614095621660452&rbp=1&aid=e766ca20-78e2-46cb-8a98-1785e76d3d7a&tt=p&it=0&dur=30&e=0&ua=%5Bua%5D&uc=%5Buc%5D&pf=html5&cv=h5_2.1.22.6.0, https://in-suntv.videoplaza.tv/proxy/tracker/v2?pid=790ca704-314e-4d76-8c1d-1a113b705620&t=contenttype_tv-show,genre_astrology,title_nalla+kaalam+pirakuthu+-+sep+21,language_tamil,unexposed,adfeature_multiplead,agegroup_26-30_years,partner_sunnxtpaidannualbasic,+2025,gender_male&tid=022b03b5-8542-4c91-8623-641e71a16426&pf=html5&cv=h5_2.1.22.6.0&dcid=0a5d51ff-3a72-4b8b-a551-bcb571d490f0&cf=short_form&s=tamil_tv-show&loc=COQCELROGIKZASCn3RUt7FFQQTUfhaBCOgdjaGVubmFpQgY2MDAwMjg&rnd=5806644715040911&rbp=1&aid=e766ca20-78e2-46cb-8a98-1785e76d3d7a&tt=p&it=0&dur=30&e=14]
2025-09-22 12:38:55 [main] INFO  PlayerControlsSunnxt - Normal video player is displayed.
2025-09-22 12:39:22 [main] INFO  PlayerControlsSunnxt -  Video is playing.
2025-09-22 12:39:22 [main] INFO  PlayerControlsSunnxt - Video validation PASSED: video is playing.
2025-09-22 12:39:32 [main] INFO  TestBase - Video is playing. Waiting 8 seconds before closing browser...
2025-09-22 12:39:40 [main] INFO  TestBase - Applying implicit wait of 10 seconds.
2025-09-22 12:39:42 [main] INFO  TestBase - All browser sessions have been closed.
2025-09-22 12:47:56 [main] INFO  TestBase - Web Driver initiated. Launching Chrome Browser
2025-09-22 12:47:56 [main] INFO  TestBase - Launching Sun NXT.....
2025-09-22 12:48:02 [main] INFO  TC_ContentPlaybackTvShowsBasic - Starting playback testing for TV Shows Section- Basic User
2025-09-22 12:48:02 [main] INFO  contentLanguageSelection - Tamil Language has been selected
2025-09-22 12:48:02 [main] INFO  TestBase - Applying implicit wait of 10 seconds.
2025-09-22 12:48:05 [main] INFO  HomepageSunnxt - Profile icon clicked
2025-09-22 12:48:05 [main] INFO  HomepageSunnxt - Signin button clicked
2025-09-22 12:48:05 [main] INFO  WaitUtils - Applying implicit wait of 10 seconds.
2025-09-22 12:48:07 [main] INFO  LoginPageSunnxt - Email or Mobile Number has been entered
2025-09-22 12:48:07 [main] INFO  LoginPageSunnxt - Password has been entered
2025-09-22 12:48:07 [main] INFO  LoginPageSunnxt - Login button clicked
2025-09-22 12:48:07 [main] INFO  LoginPageSunnxt - Device limit popup handled
2025-09-22 12:49:28 [main] INFO  LoginPageSunnxt - User login successful with username: sunnxtq@gmail.com
2025-09-22 12:49:28 [main] INFO  TestBase - Applying implicit wait of 30 seconds.
2025-09-22 12:49:53 [main] INFO  HomepageSunnxt - Extracting all carousel elements...
2025-09-22 12:49:53 [main] INFO  HomepageSunnxt - Targeted carousel: Ethirneechal Thodargirathu
2025-09-22 12:49:54 [main] INFO  WaitUtils - Scrolling........
2025-09-22 12:50:35 [main] INFO  ContentDetailPageSunnxt - Targeted Content - Ethir Neechal Thodargirathu - Aug 28, 2025 
2025-09-22 12:50:35 [main] INFO  ContentDetailPageSunnxt - Trying to click the play button...
2025-09-22 12:51:08 [main] INFO  ContentDetailPageSunnxt - Regular play button found, clicking...
2025-09-22 12:51:13 [main] INFO  TC_ContentPlaybackTvShowsBasic - ✅ Ad request detected: [https://in-suntv.videoplaza.tv/proxy/bwtest.jpg, https://in-suntv.videoplaza.tv/proxy/distributor/v2?rt=vp_3.0&pf=html5&cv=h5_2.1.22.6.0&t=title_ethir%20neechal%20thodargirathu%20-%20aug%2028%2C%202025%2Ccontenttype_tv-show%2Clanguage_tamil%2Cgenre_serials%2Cgenre_family%20drama%2Cgender_male%2Cagegroup_26-30_years%2Cpartner_sunnxtpaidannualbasic%2Cadfeature_multiplead%2Cunexposed%2C&s=tamil_tv-show&vwt=1047.75&vht=589.359&vbw=3155&bp=300%2C600%2C900%2C1500%2C2400%2C3300%2C4800%2C6300&xpb=1&st=20:1&rnd=87147845194569, https://in-suntv.videoplaza.tv/proxy/tracker/v2?pid=368ee093-64fe-49bc-8c39-c3cc6bf74c3b&t=title_ethir+neechal+thodargirathu+-+aug+28,contenttype_tv-show,language_tamil,genre_family+drama,unexposed,genre_serials,adfeature_multiplead,agegroup_26-30_years,partner_sunnxtpaidannualbasic,+2025,gender_male&tid=604def67-95e5-4a24-8cc1-33638912d039&pf=html5&cv=h5_2.1.22.6.0&dcid=0a5d51ff-3a72-4b8b-a551-bcb571d490f0&cf=short_form&s=tamil_tv-show&loc=COQCELROGIKZASCn3RUt7FFQQTUfhaBCOgdjaGVubmFpQgY2MDAwMjg&rnd=7773732214641544&tt=p&rbp=1&e=21, https://in-suntv.videoplaza.tv/proxy/tracker/v2?pid=368ee093-64fe-49bc-8c39-c3cc6bf74c3b&t=title_ethir+neechal+thodargirathu+-+aug+28,contenttype_tv-show,language_tamil,genre_family+drama,unexposed,genre_serials,adfeature_multiplead,agegroup_26-30_years,partner_sunnxtpaidannualbasic,+2025,gender_male&tid=604def67-95e5-4a24-8cc1-33638912d039&pf=html5&cv=h5_2.1.22.6.0&dcid=0a5d51ff-3a72-4b8b-a551-bcb571d490f0&cf=short_form&s=tamil_tv-show&loc=COQCELROGIKZASCn3RUt7FFQQTUfhaBCOgdjaGVubmFpQgY2MDAwMjg&rnd=8179694532103720&rbp=1&aid=e766ca20-78e2-46cb-8a98-1785e76d3d7a&tt=p&it=0&dur=30&e=0&ua=%5Bua%5D&uc=%5Buc%5D&pf=html5&cv=h5_2.1.22.6.0, https://in-suntv.videoplaza.tv/proxy/tracker/v2?pid=368ee093-64fe-49bc-8c39-c3cc6bf74c3b&t=title_ethir+neechal+thodargirathu+-+aug+28,contenttype_tv-show,language_tamil,genre_family+drama,unexposed,genre_serials,adfeature_multiplead,agegroup_26-30_years,partner_sunnxtpaidannualbasic,+2025,gender_male&tid=604def67-95e5-4a24-8cc1-33638912d039&pf=html5&cv=h5_2.1.22.6.0&dcid=0a5d51ff-3a72-4b8b-a551-bcb571d490f0&cf=short_form&s=tamil_tv-show&loc=COQCELROGIKZASCn3RUt7FFQQTUfhaBCOgdjaGVubmFpQgY2MDAwMjg&rnd=1926797694101518&rbp=1&aid=e766ca20-78e2-46cb-8a98-1785e76d3d7a&tt=p&it=0&dur=30&e=14]
2025-09-22 12:51:13 [main] INFO  PlayerControlsSunnxt - Normal video player is displayed.
2025-09-22 12:51:41 [main] INFO  PlayerControlsSunnxt -  Video is playing.
2025-09-22 12:51:41 [main] INFO  PlayerControlsSunnxt - Video validation PASSED: video is playing.
2025-09-22 12:52:11 [main] INFO  TestBase - Video is playing. Waiting 8 seconds before closing browser...
2025-09-22 12:52:19 [main] INFO  TestBase - Applying implicit wait of 10 seconds.
2025-09-22 12:52:20 [main] INFO  TestBase - All browser sessions have been closed.
2025-09-22 14:10:54 [main] INFO  TestBase - Web Driver initiated. Launching Chrome Browser
2025-09-22 14:10:54 [main] INFO  TestBase - Launching Sun NXT.....
2025-09-22 14:11:01 [main] INFO  TC_ContentPlaybackShortsBasic - Starting playback testing for Shorts Section
2025-09-22 14:11:02 [main] INFO  contentLanguageSelection - Tamil Language has been selected
2025-09-22 14:11:02 [main] INFO  TestBase - Applying implicit wait of 10 seconds.
2025-09-22 14:11:05 [main] INFO  HomepageSunnxt - Profile icon clicked
2025-09-22 14:11:05 [main] INFO  HomepageSunnxt - Signin button clicked
2025-09-22 14:11:05 [main] INFO  WaitUtils - Applying implicit wait of 10 seconds.
2025-09-22 14:11:06 [main] INFO  LoginPageSunnxt - Email or Mobile Number has been entered
2025-09-22 14:11:06 [main] INFO  LoginPageSunnxt - Password has been entered
2025-09-22 14:11:06 [main] INFO  LoginPageSunnxt - Login button clicked
2025-09-22 14:11:06 [main] INFO  LoginPageSunnxt - Device limit popup handled
2025-09-22 14:12:26 [main] INFO  LoginPageSunnxt - User login successful with username: sunnxtq@gmail.com
2025-09-22 14:12:26 [main] INFO  TestBase - Applying implicit wait of 30 seconds.
2025-09-22 14:12:51 [main] INFO  HomepageSunnxt - Extracting all carousel elements...
2025-09-22 14:12:51 [main] INFO  HomepageSunnxt - Targeted carousel: Popular Short Films
2025-09-22 14:12:52 [main] INFO  WaitUtils - Scrolling........
2025-09-22 14:13:33 [main] INFO  ContentDetailPageSunnxt - Targeted Content - Thaaliya Kaanom 
2025-09-22 14:13:33 [main] INFO  ContentDetailPageSunnxt - Trying to click the play button...
2025-09-22 14:14:07 [main] INFO  ContentDetailPageSunnxt - Regular play button found, clicking...
2025-09-22 14:14:07 [main] INFO  PlayerControlsSunnxt - Normal video player is displayed.
2025-09-22 14:14:19 [main] INFO  PlayerControlsSunnxt -  Video is playing.
2025-09-22 14:14:19 [main] INFO  PlayerControlsSunnxt - Video validation PASSED: video is playing.
2025-09-22 14:14:19 [main] INFO  PlayerControlsSunnxt -  Video is playing.
2025-09-22 14:14:19 [main] INFO  TestBase - Applying implicit wait of 10 seconds.
2025-09-22 14:14:20 [main] INFO  TestBase - All browser sessions have been closed.
2025-09-22 14:16:23 [main] INFO  TestBase - Web Driver initiated. Launching Chrome Browser
2025-09-22 14:16:23 [main] INFO  TestBase - Launching Sun NXT.....
2025-09-22 14:16:28 [main] INFO  TC_ContentPlaybackMusicVideosBasic - Starting playback test...
2025-09-22 14:16:28 [main] INFO  contentLanguageSelection - Tamil Language has been selected
2025-09-22 14:16:30 [main] INFO  TestBase - Applying implicit wait of 10 seconds.
2025-09-22 14:16:30 [main] INFO  HomepageSunnxt - Profile icon clicked
2025-09-22 14:16:30 [main] INFO  HomepageSunnxt - Signin button clicked
2025-09-22 14:16:30 [main] INFO  WaitUtils - Applying implicit wait of 10 seconds.
2025-09-22 14:16:33 [main] INFO  LoginPageSunnxt - Email or Mobile Number has been entered
2025-09-22 14:16:33 [main] INFO  LoginPageSunnxt - Password has been entered
2025-09-22 14:16:34 [main] INFO  LoginPageSunnxt - Login button clicked
2025-09-22 14:16:34 [main] INFO  LoginPageSunnxt - Device limit popup handled
2025-09-22 14:17:08 [main] INFO  TestBase - Web Driver initiated. Launching Chrome Browser
2025-09-22 14:17:08 [main] INFO  TestBase - Launching Sun NXT.....
2025-09-22 14:17:14 [main] INFO  TC_ContentPlaybackMusicVideosBasic - Starting playback test...
2025-09-22 14:17:14 [main] INFO  contentLanguageSelection - Tamil Language has been selected
2025-09-22 14:17:15 [main] INFO  TestBase - Applying implicit wait of 10 seconds.
2025-09-22 14:17:16 [main] INFO  HomepageSunnxt - Profile icon clicked
2025-09-22 14:17:16 [main] INFO  HomepageSunnxt - Signin button clicked
2025-09-22 14:17:16 [main] INFO  WaitUtils - Applying implicit wait of 10 seconds.
2025-09-22 14:17:23 [main] INFO  LoginPageSunnxt - Email or Mobile Number has been entered
2025-09-22 14:17:23 [main] INFO  LoginPageSunnxt - Password has been entered
2025-09-22 14:17:23 [main] INFO  LoginPageSunnxt - Login button clicked
2025-09-22 14:17:24 [main] INFO  LoginPageSunnxt - Device limit popup handled
2025-09-22 14:18:44 [main] INFO  LoginPageSunnxt - User login successful with username: sunnxtq@gmail.com
2025-09-22 14:18:44 [main] INFO  TestBase - User login successful
2025-09-22 14:19:09 [main] INFO  HomepageSunnxt - Extracting all carousel elements...
2025-09-22 14:19:09 [main] INFO  HomepageSunnxt - Targeted carousel: Latest Songs
2025-09-22 14:19:10 [main] INFO  WaitUtils - Scrolling........
2025-09-22 14:19:32 [main] INFO  ContentDetailPageSunnxt - Trying to click the play button...
2025-09-22 14:19:45 [main] INFO  ContentDetailPageSunnxt - Regular play button found, clicking...
2025-09-22 14:19:45 [main] INFO  ContentDetailPageSunnxt - Targeted Content - Uyirnaadi Nanbane 
2025-09-22 14:19:50 [main] INFO  TC_ContentPlaybackMusicVideosBasic - ✅ Ad request detected: [https://in-suntv.videoplaza.tv/proxy/bwtest.jpg, https://in-suntv.videoplaza.tv/proxy/distributor/v2?rt=vp_3.0&pf=html5&cv=h5_2.1.22.6.0&t=title_uyirnaadi%20nanbane%2Ccontenttype_music%2Clanguage_tamil%2Cgenre_music%2Cgender_male%2Cagegroup_26-30_years%2Cpartner_sunnxtpaidannualbasic%2Cadfeature_multiplead%2Cunexposed%2C&s=tamil_music&vwt=1047.75&vht=589.359&vbw=1745&bp=300&xpb=1&st=20:1&rnd=4325480229600613, https://in-suntv.videoplaza.tv/proxy/tracker/v2?pid=4e6f5ba9-168e-4027-a8c7-f919c2ddbc1a&t=contenttype_music,language_tamil,title_uyirnaadi+nanbane,unexposed,adfeature_multiplead,agegroup_26-30_years,partner_sunnxtpaidannualbasic,genre_music,gender_male&tid=3aa48082-a64c-4110-94f8-b99704f2d510&pf=html5&cv=h5_2.1.22.6.0&dcid=0a5d51ff-3a72-4b8b-a551-bcb571d490f0&cf=short_form&s=tamil_music&loc=COQCELROGIKZASCn3RUt7FFQQTUfhaBCOgdjaGVubmFpQgY2MDAwMjg&rnd=8905396911134605&rbp=1&aid=e3268d4a-6845-4834-918b-e3e846d4fc0e&tt=p&it=0&dur=20&e=0&ua=%5Bua%5D&uc=%5Buc%5D&pf=html5&cv=h5_2.1.22.6.0, https://in-suntv.videoplaza.tv/proxy/tracker/v2?pid=4e6f5ba9-168e-4027-a8c7-f919c2ddbc1a&t=contenttype_music,language_tamil,title_uyirnaadi+nanbane,unexposed,adfeature_multiplead,agegroup_26-30_years,partner_sunnxtpaidannualbasic,genre_music,gender_male&tid=3aa48082-a64c-4110-94f8-b99704f2d510&pf=html5&cv=h5_2.1.22.6.0&dcid=0a5d51ff-3a72-4b8b-a551-bcb571d490f0&cf=short_form&s=tamil_music&loc=COQCELROGIKZASCn3RUt7FFQQTUfhaBCOgdjaGVubmFpQgY2MDAwMjg&rnd=9317653904487206&tt=p&rbp=1&e=21, https://in-suntv.videoplaza.tv/proxy/tracker/v2?pid=4e6f5ba9-168e-4027-a8c7-f919c2ddbc1a&t=contenttype_music,language_tamil,title_uyirnaadi+nanbane,unexposed,adfeature_multiplead,agegroup_26-30_years,partner_sunnxtpaidannualbasic,genre_music,gender_male&tid=3aa48082-a64c-4110-94f8-b99704f2d510&pf=html5&cv=h5_2.1.22.6.0&dcid=0a5d51ff-3a72-4b8b-a551-bcb571d490f0&cf=short_form&s=tamil_music&loc=COQCELROGIKZASCn3RUt7FFQQTUfhaBCOgdjaGVubmFpQgY2MDAwMjg&rnd=1393131745150232&rbp=1&aid=e3268d4a-6845-4834-918b-e3e846d4fc0e&tt=p&it=0&dur=20&e=14]
2025-09-22 14:19:50 [main] INFO  PlayerControlsSunnxt - Normal video player is displayed.
2025-09-22 14:20:07 [main] INFO  PlayerControlsSunnxt -  Video is playing.
2025-09-22 14:20:07 [main] INFO  PlayerControlsSunnxt - Video validation PASSED: video is playing.
2025-09-22 14:20:07 [main] INFO  PlayerControlsSunnxt -  Video is playing.
2025-09-22 14:20:07 [main] INFO  TestBase - Applying implicit wait of 10 seconds.
2025-09-22 14:20:08 [main] INFO  TestBase - All browser sessions have been closed.
2025-09-22 14:32:34 [main] INFO  TestBase - Web Driver initiated. Launching Chrome Browser
2025-09-22 14:32:35 [main] INFO  TestBase - Launching Sun NXT.....
2025-09-22 14:32:39 [main] INFO  TC_ContentPlaybackComedyBasic - Starting playback test...
2025-09-22 14:32:39 [main] INFO  contentLanguageSelection - Tamil Language has been selected
2025-09-22 14:32:40 [main] INFO  TestBase - Applying implicit wait of 10 seconds.
2025-09-22 14:32:42 [main] INFO  HomepageSunnxt - Profile icon clicked
2025-09-22 14:32:42 [main] INFO  HomepageSunnxt - Signin button clicked
2025-09-22 14:32:42 [main] INFO  WaitUtils - Applying implicit wait of 10 seconds.
2025-09-22 14:32:46 [main] INFO  LoginPageSunnxt - Email or Mobile Number has been entered
2025-09-22 14:32:46 [main] INFO  LoginPageSunnxt - Password has been entered
2025-09-22 14:32:46 [main] INFO  LoginPageSunnxt - Login button clicked
2025-09-22 14:32:46 [main] INFO  LoginPageSunnxt - Device limit popup handled
2025-09-22 14:34:06 [main] INFO  LoginPageSunnxt - User login successful with username: sunnxtq@gmail.com
2025-09-22 14:34:06 [main] INFO  TestBase - User login successful
2025-09-22 14:34:31 [main] INFO  HomepageSunnxt - Extracting all carousel elements...
2025-09-22 14:34:32 [main] INFO  HomepageSunnxt - Targeted carousel: Star Comedies
2025-09-22 14:34:32 [main] INFO  WaitUtils - Scrolling........
2025-09-22 14:34:37 [main] INFO  WaitUtils - Scrolling........
2025-09-22 14:34:42 [main] INFO  WaitUtils - Scrolling........
2025-09-22 14:34:47 [main] INFO  WaitUtils - Scrolling........
2025-09-22 14:34:52 [main] INFO  WaitUtils - Scrolling........
2025-09-22 14:35:03 [main] INFO  WaitUtils - Scrolling........
2025-09-22 14:35:08 [main] INFO  WaitUtils - Scrolling........
2025-09-22 14:35:13 [main] INFO  WaitUtils - Scrolling........
2025-09-22 14:35:18 [main] INFO  WaitUtils - Scrolling........
2025-09-22 14:35:23 [main] INFO  WaitUtils - Scrolling........
2025-09-22 14:35:45 [main] INFO  ContentDetailPageSunnxt - Trying to click the play button...
2025-09-22 14:35:58 [main] INFO  ContentDetailPageSunnxt - Regular play button found, clicking...
2025-09-22 14:35:58 [main] INFO  ContentDetailPageSunnxt - Targeted Content - Sarkar - Comedy Scenes 
2025-09-22 14:36:03 [main] WARN  TC_ContentPlaybackComedyBasic - ❌ No ad request detected.
2025-09-22 14:36:43 [main] WARN  PlayerControlsSunnxt - No video player found on page.
2025-09-22 14:36:43 [main] INFO  PlayerControlsSunnxt - Redirected to subscription page.
2025-09-22 14:36:43 [main] INFO  TestBase - Subscription screen detected. Closing browser.
2025-09-22 14:36:43 [main] INFO  TestBase - Applying implicit wait of 10 seconds.
2025-09-22 14:36:43 [main] INFO  TestBase - All browser sessions have been closed.
